{"type":"FeatureCollection","features":[{"type":"Feature","geometry":{"type":"LineString","coordinates":[[27.80787,60.55305],[27.98101,60.64948],[28.14813,60.75771],[28.24394,60.79159],[28.33592,60.85939],[28.48093,60.93347],[28.5264,60.95023],[28.61456,60.96194],[28.68898,61.02739],[28.7976,61.09684],[28.85548,61.11268],[28.98085,61.1681],[29.13009,61.21342],[29.20316,61.2459],[29.3184,61.33843],[29.4634,61.41382],[29.51704,61.47506],[29.63512,61.5111],[29.77914,61.59311],[29.84224,61.66017],[29.97768,61.72817],[30.33957,61.99167],[30.4807,62.06769],[30.60721,62.15127],[30.64772,62.19277],[30.92564,62.30212],[30.98062,62.3588],[31.12335,62.43482],[31.16862,62.47601],[31.24376,62.50334],[31.28406,62.57298],[31.36334,62.65158],[31.44126,62.7887],[31.56952,62.90593],[31.53583,62.91952],[31.48064,62.98634],[31.38034,63.04794],[31.26277,63.10059],[31.22567,63.19604],[31.20397,63.21268],[30.97494,63.28916],[30.82094,63.37567],[30.46107,63.47287],[30.38045,63.53245],[30.24247,63.5818],[30.00115,63.71534],[29.98078,63.74154],[30.05127,63.76376],[30.20155,63.79264],[30.26557,63.83068],[30.32857,63.896],[30.55233,64.02173],[30.58049,64.05108],[30.58643,64.08467],[30.53279,64.16254],[30.55848,64.2197],[30.50344,64.24378],[30.44598,64.25076],[30.37048,64.30083],[30.32113,64.31768],[30.16444,64.34191],[30.05298,64.37809],[30.03246,64.39695],[30.07039,64.47188],[29.9905,64.50418],[29.95484,64.56898],[29.9658,64.57864],[30.13643,64.61539],[30.18082,64.64277],[30.1878,64.66236],[30.17054,64.68169],[30.10915,64.72008],[30.11886,64.76793],[30.06254,64.78416],[29.87785,64.78483],[29.78028,64.79558],[29.69832,64.83914],[29.63362,64.90715],[29.58815,64.99143],[29.59838,65.03438],[29.62732,65.06223],[29.66783,65.07794],[29.82048,65.09365],[29.8502,65.1215],[29.80819,65.1353],[29.83929,65.1669],[29.8332,65.20501],[29.76684,65.21736],[29.6267,65.21522],[29.58009,65.2354],[29.61512,65.2694],[29.72013,65.32909],[29.72633,65.49151],[29.83857,65.56489],[29.70287,65.62938],[29.76426,65.64809],[30.00301,65.67814],[30.0985,65.65638],[30.1139,65.6655],[30.11173,65.71201],[30.07515,65.82281],[29.95846,65.97388],[29.90017,66.10806],[29.65088,66.28789],[29.5697,66.37817],[29.52448,66.49121],[29.40945,66.56847],[29.32222,66.68007],[29.08916,66.83755],[29.05154,66.9078],[29.09991,66.99121],[29.4294,67.23277],[29.49069,67.26298],[29.51983,67.29817],[29.91624,67.50813],[29.95991,67.57159],[29.97768,67.66223],[30.00941,67.68584],[29.71382,67.7925],[29.65119,67.82356],[29.33085,68.07269],[28.72722,68.17269],[28.69032,68.18318],[28.66376,68.204],[28.46098,68.49107],[28.44791,68.52972],[28.71637,68.72795],[28.80148,68.83549],[28.72825,68.86505],[28.64567,68.87166],[28.44424,68.86582],[28.41313,68.88009],[28.41023,68.89853],[28.45623,68.90014],[28.71327,68.96804],[28.83346,68.98447],[28.95408,69.02726],[28.82757,69.09077],[28.85217,69.20353],[29.22925,69.37685],[29.34454,69.46439],[29.20316,69.58599],[29.13122,69.6742],[28.40455,69.80225],[28.37975,69.82235],[28.38119,69.8562],[28.16736,69.89434],[27.92716,70.05327],[27.86691,70.07531],[27.79218,70.05893],[27.66506,70.06828],[27.61256,70.06206],[27.57091,70.04089],[27.56331,70.02358],[27.44523,70.00322],[27.38094,69.97426],[27.33454,69.96862],[27.32317,69.95968],[27.35242,69.9487],[27.3118,69.92948],[27.10034,69.90176],[27.00753,69.92245],[26.9511,69.92015],[26.86459,69.93808],[26.77188,69.92839],[26.70698,69.93506],[26.50069,69.91832],[26.43588,69.87424],[26.44787,69.85605],[26.41873,69.83564],[26.31682,69.79491],[26.19828,69.71544],[26.00511,69.68934],[25.9617,69.65255],[26.00511,69.61084],[26.00397,69.58717],[25.96025,69.54868],[25.88667,69.52087],[25.90641,69.50186],[25.88667,69.45519],[25.8414,69.41778],[25.87737,69.37081],[25.78662,69.31277],[25.73722,69.21821],[25.73412,69.19133],[25.77122,69.13511],[25.75024,69.05925],[25.76585,69.03067],[25.80109,69.01315],[25.79582,68.99331],[25.75386,68.97837],[25.72637,68.94246],[25.62777,68.87414],[25.48106,68.88773],[25.43393,68.88386],[25.20128,68.81265],[25.14961,68.76464],[25.13245,68.64765],[25.11757,68.63767],[24.95179,68.60506],[24.90518,68.55695],[24.87924,68.55483],[24.75418,68.63788],[24.66343,68.66609],[24.3325,68.70862],[24.18687,68.74454],[24.13117,68.77616],[23.92901,68.81621],[23.85263,68.81668],[23.78721,68.79978],[23.73481,68.71545],[23.64158,68.69498],[23.48159,68.68563],[23.19758,68.61803],[23.07149,68.68087],[23.0193,68.68671],[22.85166,68.67571],[22.57013,68.72681],[22.40921,68.71291],[22.37138,68.82262],[22.27722,68.85745],[22.20023,68.90846],[22.16075,68.9561],[22.02308,69.01202],[21.66289,69.26322],[21.63881,69.27138],[21.31356,69.29143],[21.09838,69.2395],[21.06303,69.21495],[21.03358,69.1812],[21.15636,69.08762],[21.099,69.0438],[21.07151,69.03667],[20.7444,69.10436],[20.7166,69.09878],[20.62316,69.03636],[20.10227,69.02214],[20.34111,68.91006],[20.35651,68.80459],[20.33884,68.76547],[20.23662,68.65907],[20.15177,68.60682],[19.96222,68.54119],[20.24593,68.47737],[19.97121,68.35128],[19.93101,68.3502],[19.48174,68.42404],[19.03814,68.50564],[18.70028,68.49561],[18.64458,68.50125],[18.43622,68.57385],[18.16151,68.53019],[18.13567,68.39572],[18.18858,68.19873],[18.16667,68.15848],[17.921,67.97285],[17.89537,67.96965],[17.32145,68.1053],[17.22006,68.04009],[16.78288,67.89699],[16.58724,67.6259],[16.42859,67.53402],[16.36699,67.52167],[16.19956,67.50828],[16.12711,67.42276],[16.43789,67.20032],[16.41557,67.0527],[16.39965,67.03596],[16.31056,67.00992],[16.12566,66.93437],[16.03884,66.88755],[15.66946,66.59942],[15.42627,66.49121],[15.48208,66.34081],[15.48188,66.27487],[15.05338,66.15328],[14.54054,66.12545],[14.64885,65.80239],[14.56069,65.70106],[14.51036,65.46474],[14.51429,65.31808],[14.48214,65.28868],[14.38024,65.24028],[14.31068,65.08414],[13.64276,64.58402],[13.94006,64.49131],[14.06088,64.47663],[14.09695,64.46532],[14.11555,64.44124],[14.16144,64.20544],[14.1478,64.169],[13.96424,64.00953],[13.23411,64.09087],[12.98244,64.05883],[12.75527,63.99139],[12.68189,63.95636],[12.29318,63.65699],[12.1703,63.59813],[12.2198,63.47427],[11.99243,63.2889],[12.2227,63.00148],[12.0933,62.90743],[12.15624,62.73369],[12.09123,62.58631],[12.31427,62.28612],[12.31747,62.23403],[12.16172,61.72484],[12.41648,61.58229],[12.48252,61.56914],[12.55094,61.56691],[12.61378,61.54705],[12.88694,61.3615],[12.83982,61.22699],[12.73915,61.14244],[12.7038,61.0462],[12.68251,61.04033],[12.51177,61.04912],[12.28099,61.01519],[12.25329,61.0017],[12.31323,60.90187],[12.35003,60.79334],[12.377,60.7541],[12.48252,60.65733],[12.59435,60.51494],[12.61265,60.45538],[12.60531,60.41916],[12.57792,60.3759],[12.49172,60.31229],[12.52469,60.1617],[12.48325,60.08124],[12.2906,59.95872],[12.14373,59.89841],[12.1027,59.89397],[11.9422,59.90203],[11.89031,59.89278],[11.84959,59.87242],[11.84298,59.83842],[11.90209,59.78514],[11.89724,59.71398],[11.8284,59.65972],[11.69374,59.6223],[11.67493,59.60711],[11.67741,59.55905],[11.78396,59.36062],[11.81166,59.24967],[11.77559,59.20254],[11.74851,59.14006],[11.74531,59.09216],[11.66438,58.92007],[11.61157,58.89315],[11.54708,58.88473],[11.48259,58.8869],[11.45199,58.89604],[11.45323,58.96048],[11.43814,58.99113],[11.40094,59.02591],[11.35825,59.10027],[11.31681,59.10647],[11.20353,59.09913],[11.1654,59.08864],[11.13201,59.07278],[11.11723,59.05273],[11.08974,58.98131],[11.05429,58.96126],[10.90701,58.93692]]},"properties":{"kind":"country_border"}},{"type":"Feature","geometry":{"type":"LineString","coordinates":[[8.39409,55.09633],[8.46623,55.05886],[8.47677,55.00388],[8.48711,54.99329],[8.54251,54.97344],[8.54912,54.93277],[8.56886,54.91288],[8.69588,54.88998],[8.73278,54.88905],[8.82425,54.9059],[8.90414,54.89794],[8.98269,54.87934],[9.19477,54.8504],[9.21151,54.84182],[9.22639,54.80591],[9.24407,54.80177],[9.33202,54.80322],[9.38504,54.81939],[9.40519,54.80839],[9.43692,54.81014],[9.58565,54.87856],[9.60466,54.85422],[9.67908,54.82751],[9.76042,54.81939],[9.88547,54.83081],[9.92382,54.8241],[10.03875,54.76803]]},"properties":{"kind":"country_border"}},{"type":"Feature","geometry":{"type":"LineString","coordinates":[[104.06768,1.27739],[104.06474,1.39576],[104.05203,1.41627],[104.02603,1.41911],[103.95177,1.40865],[103.84036,1.46151],[103.81023,1.46007],[103.77153,1.44288],[103.69453,1.43578],[103.67582,1.4172],[103.57738,1.27558],[103.59986,1.20587]]},"properties":{"kind":"country_border"}},{"type":"Feature","geometry":{"type":"LineString","coordinates":[[-70.3947,-18.33775],[-70.36939,-18.32473],[-70.31789,-18.32122],[-70.21087,-18.33124],[-70.15907,-18.32597],[-70.06323,-18.2807],[-70.01001,-18.27264],[-69.97034,-18.25063],[-69.86534,-18.14459],[-69.84358,-18.11317],[-69.7831,-17.9816],[-69.78237,-17.94387],[-69.81278,-17.88827],[-69.82904,-17.80383],[-69.85756,-17.73417],[-69.84984,-17.69159],[-69.81805,-17.65914],[-69.72904,-17.66327],[-69.6839,-17.65604],[-69.63832,-17.62606],[-69.51009,-17.50659],[-69.50611,-17.58513],[-69.49712,-17.6214],[-69.47578,-17.65241],[-69.35941,-17.75938],[-69.33424,-17.80579],[-69.32687,-17.91513],[-69.31786,-17.95162],[-69.30241,-17.97621],[-69.26205,-17.96402],[-69.23481,-17.99296],[-69.15771,-18.02572],[-69.14084,-18.03078],[-69.09206,-18.02334],[-69.08172,-18.03998],[-69.08921,-18.08308],[-69.15544,-18.14024],[-69.1412,-18.18685],[-69.10035,-18.23429],[-69.09575,-18.27676],[-69.07929,-18.32803],[-69.07782,-18.39882],[-69.03439,-18.4783],[-69.04284,-18.60047],[-69.03384,-18.64945],[-69.00348,-18.70268],[-69.00317,-18.72955],[-69.01054,-18.74454],[-68.95145,-18.86732],[-68.95984,-18.90784],[-68.98961,-18.94649],[-68.9617,-18.96944],[-68.9085,-19.06793],[-68.84737,-19.09201],[-68.81541,-19.1133],[-68.69846,-19.21562],[-68.66332,-19.2736],[-68.60007,-19.30337],[-68.4932,-19.37696],[-68.45502,-19.4154],[-68.44763,-19.43463],[-68.51021,-19.47163],[-68.63097,-19.64195],[-68.6903,-19.69539],[-68.70322,-19.71554],[-68.70544,-19.73383],[-68.69841,-19.74634],[-68.61888,-19.81341],[-68.56111,-19.84432],[-68.54157,-19.92039],[-68.56493,-19.98136],[-68.57454,-20.03521],[-68.58834,-20.05557],[-68.65288,-20.05423],[-68.77554,-20.08968],[-68.79259,-20.10663],[-68.78947,-20.12585],[-68.75903,-20.14414],[-68.72627,-20.15097],[-68.72947,-20.22869],[-68.71805,-20.26197],[-68.67852,-20.32863],[-68.73515,-20.34754],[-68.75768,-20.36429],[-68.76903,-20.39054],[-68.76541,-20.42123],[-68.72968,-20.47921],[-68.68554,-20.51683],[-68.58333,-20.56303],[-68.48096,-20.62473],[-68.48163,-20.64303],[-68.5502,-20.69905],[-68.57279,-20.74287],[-68.57196,-20.87237],[-68.55511,-20.91392],[-68.51021,-20.94017],[-68.45393,-20.93975],[-68.43207,-20.94503],[-68.41631,-20.9598],[-68.20754,-21.28433],[-68.19374,-21.32846],[-68.19844,-21.57186],[-68.19059,-21.60638],[-68.12837,-21.71232],[-68.1076,-21.78962],[-68.09623,-21.95396],[-68.08274,-21.98031],[-67.99019,-22.05762],[-67.96063,-22.10289],[-67.95717,-22.12459],[-67.9766,-22.15983],[-67.94497,-22.20831],[-67.93479,-22.25172],[-67.95189,-22.33409],[-67.90694,-22.42008],[-67.88968,-22.49118],[-67.85919,-22.5473],[-67.89133,-22.71567],[-67.88709,-22.81871],[-67.87634,-22.83359],[-67.83304,-22.8401],[-67.80358,-22.87865],[-67.77144,-22.88868],[-67.61677,-22.89726],[-67.54711,-22.8925],[-67.1939,-22.82222],[-67.14269,-22.74275],[-67.11324,-22.71009],[-67.03769,-22.65459],[-67.02663,-22.63939],[-67.03273,-22.52457],[-66.97816,-22.5225],[-66.93532,-22.48054],[-66.78509,-22.42762],[-66.79052,-22.38835],[-66.77517,-22.3652],[-66.7561,-22.26825],[-66.7359,-22.22505],[-66.69931,-22.20076],[-66.64138,-22.21254],[-66.62676,-22.1926],[-66.37747,-22.12707],[-66.35323,-22.10961],[-66.33525,-22.08232],[-66.3076,-22.07705],[-66.29716,-22.05028],[-66.28755,-21.95695],[-66.24001,-21.79242],[-66.22246,-21.78694],[-66.13782,-21.81247],[-66.09449,-21.83293],[-66.06359,-21.86404],[-66.04653,-21.91799],[-65.9545,-21.93308],[-65.93269,-21.94455],[-65.80456,-22.08583],[-65.77531,-22.10506],[-65.74461,-22.11405],[-65.60532,-22.09906],[-65.57989,-22.08645],[-65.45734,-22.10144],[-65.02037,-22.09658],[-64.83247,-22.13751],[-64.76232,-22.17441],[-64.72289,-22.1833],[-64.68744,-22.17286],[-64.65778,-22.17844],[-64.59621,-22.20655],[-64.56021,-22.24314],[-64.54277,-22.27549],[-64.54226,-22.29151],[-64.57202,-22.34318],[-64.52456,-22.38535],[-64.53133,-22.42566],[-64.50781,-22.44395],[-64.48373,-22.49118],[-64.42828,-22.54234],[-64.42984,-22.55712],[-64.44942,-22.5871],[-64.45371,-22.64291],[-64.42828,-22.65903],[-64.40172,-22.71236],[-64.36899,-22.72972],[-64.35573,-22.75194],[-64.35232,-22.77913],[-64.35999,-22.803],[-64.34772,-22.81695],[-64.3439,-22.86367],[-64.32529,-22.87194],[-64.32695,-22.85922],[-64.2946,-22.7629],[-64.29398,-22.69086],[-64.25083,-22.54069],[-64.23633,-22.51671],[-64.18471,-22.47124],[-64.16055,-22.43847],[-64.08624,-22.25792],[-64.05102,-22.22918],[-64.00438,-22.09927],[-63.99565,-22.08294],[-63.96811,-22.06651],[-63.94759,-22.0076],[-63.9064,-21.99716],[-63.81313,-22.00305],[-63.74042,-22.05059],[-63.69391,-22.01204],[-63.63939,-21.99747],[-63.01044,-22.00077],[-62.86202,-21.99323],[-62.80435,-22.00408],[-62.78348,-22.1309],[-62.6793,-22.19477],[-62.65899,-22.23167],[-62.62483,-22.24727],[-62.62028,-22.26846],[-62.63268,-22.29595],[-62.62529,-22.30505],[-62.56468,-22.322],[-62.52339,-22.36489],[-62.47057,-22.38184],[-62.43807,-22.41966],[-62.36826,-22.46442],[-62.28723,-22.48395],[-62.28139,-22.51206],[-62.26335,-22.51444],[-62.24118,-22.53842],[-62.23323,-22.5563],[-62.25297,-22.59113],[-62.25281,-22.60363],[-62.21493,-22.6243],[-62.19297,-22.62823],[-62.18765,-22.63857],[-62.19504,-22.6736],[-62.17592,-22.68487],[-62.18827,-22.70833],[-62.1708,-22.71732],[-62.15349,-22.74781],[-62.12615,-22.77571],[-62.11587,-22.7998],[-62.0846,-22.82016],[-62.03582,-22.88486],[-62.00606,-22.93684],[-62.0059,-22.97891],[-61.95645,-23.03441],[-61.84498,-23.09725],[-61.81428,-23.13518],[-61.76927,-23.16556],[-61.75227,-23.18706],[-61.74426,-23.23481],[-61.733,-23.24339],[-61.68031,-23.27925],[-61.60515,-23.28928],[-61.55464,-23.33837],[-61.51606,-23.34498],[-61.52634,-23.37475],[-61.51038,-23.38436],[-61.50107,-23.40782],[-61.45193,-23.41743],[-61.39868,-23.45009],[-61.36178,-23.45474],[-61.29695,-23.48141],[-61.27261,-23.52358],[-61.24292,-23.53308],[-61.2144,-23.55717],[-61.18024,-23.55717],[-61.13949,-23.59272],[-61.10986,-23.60698],[-61.10624,-23.62724],[-61.11885,-23.66641],[-61.09252,-23.70186],[-61.06622,-23.71571],[-61.04999,-23.73473],[-61.03624,-23.76883],[-61.00635,-23.80547],[-60.97483,-23.82407],[-60.93666,-23.81384],[-60.83763,-23.87182],[-60.72929,-23.87213],[-60.68968,-23.89363],[-60.63216,-23.89229],[-60.59462,-23.90655],[-60.57754,-23.94417],[-60.53596,-23.94758],[-60.48488,-23.97735],[-60.42305,-23.98851],[-60.37835,-23.98851],[-60.33737,-24.01641],[-60.21813,-24.02737],[-60.14325,-24.0252],[-60.07238,-24.00484],[-60.03367,-24.00701],[-59.67364,-24.22539],[-59.61052,-24.28958],[-59.53998,-24.3088],[-59.51042,-24.33267],[-59.4659,-24.35355],[-59.45027,-24.38239],[-59.42603,-24.39252],[-59.37777,-24.43355],[-59.34097,-24.4876],[-59.30808,-24.49876],[-59.29506,-24.51292],[-59.27046,-24.51819],[-59.24808,-24.53721],[-59.20648,-24.55023],[-59.11698,-24.59881],[-59.07218,-24.60677],[-59.0327,-24.63705],[-59.00092,-24.64418],[-58.8092,-24.77678],[-58.73747,-24.78278],[-58.70812,-24.79507],[-58.69422,-24.81202],[-58.4734,-24.8513],[-58.43852,-24.8728],[-58.336,-24.99186],[-58.31197,-24.99362],[-58.24251,-24.94173],[-58.22406,-24.94122],[-58.13389,-24.99785],[-58.12402,-25.01294],[-58.11151,-25.01232],[-58.04206,-25.04436],[-58.00046,-25.04436],[-57.98377,-25.07423],[-57.89049,-25.07867],[-57.8707,-25.08529],[-57.81241,-25.14368],[-57.75407,-25.18089],[-57.72177,-25.24611],[-57.70234,-25.27091],[-57.67149,-25.29013],[-57.64079,-25.37261],[-57.56529,-25.43038],[-57.55692,-25.45984],[-57.57532,-25.56443],[-57.61165,-25.58593],[-57.62307,-25.61539],[-57.66808,-25.61229],[-57.67898,-25.64701],[-57.74125,-25.6619],[-57.77458,-25.70169],[-57.76058,-25.71564],[-57.74037,-25.72215],[-57.76792,-25.75068],[-57.82063,-25.77827],[-57.80187,-25.83139],[-57.83324,-25.85878],[-57.87535,-25.87615],[-57.87535,-25.8902],[-57.85241,-25.89795],[-57.85137,-25.90839],[-57.90584,-25.96865],[-57.85959,-25.98095],[-57.85969,-25.99428],[-57.87272,-26.0103],[-57.98821,-26.08854],[-58.0865,-26.12719],[-58.12402,-26.20191],[-58.13322,-26.18899],[-58.1513,-26.18145],[-58.14893,-26.19933],[-58.1066,-26.2261],[-58.10598,-26.23953],[-58.16996,-26.27033],[-58.16763,-26.33503],[-58.21306,-26.41864],[-58.20959,-26.43125],[-58.18541,-26.45172],[-58.20272,-26.47156],[-58.21735,-26.52758],[-58.21337,-26.54453],[-58.18541,-26.56499],[-58.16495,-26.59228],[-58.19228,-26.61284],[-58.17864,-26.65067],[-58.19569,-26.65749],[-58.23554,-26.64985],[-58.2452,-26.68023],[-58.24794,-26.75816],[-58.28794,-26.7686],[-58.27481,-26.79836],[-58.28856,-26.81149],[-58.32333,-26.80384],[-58.34003,-26.8086],[-58.35238,-26.83051],[-58.32215,-26.85676],[-58.31579,-26.87412],[-58.32892,-26.88415],[-58.3747,-26.88756],[-58.39387,-26.90967],[-58.47547,-26.93799],[-58.48369,-26.9506],[-58.48162,-26.96383],[-58.46663,-26.97592],[-58.50136,-27.02367],[-58.51154,-27.06016],[-58.52704,-27.05416],[-58.53603,-27.03618],[-58.54544,-27.04104],[-58.56218,-27.07214],[-58.56549,-27.11597],[-58.61613,-27.12382],[-58.63882,-27.13591],[-58.65329,-27.15627],[-58.6584,-27.18511],[-58.65236,-27.19803],[-58.61401,-27.22666],[-58.60156,-27.24567],[-58.6042,-27.31626],[-58.51076,-27.27844],[-58.23822,-27.25704],[-58.12882,-27.26965],[-58.02196,-27.25983],[-57.70937,-27.3298],[-57.51336,-27.41414],[-57.3867,-27.40349],[-57.33523,-27.40949],[-57.30298,-27.43553],[-57.2371,-27.45424],[-57.1801,-27.48731],[-57.10899,-27.49062],[-57.07623,-27.48401],[-56.97732,-27.43533],[-56.94099,-27.4221],[-56.90435,-27.41869],[-56.86926,-27.4315],[-56.80746,-27.4868],[-56.77116,-27.50674],[-56.73423,-27.50044],[-56.68312,-27.46468],[-56.613,-27.44639],[-56.54644,-27.45507],[-56.46148,-27.55387],[-56.43136,-27.57537],[-56.39973,-27.58684],[-56.36754,-27.58064],[-56.33599,-27.52566],[-56.297,-27.48091],[-56.28532,-27.46096],[-56.27984,-27.38964],[-56.20543,-27.36215],[-56.16889,-27.32474],[-56.12455,-27.2989],[-56.07376,-27.3049],[-55.98485,-27.33228],[-55.91309,-27.32784],[-55.89284,-27.33487],[-55.85416,-27.40122],[-55.75473,-27.4437],[-55.7175,-27.41734],[-55.68171,-27.37941],[-55.65363,-27.36009],[-55.60748,-27.34551],[-55.59133,-27.32836],[-55.58164,-27.30552],[-55.58407,-27.27678],[-55.56867,-27.24598],[-55.59898,-27.18263],[-55.59828,-27.16754],[-55.55534,-27.15379],[-55.53384,-27.09943],[-55.46186,-27.09798],[-55.45131,-27.08207],[-55.44276,-27.01551],[-55.414,-26.97985],[-55.37623,-26.96383],[-55.32941,-26.95846],[-55.2806,-26.93427],[-55.25654,-26.93458],[-55.2012,-26.95546],[-55.13836,-26.9537],[-55.12232,-26.94171],[-55.11888,-26.92001],[-55.13268,-26.88063],[-55.12578,-26.86358],[-55.0609,-26.80518],[-54.97527,-26.78782],[-54.95114,-26.75754],[-54.9199,-26.67413],[-54.90334,-26.65987],[-54.87936,-26.65439],[-54.83497,-26.65439],[-54.81732,-26.66576],[-54.79306,-26.64499],[-54.78035,-26.57522],[-54.78983,-26.52851],[-54.78035,-26.51042],[-54.69766,-26.42815],[-54.6834,-26.35085],[-54.66366,-26.30837],[-54.66433,-26.23623],[-54.63829,-26.19695],[-54.66382,-26.1492],[-54.64253,-26.0628],[-54.66227,-25.97991],[-54.64795,-25.96565],[-54.61524,-25.96172],[-54.6064,-25.94663],[-54.61524,-25.88286],[-54.58956,-25.83294],[-54.5879,-25.81083],[-54.61715,-25.77352],[-54.64315,-25.68794],[-54.64289,-25.66158],[-54.63371,-25.65208],[-54.5985,-25.65383],[-54.58336,-25.64484],[-54.60222,-25.59244],[-54.6002,-25.57494],[-54.56005,-25.57022],[-54.54563,-25.57477],[-54.5323,-25.61063],[-54.51142,-25.60619],[-54.47303,-25.62582],[-54.46057,-25.64205],[-54.44734,-25.68918],[-54.43313,-25.67657],[-54.43742,-25.64505],[-54.40507,-25.61983],[-54.40285,-25.59027],[-54.39541,-25.58107],[-54.34968,-25.58242],[-54.32172,-25.55513],[-54.29924,-25.55265],[-54.28441,-25.55679],[-54.25562,-25.59875],[-54.24369,-25.57756],[-54.19025,-25.58076],[-54.2148,-25.53146],[-54.16509,-25.53436],[-54.11641,-25.49457],[-54.10716,-25.50056],[-54.12597,-25.55203],[-54.12313,-25.57177],[-54.09889,-25.5972],[-54.08576,-25.59058],[-54.08928,-25.55885],[-54.08271,-25.55007],[-54.05538,-25.57074],[-54.03021,-25.56216],[-53.99745,-25.57498],[-53.97828,-25.60701],[-53.96773,-25.65321],[-53.9481,-25.65063],[-53.90996,-25.62924],[-53.89813,-25.63947],[-53.87647,-25.69786],[-53.88345,-25.73559],[-53.84035,-25.7914],[-53.84164,-25.86767],[-53.8296,-25.92131],[-53.83343,-25.96224],[-53.76501,-26.02807],[-53.73338,-26.12636],[-53.66672,-26.21917],[-53.66155,-26.25979],[-53.67323,-26.29255],[-53.71586,-26.34671],[-53.72444,-26.37606],[-53.71292,-26.5005],[-53.73746,-26.5253],[-53.72682,-26.54856],[-53.74237,-26.60055],[-53.73953,-26.67558],[-53.74604,-26.69387],[-53.77173,-26.70369],[-53.77431,-26.71434],[-53.76966,-26.72664],[-53.74785,-26.73914],[-53.75292,-26.77325],[-53.734,-26.77738],[-53.7107,-26.87381],[-53.7125,-26.90451],[-53.76847,-27.02409],[-53.80092,-27.03907],[-53.8049,-27.09437],[-53.82873,-27.11442],[-53.81875,-27.13147],[-53.83002,-27.15679],[-53.84201,-27.16351],[-53.86877,-27.12589],[-53.88221,-27.11989],[-53.9095,-27.16826],[-53.92541,-27.16599],[-53.95089,-27.1478],[-53.96412,-27.154],[-53.96179,-27.19141],[-53.98148,-27.19565],[-54.00515,-27.18821],[-54.01812,-27.21229],[-54.09176,-27.28516],[-54.12819,-27.28888],[-54.15806,-27.27947],[-54.15594,-27.25766],[-54.17702,-27.2434],[-54.2318,-27.35151],[-54.23165,-27.38055],[-54.26126,-27.38871],[-54.28689,-27.4284],[-54.30694,-27.42892],[-54.34771,-27.3943],[-54.34771,-27.43584],[-54.37159,-27.45445],[-54.37872,-27.42272],[-54.3889,-27.41114],[-54.44455,-27.40897],[-54.46083,-27.41259],[-54.46455,-27.42334],[-54.44765,-27.44577],[-54.44838,-27.45889],[-54.46858,-27.47026],[-54.54326,-27.487],[-54.5538,-27.48297],[-54.57054,-27.45569],[-54.58945,-27.45259],[-54.60532,-27.46799],[-54.62591,-27.51532],[-54.63953,-27.52679],[-54.65123,-27.52586],[-54.65619,-27.50726],[-54.66645,-27.50385],[-54.67668,-27.52059],[-54.6772,-27.54178],[-54.69033,-27.55129],[-54.7319,-27.55129],[-54.77394,-27.56379],[-54.79373,-27.54922],[-54.78655,-27.53424],[-54.79223,-27.52318],[-54.80505,-27.52638],[-54.82753,-27.54509],[-54.8451,-27.61185],[-54.89827,-27.62364],[-54.90158,-27.70446],[-54.91321,-27.73691],[-54.933,-27.74384],[-54.98519,-27.78528],[-55.00912,-27.78838],[-55.06431,-27.77102],[-55.08116,-27.77825],[-55.04043,-27.81949],[-55.02581,-27.84016],[-55.02963,-27.8507],[-55.04581,-27.8507],[-55.06772,-27.83933],[-55.09994,-27.84378],[-55.1087,-27.84677],[-55.11924,-27.88088],[-55.1397,-27.87675],[-55.17756,-27.8536],[-55.19774,-27.86062],[-55.22404,-27.8938],[-55.26024,-27.91922],[-55.31411,-27.91499],[-55.32987,-27.92811],[-55.33791,-27.96315],[-55.38093,-27.97824],[-55.38338,-28.01421],[-55.44075,-28.07891],[-55.4755,-28.08635],[-55.49296,-28.07394],[-55.50594,-28.07891],[-55.55348,-28.14557],[-55.57709,-28.14433],[-55.58164,-28.12107],[-55.60474,-28.11694],[-55.62384,-28.14619],[-55.68406,-28.19621],[-55.74794,-28.21574],[-55.77253,-28.23197],[-55.76659,-28.2576],[-55.68722,-28.29006],[-55.6636,-28.32654],[-55.67737,-28.37387],[-55.69424,-28.40013],[-55.70569,-28.40767],[-55.71497,-28.40447],[-55.71884,-28.38452],[-55.7346,-28.36592],[-55.84235,-28.34638],[-55.88736,-28.36333],[-55.9056,-28.37801],[-55.89666,-28.40684],[-55.90204,-28.46513],[-56.01159,-28.49655],[-56.02143,-28.5104],[-56.0219,-28.58575],[-56.04081,-28.609],[-56.103,-28.64807],[-56.18471,-28.74419],[-56.21845,-28.76413],[-56.28615,-28.78015],[-56.29483,-28.79576],[-56.301,-28.88144],[-56.32307,-28.91648],[-56.39162,-28.95224],[-56.41092,-28.9913],[-56.41575,-29.05135],[-56.42797,-29.06985],[-56.5483,-29.10995],[-56.61729,-29.16091],[-56.65067,-29.20907],[-56.65729,-29.2379],[-56.65047,-29.25134],[-56.68865,-29.32958],[-56.76994,-29.37908],[-56.78082,-29.39531],[-56.78343,-29.4258],[-56.79984,-29.43396],[-56.81903,-29.475],[-56.95164,-29.58631],[-56.96579,-29.60088],[-56.97939,-29.63499],[-57.02093,-29.68336],[-57.09416,-29.75198],[-57.13338,-29.77214],[-57.21963,-29.77834],[-57.26257,-29.7926],[-57.29151,-29.81513],[-57.30851,-29.84851],[-57.32515,-29.98101],[-57.41145,-30.03961],[-57.50618,-30.14431],[-57.56865,-30.17655],[-57.63397,-30.18358],[-57.64245,-30.19309],[-57.62374,-30.2581],[-57.63108,-30.29706],[-57.65273,-30.3291],[-57.84962,-30.48527],[-57.87711,-30.51483],[-57.88977,-30.5508],[-57.88579,-30.58986],[-57.81789,-30.71203],[-57.80187,-30.77331],[-57.79613,-30.8684],[-57.80724,-30.90757],[-57.88533,-30.91884],[-57.90398,-30.92969],[-57.91173,-30.94736],[-57.86331,-31.01227],[-57.85525,-31.05898],[-57.89902,-31.12647],[-57.91173,-31.1706],[-57.90512,-31.24099],[-57.93561,-31.29029],[-57.96635,-31.31457],[-57.99023,-31.39932],[-58.06258,-31.44428],[-58.07524,-31.47518],[-57.98682,-31.55415],[-57.97958,-31.59879],[-57.98863,-31.64282],[-58.04888,-31.79713],[-58.05927,-31.81149],[-58.15285,-31.83599],[-58.196,-31.87258],[-58.20262,-31.89314],[-58.1588,-31.94389],[-58.14531,-32.01789],[-58.1588,-32.10155],[-58.18655,-32.15292],[-58.10691,-32.25183],[-58.09653,-32.28097],[-58.10159,-32.31136],[-58.19972,-32.44479],[-58.2067,-32.48696],[-58.16164,-32.78224],[-58.14087,-32.83577],[-58.11105,-32.87546],[-58.09741,-32.93261],[-58.09994,-32.98729],[-58.10986,-33.04186],[-58.15332,-33.08775],[-58.18432,-33.10025],[-58.36426,-33.10645],[-58.38292,-33.12134],[-58.39697,-33.2005],[-58.38044,-33.28763],[-58.38545,-33.30758],[-58.43134,-33.35223],[-58.45149,-33.40132],[-58.45134,-33.48007],[-58.481,-33.55449],[-58.48348,-33.58808],[-58.46116,-33.80036],[-58.42514,-33.91829]]},"properties":{"kind":"country_border"}},{"type":"Feature","geometry":{"type":"LineString","coordinates":[[24.15857,65.79901],[24.11463,65.75294],[24.1938,65.69599],[24.18212,65.66907],[24.19773,65.62415],[24.11701,65.50468]]},"properties":{"kind":"country_border"}},{"type":"Feature","geometry":{"type":"LineString","coordinates":[[24.1631,65.8227],[24.15876,65.79947]]},"properties":{"kind":"country_border"}},{"type":"Feature","geometry":{"type":"LineString","coordinates":[[14.81039,50.85845],[14.86786,50.86439],[14.98206,50.85907],[14.98113,50.90909],[14.99777,50.93017],[14.99663,50.95922],[14.96098,50.99265],[14.99653,51.00784],[15.00397,51.02069],[15.02299,51.00965],[15.07363,51.00262],[15.10795,50.98102],[15.11921,50.98247],[15.14443,51.01156],[15.15611,51.00784],[15.17016,50.97797],[15.22711,50.97741],[15.25378,50.96903],[15.2698,50.95265],[15.25605,50.89989],[15.28778,50.85488],[15.34101,50.83173],[15.3561,50.77545],[15.37026,50.77261],[15.40012,50.79799],[15.44178,50.80021],[15.64187,50.75577],[15.68434,50.73143],[15.79224,50.74269],[15.84816,50.67515],[15.88227,50.67422],[15.94149,50.68838],[15.97146,50.67861],[15.99864,50.63557],[15.982,50.60363],[16.02448,50.60859],[16.08649,50.64678],[16.12866,50.64404],[16.17548,50.62409],[16.19232,50.62658],[16.21909,50.65913],[16.23201,50.66089],[16.30095,50.6551],[16.33164,50.64404],[16.41681,50.58663],[16.4259,50.56756],[16.39448,50.55934],[16.39117,50.52183],[16.35262,50.49278],[16.28772,50.49278],[16.26498,50.47165],[16.21124,50.45129],[16.21796,50.43713],[16.19801,50.44002],[16.19015,50.42416],[16.19956,50.40628],[16.23201,50.40261],[16.2625,50.36442],[16.28865,50.37186],[16.34374,50.36995],[16.35324,50.33352],[16.37102,50.31838],[16.43779,50.29796],[16.53504,50.20774],[16.56667,50.14221],[16.61865,50.10702],[16.66062,50.09302],[16.70123,50.09493],[16.81771,50.18676],[16.88096,50.19156],[16.919,50.21709],[16.95527,50.21347],[16.96034,50.23197],[16.98101,50.22918],[16.99631,50.21291],[17.0084,50.20996],[17.01481,50.21849],[16.98783,50.28494],[16.92654,50.31926],[16.89791,50.37822],[16.86587,50.40845],[16.86577,50.4224],[16.89295,50.43294],[16.95879,50.4146],[16.98194,50.41636],[17.08467,50.39796],[17.1317,50.37682],[17.18761,50.37848],[17.21087,50.33641],[17.26988,50.31776],[17.33747,50.313],[17.31908,50.30825],[17.33406,50.29569],[17.34171,50.25972],[17.35504,50.25326],[17.3659,50.27156],[17.38801,50.27264],[17.40982,50.26133],[17.42419,50.24055],[17.44,50.24272],[17.46935,50.26556],[17.62955,50.2621],[17.68453,50.31238],[17.70799,50.31104],[17.73445,50.28949],[17.71916,50.2528],[17.74758,50.2175],[17.73817,50.20236],[17.67533,50.17472],[17.58945,50.16324],[17.58418,50.14588],[17.63275,50.10635],[17.64836,50.1018],[17.67761,50.10774],[17.73197,50.09488],[17.71947,50.08087],[17.76329,50.02522],[17.83936,49.97364],[17.87574,49.96868],[17.91212,49.97581],[17.94157,49.99276],[18.03242,50.00284],[18.03573,50.01721],[18.0287,50.02413],[18.00689,50.02413],[18.00245,50.04677],[18.03325,50.0418],[18.09164,50.01721],[18.08513,49.99876],[18.09815,49.98904],[18.16202,49.98124],[18.20874,49.9583],[18.25587,49.94605],[18.27261,49.9183],[18.29245,49.90781],[18.33493,49.92543],[18.32852,49.92884],[18.36883,49.93204],[18.4818,49.89665],[18.50505,49.8967],[18.54443,49.91298],[18.55921,49.90719],[18.56727,49.86145],[18.59383,49.8522],[18.56634,49.83158],[18.56675,49.80476],[18.61771,49.71387],[18.63734,49.70033],[18.6824,49.69578],[18.72767,49.66891],[18.77346,49.67583],[18.78844,49.6686],[18.83454,49.54762],[18.8332,49.51026],[18.93221,49.50432],[18.96115,49.49279],[18.95236,49.47595],[18.96228,49.38918],[19.00714,49.3881],[19.0676,49.40613],[19.11659,49.39094],[19.1725,49.40226],[19.18935,49.4422],[19.20899,49.44499],[19.20444,49.46055],[19.2341,49.50721],[19.265,49.52147],[19.33952,49.52876],[19.4376,49.60013],[19.45734,49.59806],[19.47419,49.57873],[19.5052,49.56338],[19.55677,49.45388],[19.5948,49.44158],[19.6348,49.44132],[19.62704,49.40187],[19.70632,49.38753],[19.76006,49.39766],[19.76926,49.39311],[19.78952,49.30919],[19.7797,49.29337],[19.80864,49.2709],[19.7518,49.21906],[19.74777,49.20589],[19.76068,49.19421],[19.832,49.18589],[19.85422,49.19126],[19.9059,49.22278],[19.93794,49.22511],[20.05049,49.17323],[20.07002,49.1831],[20.08604,49.24304],[20.13586,49.30888],[20.16035,49.30562],[20.20717,49.3342],[20.28437,49.33864],[20.31765,49.39161],[20.37047,49.38169],[20.42214,49.38298],[20.42194,49.40019],[20.43754,49.40252],[20.544,49.37084],[20.56766,49.37637],[20.60528,49.40003],[20.68952,49.4005],[20.7783,49.3312],[20.79411,49.32366],[20.8493,49.3205],[20.90056,49.2926],[20.91896,49.29033],[20.96402,49.3081],[21.01725,49.35244],[21.07254,49.3572],[21.08071,49.36634],[21.06851,49.38143],[21.03327,49.39967],[21.05353,49.41445],[21.12494,49.42365],[21.17259,49.39828],[21.19409,49.4006],[21.26054,49.44944],[21.33041,49.42779],[21.42787,49.4098],[21.6199,49.42334],[21.65876,49.40246],[21.69173,49.40215],[21.75757,49.34893],[21.79942,49.37482],[21.81958,49.37725],[21.96448,49.30857],[21.99321,49.27818],[22.01243,49.21105],[22.04075,49.19746],[22.11155,49.18863],[22.15568,49.17152],[22.19795,49.17199],[22.21594,49.14],[22.33944,49.12646],[22.39009,49.09303],[22.50501,49.08341],[22.53964,49.0722],[22.52052,48.99293],[22.449,48.97143],[22.41489,48.91169],[22.41179,48.88777],[22.3689,48.85645],[22.36342,48.78762],[22.33076,48.7564],[22.3289,48.72158],[22.3103,48.68168],[22.29428,48.66762],[22.24322,48.65119],[22.21904,48.62094],[22.15372,48.58587],[22.13873,48.56959],[22.14834,48.50882],[22.13377,48.47684],[22.13284,48.4048],[22.1593,48.40232],[22.20198,48.41816],[22.27185,48.40345],[22.25676,48.35728],[22.29128,48.35757],[22.29872,48.34914],[22.29738,48.314],[22.30813,48.29369],[22.35712,48.2431],[22.37086,48.23739],[22.39453,48.24476],[22.43422,48.23675],[22.48145,48.24259],[22.55576,48.17716],[22.60547,48.09704],[22.69322,48.10177],[22.74572,48.11629],[22.80143,48.09097],[22.85476,48.0473],[22.86158,48.02839],[22.84949,47.99314],[22.83244,47.97893],[22.8776,47.94674],[22.83605,47.90245],[22.7636,47.87475],[22.75285,47.86124],[22.7603,47.83892],[22.75182,47.82768],[22.70386,47.81719],[22.63772,47.77156],[22.56299,47.75722],[22.52847,47.76104],[22.45437,47.78739],[22.42367,47.78256],[22.39587,47.73569],[22.30937,47.73505],[22.27309,47.72375],[22.20787,47.67373],[22.19764,47.63932],[22.17284,47.61539],[22.16209,47.58624],[22.09956,47.57095],[22.00789,47.51741],[21.98887,47.49294],[22.00158,47.39383],[21.98153,47.3661],[21.919,47.34967],[21.86216,47.29742],[21.82361,47.21492],[21.81989,47.17273],[21.77989,47.14074],[21.76377,47.10521],[21.69421,47.06917],[21.63282,47.02269],[21.67137,46.99336],[21.64853,46.94298],[21.58993,46.90887],[21.59179,46.86071],[21.58342,46.84794],[21.5366,46.83502],[21.5029,46.80531],[21.47045,46.74301],[21.50518,46.72325],[21.50177,46.70351],[21.48358,46.68485],[21.43624,46.67374],[21.39604,46.62635],[21.37444,46.61845],[21.31625,46.61664],[21.30095,46.60393],[21.29134,46.54672],[21.24762,46.49747],[21.24514,46.47688],[21.2807,46.41639],[21.25754,46.40417],[21.19564,46.3981],[21.17879,46.38446],[21.16453,46.31826],[21.14448,46.28374],[21.09921,46.27635],[21.05146,46.23609],[21.03348,46.23134],[20.99916,46.2516],[20.96175,46.24834],[20.90656,46.26219],[20.87514,46.25439],[20.83969,46.27108],[20.79866,46.26762],[20.73933,46.23749],[20.74471,46.19227],[20.73665,46.18669],[20.71029,46.18809],[20.69882,46.15646],[20.68352,46.14468],[20.60756,46.12949],[20.58802,46.13284],[20.54896,46.15615],[20.46855,46.17413],[20.44416,46.1469],[20.28324,46.1438],[20.24283,46.10809],[20.18846,46.14039],[20.17048,46.1455],[20.13803,46.13646],[20.09844,46.15496],[20.03498,46.14297],[19.99313,46.15941],[19.92915,46.16354],[19.79045,46.12907],[19.66932,46.1731],[19.54995,46.16416],[19.48752,46.13424],[19.49931,46.10861],[19.47295,46.09869],[19.45373,46.07755],[19.40474,46.06024],[19.3789,46.03368],[19.30697,46.02665],[19.28692,46.01616],[19.26345,45.98143],[19.14801,45.98407],[19.12579,45.99311],[19.11101,46.01295],[19.08848,46.01885],[19.06543,46.01202],[19.04972,45.99311],[19.04858,45.96345],[19.00559,45.96257],[18.98182,45.95079],[18.98874,45.92702],[18.98182,45.92185],[18.88653,45.93043],[18.82834,45.90573],[18.80488,45.91363],[18.77553,45.88283],[18.67434,45.91038],[18.65564,45.90759],[18.633,45.89193],[18.6236,45.86867],[18.57347,45.81669],[18.53027,45.79085],[18.50422,45.78403],[18.4818,45.79142],[18.40439,45.74181],[18.38382,45.7432],[18.36718,45.75819],[18.31767,45.74729],[18.28326,45.76491],[18.26052,45.76511],[18.21122,45.78537],[18.12895,45.78537],[18.08048,45.77173],[17.97537,45.79214],[17.88979,45.79214],[17.85806,45.77173],[17.83822,45.79963],[17.80918,45.81441],[17.65652,45.84542],[17.64578,45.89183],[17.5911,45.93622],[17.51193,45.95394],[17.42667,45.95673],[17.4062,45.94366],[17.39969,45.95993],[17.38915,45.96309],[17.34533,45.9557],[17.33789,45.98464],[17.32714,45.97203],[17.29014,45.98464],[17.29014,45.99146],[17.3168,45.99766],[17.30781,46.00639],[17.27588,46.01202],[17.24859,46.08024],[17.20859,46.11657],[17.10121,46.12819],[17.05294,46.15346],[17.02804,46.18049],[16.97481,46.21057],[16.9407,46.25149],[16.88923,46.29216],[16.87177,46.3272],[16.87507,46.34286],[16.83766,46.38187],[16.82753,46.37402],[16.80789,46.38735],[16.76934,46.39611],[16.75508,46.38187],[16.74288,46.39962],[16.7124,46.41267],[16.65927,46.46419],[16.59426,46.48298],[16.57762,46.47065],[16.5153,46.50171],[16.50083,46.54481],[16.46714,46.5647],[16.43024,46.60439],[16.3764,46.62909],[16.36844,46.64299],[16.4105,46.66837],[16.40502,46.68725],[16.35759,46.69901],[16.35728,46.71583],[16.34343,46.71418],[16.31418,46.74332],[16.29816,46.7758],[16.32751,46.82546],[16.32534,46.83944],[16.30188,46.84321],[16.27201,46.86396],[16.13538,46.85585],[16.09404,46.86277],[16.12287,46.87636],[16.17072,46.91853],[16.22395,46.94106],[16.23294,46.96607],[16.26105,46.97809],[16.2749,47.00432],[16.38776,47.00204],[16.41557,46.98943],[16.48636,46.99855],[16.46755,47.01842],[16.42466,47.02408],[16.49318,47.04914],[16.4937,47.05982],[16.46176,47.0685],[16.45432,47.0817],[16.50951,47.13754],[16.49732,47.14968],[16.44709,47.13971],[16.43365,47.14575],[16.44182,47.17712],[16.41278,47.18717],[16.42135,47.24314],[16.46662,47.26342],[16.47324,47.27681],[16.43882,47.33657],[16.42435,47.3452],[16.43644,47.35851],[16.43396,47.39685],[16.4566,47.41184],[16.48192,47.3923],[16.58941,47.42563],[16.64088,47.45292],[16.63684,47.4932],[16.67736,47.50987],[16.68914,47.53803],[16.68139,47.55056],[16.65059,47.56656],[16.65617,47.58593],[16.63023,47.622],[16.60842,47.62877],[16.57545,47.62495],[16.50962,47.64314],[16.48192,47.63895],[16.4259,47.65428],[16.40781,47.66133],[16.43179,47.68546],[16.43913,47.69048],[16.45453,47.68177],[16.51292,47.706],[16.53111,47.74298],[16.5678,47.75419],[16.60977,47.75063],[16.68986,47.72957],[16.73038,47.6859],[16.79745,47.67546],[16.85016,47.71293],[16.86474,47.68673],[16.90267,47.68203],[17.07537,47.70848],[17.05057,47.73099],[17.04064,47.80111],[17.05563,47.81235],[17.03951,47.83737],[17.00437,47.85238],[17.00406,47.86328],[17.06762,47.88163],[17.08746,47.92263],[17.07413,47.93211],[17.09573,47.95573],[17.0856,47.97015],[17.14834,48.00544],[17.06969,48.03567],[17.07506,48.05208],[17.05914,48.06043],[17.08023,48.09761],[17.04747,48.13099],[17.00716,48.1428],[16.98194,48.1613],[16.95434,48.27313],[16.91662,48.2908],[16.89843,48.31617],[16.90194,48.3394],[16.84448,48.3656],[16.86494,48.45808],[16.91393,48.51934],[16.9469,48.53973],[16.95434,48.5574],[16.94504,48.60417],[16.91052,48.63078],[16.89667,48.69698],[16.87301,48.71899],[16.7989,48.70922],[16.72904,48.7331],[16.67509,48.73393],[16.66196,48.74002],[16.64315,48.77826],[16.51954,48.8056],[16.45308,48.80219],[16.43572,48.79454],[16.38497,48.73708],[16.35831,48.72726],[16.3395,48.73558],[16.17775,48.74653],[16.08535,48.74287],[16.03233,48.75806],[15.93177,48.80643],[15.93032,48.81831],[15.9081,48.81971],[15.89963,48.83475],[15.87575,48.83309],[15.88599,48.84203],[15.83328,48.85201],[15.8185,48.87232],[15.77922,48.87087],[15.72682,48.85495],[15.68135,48.85847],[15.52125,48.90849],[15.45035,48.94482],[15.35785,48.97081],[15.28871,48.97536],[15.27455,48.98673],[15.23807,48.95076],[15.14195,48.93748],[15.14898,48.96533],[15.1374,48.99303],[15.05958,48.99722],[15.00397,49.00977],[14.97886,49.00626],[14.9646,48.97174],[14.96821,48.88503],[14.93814,48.80281],[14.95106,48.78033],[14.93958,48.76281],[14.91933,48.76157],[14.86765,48.77558],[14.80037,48.77651],[14.77536,48.724],[14.72275,48.69341],[14.70384,48.6731],[14.69567,48.58954],[14.67562,48.57624],[14.65919,48.57696],[14.63469,48.60233],[14.60513,48.60032],[14.59418,48.62132],[14.53382,48.60871],[14.48214,48.62447],[14.45817,48.64318],[14.44359,48.63652],[14.42117,48.59706],[14.40535,48.58629],[14.32536,48.55864],[14.21653,48.58117],[14.07483,48.59171],[14.04083,48.60117],[14.01085,48.62587],[14.00806,48.64241],[14.03473,48.66117],[13.99111,48.70018],[13.87495,48.75243],[13.81572,48.76643],[13.72467,48.8673],[13.67336,48.87635],[13.63739,48.89345],[13.61114,48.92725],[13.60866,48.94616],[13.59047,48.94482],[13.51595,48.97024],[13.5021,48.96606],[13.48226,48.93763],[13.42727,48.95996],[13.38417,48.99303],[13.37239,49.03851],[13.29953,49.09365],[13.26728,49.10563],[13.20682,49.10749],[13.1785,49.11835],[13.14946,49.15483],[13.01128,49.26779],[12.99981,49.29493],[12.93986,49.32676],[12.88467,49.33957],[12.87092,49.33673],[12.87537,49.32386],[12.85666,49.32221],[12.77791,49.33255],[12.72933,49.39115],[12.64355,49.42949],[12.62722,49.46019],[12.62298,49.50985],[12.58288,49.5224],[12.5466,49.59558],[12.50195,49.61971],[12.50464,49.6594],[12.49637,49.66999],[12.41958,49.70022],[12.38362,49.74286],[12.3954,49.75789],[12.45266,49.7797],[12.46247,49.83122],[12.48252,49.82724],[12.51291,49.87024],[12.52407,49.90497],[12.46268,49.93127],[12.46816,49.97023],[12.45131,49.98057],[12.41452,49.98305],[12.24688,50.04496],[12.23251,50.08051],[12.18787,50.10283],[12.17918,50.11798],[12.18559,50.1557],[12.17505,50.18262],[12.07955,50.24272],[12.10911,50.26381],[12.11097,50.27662],[12.10725,50.29088],[12.07614,50.31517],[12.14931,50.31171],[12.16854,50.30298],[12.17805,50.26877],[12.23965,50.25657],[12.22993,50.23482],[12.25432,50.2174],[12.27323,50.17234],[12.28336,50.16221],[12.30042,50.16082],[12.31437,50.16733],[12.30868,50.21709],[12.3338,50.24272],[12.33649,50.25859],[12.39819,50.31517],[12.46681,50.34189],[12.47508,50.36943],[12.51022,50.38876],[12.62536,50.39992],[12.69181,50.39465],[12.73791,50.43155],[12.81739,50.44302],[12.91836,50.4054],[12.95257,50.40416],[12.9966,50.43367],[13.00962,50.49268],[13.16011,50.49702],[13.19907,50.52534],[13.23235,50.58203],[13.28465,50.56896],[13.30563,50.57578],[13.32185,50.60239],[13.36878,50.62833],[13.40702,50.60131],[13.42934,50.59433],[13.44794,50.59727],[13.49817,50.62916],[13.49332,50.64321],[13.52329,50.66218],[13.52722,50.67567],[13.51564,50.69102],[13.55657,50.70673],[13.69175,50.71184],[13.77066,50.72461],[13.83453,50.72368],[13.88218,50.74274],[13.87908,50.76352],[13.89252,50.78042],[13.92332,50.77995],[13.95959,50.80207],[14.03494,50.80258],[14.19079,50.84791],[14.23213,50.87938],[14.34655,50.8802],[14.3759,50.89596],[14.38189,50.92087],[14.31833,50.93751],[14.2928,50.95348],[14.30376,50.96971],[14.23833,50.98247],[14.26355,51.02143],[14.28753,51.03683],[14.31936,51.04001],[14.35657,51.03234],[14.3759,51.01699],[14.39781,51.01311],[14.42582,51.02094],[14.46209,51.01965],[14.48214,51.0372],[14.50292,51.00852],[14.5423,50.99875],[14.57433,50.97549],[14.57557,50.95069],[14.55036,50.91209],[14.56183,50.90635],[14.62922,50.92072],[14.63459,50.9094],[14.61185,50.87095],[14.6132,50.84558],[14.64792,50.83938],[14.70043,50.81597],[14.77536,50.81297],[14.81039,50.85845],[14.8105,50.87705],[14.86021,50.91684],[14.91064,50.99265],[14.95529,51.06404],[14.96025,51.10458],[14.97999,51.1228],[14.99136,51.18897],[15.02206,51.23677],[15.01431,51.24266],[15.01948,51.27168],[14.96098,51.33529],[14.94692,51.42291],[14.9554,51.43541],[14.91096,51.46898],[14.73215,51.51582],[14.71004,51.53024],[14.71272,51.56742],[14.74394,51.60664],[14.73246,51.65835],[14.71955,51.67563],[14.64844,51.71721],[14.63418,51.76901],[14.58581,51.80389],[14.58281,51.82508],[14.59594,51.84242],[14.6533,51.87862],[14.68709,51.9119],[14.69908,51.99251],[14.73536,52.05403],[14.7614,52.07667],[14.69639,52.10669],[14.68637,52.12103],[14.70704,52.17945],[14.69257,52.19958],[14.7121,52.21544],[14.71241,52.23591],[14.69691,52.25348],[14.60658,52.27575],[14.58415,52.29123],[14.59015,52.30942],[14.5454,52.38215],[14.53981,52.42187],[14.59159,52.4498],[14.63232,52.49675],[14.60906,52.5178],[14.64482,52.57692],[14.54994,52.63619],[14.4901,52.65064],[14.46137,52.67456],[14.43191,52.68609],[14.3822,52.73815],[14.24867,52.79458],[14.21601,52.81799],[14.15276,52.82833],[14.12392,52.85065],[14.15048,52.86463],[14.16495,52.89566],[14.14449,52.95992],[14.25373,53.00087],[14.34334,53.04862],[14.38954,53.13167],[14.38065,53.18986],[14.44163,53.25184],[14.40329,53.27879],[14.35988,53.44408],[14.30417,53.50852],[14.29704,53.59776],[14.26097,53.65621],[14.2772,53.73512],[14.26345,53.78013],[14.20133,53.87718]]},"properties":{"kind":"country_border"}},{"type":"Feature","geometry":{"type":"LineString","coordinates":[[48.5966,29.93058],[48.56037,29.9575],[48.49304,29.97176],[48.4578,29.99486],[48.42395,30.08364],[48.39558,30.11522],[48.38111,30.14534],[48.38328,30.15645],[48.40803,30.1809],[48.4087,30.20234],[48.39702,30.221],[48.32602,30.28348],[48.30571,30.31283],[48.28427,30.32332],[48.22298,30.3181],[48.20009,30.32394],[48.18768,30.34084],[48.17048,30.40667],[48.13058,30.4475],[48.01359,30.46388],[48.01224,30.98907],[48.00155,30.99465],[47.67293,30.9947],[47.67893,31.40785],[47.83132,31.76184],[47.83448,31.80571],[47.76528,31.8641],[47.75097,31.89821],[47.71841,31.92234],[47.66808,32.01241],[47.63314,32.02694],[47.6178,32.04187],[47.57806,32.10616],[47.54364,32.11458],[47.52669,32.13339],[47.49134,32.14863],[47.50922,32.2138],[47.504,32.22674],[47.40246,32.32351],[47.39595,32.34198],[47.41796,32.37642],[47.41083,32.39528],[47.38412,32.41257],[47.34334,32.45869],[47.26531,32.48468],[47.25125,32.48546],[47.1878,32.45838],[47.15255,32.45518],[47.09059,32.47456],[46.75733,32.7162],[46.71589,32.75601],[46.50732,32.86802],[46.47931,32.89179],[46.37963,32.93176],[46.27343,32.95949],[46.15556,32.94835],[46.09701,32.95432],[46.07572,32.9945],[46.11949,33.03101],[46.12616,33.04798],[46.12042,33.06168],[46.08719,33.07922],[46.04327,33.08346],[46.02931,33.09351],[46.0303,33.10568],[46.0504,33.11511],[46.10538,33.11839],[46.16719,33.16834],[46.1737,33.19022],[46.15768,33.20567],[46.16419,33.24335],[46.1553,33.26022],[46.10952,33.29371],[46.03624,33.36794],[46.01939,33.4384],[45.97443,33.4908],[45.95314,33.49659],[45.92968,33.47951],[45.8994,33.4763],[45.86974,33.48212],[45.85258,33.49436],[45.92792,33.55087],[45.9209,33.57299],[45.88204,33.6002],[45.88596,33.63092],[45.81579,33.6258],[45.75202,33.58676],[45.73455,33.58312],[45.72112,33.64076],[45.67399,33.66903],[45.64515,33.69792],[45.61673,33.76869],[45.57477,33.80393],[45.48578,33.93865],[45.42372,33.93878],[45.40103,33.94945],[45.38036,33.97356],[45.41995,33.99426],[45.45488,34.06986],[45.54454,34.13949],[45.52666,34.17931],[45.54769,34.21649],[45.56102,34.2646],[45.55756,34.31196],[45.54221,34.3316],[45.52154,34.3425],[45.49922,34.3424],[45.47927,34.32915],[45.46077,34.34046],[45.41705,34.44436],[45.42677,34.45751],[45.47927,34.46725],[45.50345,34.49417],[45.50066,34.59169],[45.57394,34.5673],[45.70153,34.55128],[45.70856,34.57908],[45.69445,34.59856],[45.68763,34.65323],[45.66686,34.68998],[45.62737,34.72083],[45.66282,34.76325],[45.66675,34.80692],[45.67657,34.81829],[45.71771,34.82511],[45.7454,34.84098],[45.75512,34.90996],[45.77827,34.91089],[45.83501,34.89017],[45.8502,34.90681],[45.86896,34.96836],[45.85702,35.02127],[45.87248,35.04143],[45.89909,35.04691],[45.8994,35.06861],[45.9132,35.08732],[46.00921,35.06091],[46.06657,35.08882],[46.09453,35.08582],[46.13236,35.09476],[46.15106,35.1116],[46.13039,35.1314],[46.16548,35.18995],[46.16925,35.21625],[46.15416,35.22664],[46.11541,35.22633],[46.10145,35.23428],[46.09877,35.25005],[46.1274,35.28906],[46.12016,35.31852],[46.04099,35.38156],[45.97702,35.46533],[45.96399,35.49417],[45.96606,35.51148],[45.98456,35.53106],[45.95934,35.57871],[45.99924,35.57215],[45.99237,35.64087],[46.00379,35.67426],[46.03707,35.69157],[46.10704,35.68981],[46.17773,35.71539],[46.23788,35.71555],[46.26713,35.74412],[46.31338,35.77151],[46.32707,35.8035],[46.30299,35.82655],[46.28139,35.82831],[46.22744,35.80572],[46.16352,35.79751],[46.1291,35.81554],[46.11505,35.84644],[46.06042,35.85724],[46.00492,35.83797],[45.94126,35.84035],[45.90911,35.8313],[45.87832,35.83523],[45.83475,35.81053],[45.81419,35.80934],[45.78674,35.82024],[45.74902,35.81099],[45.73104,35.81513],[45.71874,35.82831],[45.69321,35.87988],[45.64686,35.93321],[45.61704,35.95543],[45.57694,35.96623],[45.53999,35.99398],[45.47927,36.01201],[45.45312,36.01165],[45.35959,35.97687],[45.33809,35.9793],[45.32021,35.99408],[45.3137,36.01041],[45.31959,36.03103],[45.34419,36.06746],[45.34832,36.08751],[45.3046,36.14038],[45.29737,36.22673],[45.26419,36.25019],[45.25851,36.26223],[45.28269,36.27489],[45.25701,36.31169],[45.25448,36.35478],[45.23887,36.403],[45.2213,36.42093],[45.19598,36.42243],[45.13996,36.40439],[45.11082,36.40253],[45.08374,36.41282],[45.07227,36.42341],[45.06209,36.45535],[45.03909,36.47984],[45.03816,36.494],[44.99139,36.53374],[44.99341,36.54966],[45.01325,36.55792],[45.04591,36.66805],[44.9962,36.74169],[44.95475,36.75233],[44.92271,36.7759],[44.87724,36.77646],[44.83125,36.79192],[44.82339,36.80933],[44.83414,36.83403],[44.88344,36.88685],[44.88882,36.91093],[44.86918,36.96736],[44.88737,37.01593],[44.8406,37.0472],[44.8019,37.04353],[44.78836,37.07024],[44.76655,37.07895],[44.7527,37.10332],[44.76614,37.14192],[44.75384,37.15915],[44.73379,37.16724],[44.62893,37.17902],[44.57824,37.16641],[44.45442,37.07634],[44.34311,37.04244],[44.30663,36.97723],[44.28482,36.96917],[44.23428,36.98366],[44.18002,37.08761],[44.18922,37.12921],[44.20596,37.14662],[44.24012,37.15797],[44.24834,37.16967],[44.235,37.23677],[44.22317,37.25406],[44.18447,37.27917],[44.08804,37.31116],[44.03559,37.31824],[43.99037,37.3125],[43.95378,37.28747],[43.89363,37.22491],[43.83999,37.21711],[43.8094,37.19969],[43.77064,37.22584],[43.74692,37.23065],[43.59422,37.22946],[43.52952,37.2539],[43.4796,37.24336],[43.33615,37.32023],[43.30566,37.31997],[43.28752,37.30914],[43.27031,37.30868],[43.11481,37.37113],[43.0435,37.36025],[42.93705,37.32015],[42.81406,37.34682],[42.80114,37.36909],[42.77158,37.3749],[42.71567,37.35529],[42.70233,37.32535],[42.57697,37.17923],[42.56126,37.14662],[42.54524,37.14089],[42.35724,37.10998],[42.35455,37.15241],[42.33533,37.17117],[42.35321,37.22703],[42.3467,37.23977],[42.30577,37.26455],[42.29202,37.28506],[42.26722,37.27452],[42.22319,37.28814],[42.22257,37.31395],[42.2112,37.32491],[42.17854,37.3063],[42.12831,37.25328],[42.05297,37.19665],[42.00925,37.17561],[41.47977,37.07557],[41.20134,37.06497],[41.13509,37.08425],[40.89645,37.1227],[40.70897,37.10048],[40.52572,37.02588],[40.41389,37.00402],[40.19014,36.88442],[40.07924,36.85486],[39.97981,36.80695],[39.76525,36.74215],[39.2396,36.66128],[39.18586,36.65952],[39.03217,36.70117],[38.79539,36.68665],[38.72501,36.69394],[38.66413,36.71952],[38.52936,36.83372],[38.47996,36.85574],[38.28989,36.9017],[38.22426,36.90839],[38.19005,36.90553],[38.12297,36.88462],[38.00794,36.82576],[37.81974,36.76055],[37.65406,36.73213],[37.59339,36.71053],[37.44612,36.6342],[37.40447,36.63446],[37.24189,36.65859],[37.15611,36.64391],[37.10443,36.65099],[37.05307,36.61994],[37.01452,36.64226],[37.01844,36.70665],[36.9647,36.75383],[36.92594,36.76897],[36.84367,36.77584],[36.63986,36.82809],[36.64327,36.80365],[36.60327,36.74696],[36.5947,36.68582],[36.56927,36.62014],[36.56534,36.5325],[36.53124,36.47901],[36.55273,36.40817],[36.5857,36.38703],[36.59335,36.37349],[36.59428,36.35711],[36.57764,36.33287],[36.58777,36.32481],[36.63707,36.3168],[36.64865,36.3059],[36.66911,36.25986],[36.66425,36.229],[36.59346,36.2181],[36.48018,36.22554],[36.46892,36.22239],[36.45073,36.19991],[36.39812,36.20823],[36.373,36.22761],[36.36143,36.21815],[36.37579,36.20451],[36.35864,36.16699],[36.35802,35.99398],[36.33673,35.98824],[36.29735,36.00075],[36.27751,35.99424],[36.26903,35.95874],[36.22903,35.96117],[36.19689,35.95171],[36.17488,35.92267],[36.16878,35.85208],[36.15762,35.82257],[36.1385,35.81978],[36.05075,35.86541],[36.00393,35.86918],[35.99236,35.87735],[35.99277,35.91528],[35.98026,35.92685],[35.91131,35.91775]]},"properties":{"kind":"country_border"}},{"type":"Feature","geometry":{"type":"LineString","coordinates":[[92.26515,21.0611],[92.22427,21.09318],[92.21177,21.12352],[92.18831,21.14409],[92.17497,21.17561],[92.1852,21.24041],[92.17828,21.29973],[92.21156,21.35487],[92.23626,21.41709],[92.28453,21.41906],[92.32266,21.4619],[92.3547,21.45182],[92.36793,21.43544],[92.37424,21.40231],[92.38964,21.37653],[92.42312,21.36366],[92.46539,21.35983],[92.49867,21.3666],[92.52451,21.36113],[92.54394,21.32092],[92.55872,21.25984],[92.57061,21.24728],[92.59086,21.24888],[92.61433,21.26315],[92.64285,21.29844],[92.59273,21.47016],[92.57557,21.73397],[92.59304,21.88693],[92.55996,22.06134],[92.53733,22.12862],[92.54932,22.13849],[92.57557,22.1433],[92.57702,22.16867],[92.51738,22.51258],[92.50084,22.56054],[92.49588,22.69562],[92.48069,22.72616],[92.44204,22.76293],[92.42633,22.87106],[92.41186,22.88793],[92.37868,22.90044],[92.35987,22.92661],[92.35222,22.96033],[92.35305,23.02991],[92.32762,23.17143],[92.33269,23.22626],[92.35749,23.27894],[92.34706,23.31543],[92.34861,23.35411],[92.32669,23.37527],[92.32535,23.40351],[92.30148,23.4318],[92.29104,23.49529],[92.2528,23.60931],[92.25001,23.64261],[92.26169,23.68512],[92.25931,23.70649],[92.23874,23.71685],[92.2221,23.70778],[92.20939,23.66161],[92.1943,23.64814],[92.15079,23.73165],[92.10841,23.71824],[92.05963,23.65949],[92.04237,23.64556],[92.01901,23.64006],[92.00351,23.64742],[91.93664,23.72354],[91.92269,23.72297],[91.91442,23.68832],[91.91597,23.65016],[91.94233,23.53443],[91.94078,23.49518],[91.90512,23.44663],[91.81768,23.40092],[91.76259,23.32155],[91.74368,23.27233],[91.74916,23.23241],[91.79556,23.0895],[91.77624,23.06526],[91.75598,23.06154],[91.75505,23.04823],[91.73831,23.02467],[91.70699,22.99537],[91.64694,22.97658],[91.61666,22.97806],[91.6024,22.95297],[91.58607,22.94447],[91.57677,22.96881],[91.53656,22.98185],[91.52364,22.99521],[91.51817,23.03508],[91.50328,23.04441],[91.4636,23.18412],[91.44644,23.19789],[91.43993,23.22352],[91.43652,23.21486],[91.41357,23.24863],[91.39435,23.26266],[91.37213,23.26189],[91.35569,23.22414],[91.3559,23.17965],[91.37461,23.09572],[91.37089,23.06278],[91.3374,23.07107],[91.31353,23.10105],[91.3005,23.14231],[91.27725,23.30326],[91.26578,23.32935],[91.28728,23.35555],[91.25813,23.37364],[91.22733,23.46878],[91.19508,23.49518],[91.16987,23.56197],[91.14082,23.6121],[91.13969,23.65357],[91.16646,23.65409],[91.17524,23.67031],[91.16894,23.68538],[91.13659,23.69889],[91.13235,23.72065],[91.14175,23.7399],[91.19498,23.75517],[91.20521,23.77157],[91.22816,23.84498],[91.21276,23.88074],[91.21627,23.90839],[91.25038,23.96404],[91.27415,23.98823],[91.29162,23.99482],[91.32707,23.98787],[91.33905,23.99523],[91.35084,24.07424],[91.36303,24.09985],[91.40458,24.10313],[91.51755,24.0852],[91.58183,24.0961],[91.60602,24.11886],[91.62906,24.21532],[91.6395,24.2117],[91.66617,24.15592],[91.70368,24.14295],[91.72115,24.14899],[91.73262,24.16431],[91.72301,24.22098],[91.73293,24.23428],[91.80704,24.22113],[91.81375,24.18312],[91.84424,24.15532],[91.8645,24.15059],[91.87711,24.15804],[91.90595,24.26064],[91.89985,24.33805],[91.92186,24.34451],[91.97219,24.31606],[91.97137,24.32968],[91.94884,24.36353],[91.94997,24.37539],[92.06273,24.37102],[92.08826,24.38164],[92.10759,24.40598],[92.11089,24.51429],[92.1636,24.5592],[92.18293,24.64726],[92.23378,24.77753],[92.23502,24.82476],[92.21766,24.87458],[92.22303,24.89138],[92.25218,24.90298],[92.29042,24.8913],[92.35832,24.85365],[92.36359,24.84102],[92.38075,24.8367],[92.47769,24.86391],[92.49454,24.89486],[92.48379,24.92822],[92.44979,24.94644],[92.45806,24.95328],[92.45403,24.95812],[92.41227,24.98739],[92.38695,24.99509],[92.38106,25.02343],[92.32814,25.04801],[92.30354,25.07428],[92.23368,25.08496],[92.20805,25.09811],[92.1727,25.13196],[92.15099,25.12973],[92.11616,25.13945],[92.09291,25.16472],[92.034,25.18167],[92.00175,25.18296],[91.95628,25.16978],[91.90057,25.17759],[91.7937,25.16534],[91.73014,25.16746],[91.71071,25.14467],[91.67743,25.15263],[91.66203,25.1272],[91.63867,25.12405],[91.5962,25.12891],[91.56612,25.15996],[91.54876,25.1611],[91.52344,25.14518],[91.48075,25.13526],[91.43187,25.13795],[91.28397,25.17898],[91.2357,25.20193],[91.19085,25.18947],[91.13535,25.19123],[90.82198,25.14229],[90.79397,25.14539],[90.75397,25.16756],[90.73795,25.16942],[90.70767,25.15299],[90.62344,25.17144],[90.58334,25.16203],[90.50138,25.1688],[90.39978,25.14901],[90.36464,25.14999],[90.28692,25.18007],[90.13008,25.21159],[89.90813,25.29691],[89.8702,25.29556],[89.8346,25.28244],[89.81904,25.28497],[89.80737,25.3045],[89.79501,25.37416],[89.82323,25.48914],[89.83439,25.63477],[89.80153,25.72468],[89.78313,25.81445],[89.78695,25.83915],[89.83005,25.90798],[89.83439,25.93175],[89.79202,25.94911],[89.82561,25.9657],[89.82866,25.9794],[89.81413,25.99614],[89.78943,25.98798],[89.75584,26.03242],[89.74985,26.08389],[89.72877,26.11417],[89.71848,26.14554],[89.70654,26.15417],[89.67037,26.15412],[89.6558,26.1613],[89.65301,26.22269],[89.63492,26.22584],[89.61332,26.21938],[89.6064,26.21101],[89.61441,26.16419],[89.58676,26.1692],[89.56278,26.14259],[89.5694,26.13009],[89.60423,26.12073],[89.56691,26.09898],[89.56702,26.08709],[89.60386,26.08466],[89.61136,26.07221],[89.60288,26.05526],[89.55916,26.02224],[89.5417,25.95971],[89.51818,25.96209],[89.49534,25.99506],[89.48563,25.99872],[89.41127,25.99319],[89.39142,26.01547],[89.37974,26.01531],[89.35148,25.99686],[89.3353,25.99857],[89.29691,26.01815],[89.27298,26.04348],[89.23763,26.0581],[89.21262,26.09898],[89.13159,26.13375],[89.11919,26.14662],[89.10338,26.22517],[89.06943,26.28739],[89.06886,26.31426],[89.0948,26.30951],[89.10353,26.31369],[89.10291,26.32733],[89.05521,26.34702],[89.05728,26.36263],[89.04374,26.38108],[89.01088,26.39017],[88.94101,26.43942],[88.91197,26.42123],[88.89125,26.38578],[88.89187,26.36878],[88.91243,26.34894],[88.96602,26.32847],[88.98173,26.29183],[89.00798,26.29716],[89.00437,26.27571],[89.03434,26.26579],[89.03971,26.24718],[89.01945,26.23447],[88.97532,26.22434],[88.94685,26.23292],[88.90272,26.27292],[88.87579,26.27736],[88.85564,26.26512],[88.84065,26.23204],[88.82484,26.22657],[88.80799,26.23344],[88.78402,26.27995],[88.74795,26.2925],[88.6634,26.26444],[88.64583,26.27602],[88.70299,26.30966],[88.71224,26.32826],[88.70971,26.34062],[88.66743,26.36816],[88.66852,26.38573],[88.65224,26.39152],[88.65627,26.41513],[88.61152,26.43084],[88.59116,26.46123],[88.52682,26.47539],[88.46238,26.52882],[88.41102,26.5451],[88.39789,26.55869],[88.39438,26.61801],[88.38528,26.62354],[88.35283,26.57869],[88.31386,26.48154],[88.31511,26.46505],[88.32255,26.45177],[88.33562,26.44821],[88.34301,26.4772],[88.35355,26.48459],[88.46114,26.45389],[88.49546,26.37808],[88.49763,26.35271],[88.44864,26.35343],[88.43169,26.36222],[88.41381,26.3402],[88.36678,26.31343],[88.3366,26.28181],[88.33454,26.2308],[88.32627,26.21592],[88.21888,26.18016],[88.1638,26.14047],[88.13992,26.08533],[88.15641,26.06141],[88.15103,26.03133],[88.12587,26.0134],[88.08804,25.92322],[88.0744,25.90814],[88.08757,25.83098],[88.12773,25.77491],[88.22746,25.80427],[88.25991,25.78902],[88.32027,25.72525],[88.39298,25.68076],[88.41944,25.65378],[88.42378,25.59224],[88.47541,25.56258],[88.48559,25.54263],[88.51277,25.52371],[88.53029,25.5002],[88.59359,25.49509],[88.66635,25.46289],[88.70619,25.49168],[88.74257,25.49519],[88.74195,25.51276],[88.77234,25.50196],[88.81492,25.4586],[88.81631,25.43721],[88.79962,25.39561],[88.81037,25.38843],[88.81833,25.35964],[88.842,25.33282],[88.88019,25.32347],[88.90287,25.30342],[88.97532,25.30264],[88.98493,25.28497],[88.97532,25.26523],[88.92907,25.22942],[88.92788,25.19273],[88.90964,25.18916],[88.92416,25.16787],[88.89864,25.16932],[88.81709,25.19681],[88.80252,25.18813],[88.78422,25.16095],[88.72454,25.16648],[88.63426,25.19226],[88.59912,25.19314],[88.55938,25.17076],[88.47541,25.1951],[88.4413,25.18973],[88.43148,25.17304],[88.43417,25.11666],[88.4258,25.05106],[88.41412,25.02152],[88.39102,24.99509],[88.37567,24.94561],[88.32275,24.87468],[88.31361,24.8683],[88.24276,24.8806],[88.23284,24.91827],[88.20245,24.9453],[88.16452,24.94111],[88.11491,24.91641],[88.14096,24.84458],[88.10778,24.8011],[88.09481,24.80311],[88.08825,24.79614],[88.07698,24.76118],[88.05321,24.75498],[88.04845,24.71121],[88.02716,24.67573],[88.02179,24.6456],[88.05724,24.6341],[88.08184,24.59987],[88.08602,24.53672],[88.10995,24.50099],[88.13879,24.49525],[88.4013,24.36942],[88.47541,24.31547],[88.63452,24.29413],[88.66015,24.33826],[88.71456,24.31542],[88.73751,24.2871],[88.7464,24.21408],[88.73162,24.18984],[88.69379,24.17532],[88.67808,24.15429],[88.68299,24.12429],[88.6741,24.08264],[88.70092,24.04365],[88.725,24.03838],[88.72547,24.0289],[88.70159,23.99528],[88.71436,23.9644],[88.71415,23.92516],[88.65312,23.86978],[88.59359,23.86692],[88.57762,23.85516],[88.57752,23.81852],[88.55271,23.77498],[88.56119,23.74101],[88.54155,23.63876],[88.56636,23.62874],[88.5617,23.60202],[88.57142,23.59233],[88.60925,23.58879],[88.64764,23.53508],[88.70464,23.49518],[88.71942,23.4681],[88.75684,23.4988],[88.77017,23.48883],[88.76789,23.46728],[88.71927,23.34829],[88.68594,23.29331],[88.69658,23.25235],[88.71002,23.24122],[88.7757,23.22163],[88.82267,23.23796],[88.91807,23.20858],[88.95998,23.20269],[88.9547,23.18381],[88.86479,23.10027],[88.8513,23.07513],[88.83879,22.97581],[88.89347,22.87964],[88.90515,22.86643],[88.94452,22.84801],[88.93688,22.78233],[88.90814,22.74078],[88.95641,22.58498],[88.95031,22.56198],[88.92799,22.54813],[88.97098,22.52793],[89.0025,22.42799],[88.98948,22.39667],[89.00152,22.33368],[89.02354,22.29482],[89.00912,22.28562],[89.06229,22.21157],[89.0762,22.17503],[89.07816,22.15085],[89.05506,22.11731],[89.04891,22.07886],[89.07247,22.0168],[89.07496,21.95716],[89.06999,21.93608],[89.02648,21.91623],[89.04023,21.78963],[89.1072,21.69625],[89.13381,21.64581]]},"properties":{"kind":"country_border"}},{"type":"Feature","geometry":{"type":"LineString","coordinates":[[-92.24626,14.54628],[-92.2261,14.54935],[-92.20806,14.57051],[-92.1608,14.6835],[-92.17938,14.75158],[-92.19165,14.8353],[-92.16602,14.87082],[-92.15468,14.9008],[-92.15422,14.99593],[-92.14236,15.00748],[-92.10383,15.01787],[-92.07381,15.07371],[-92.20336,15.23716],[-92.21129,15.27207],[-91.73985,16.06098],[-91.72378,16.06879],[-90.48574,16.0707],[-90.44814,16.07928],[-90.43742,16.09886],[-90.43448,16.10718],[-90.45559,16.09974],[-90.45949,16.1168],[-90.4353,16.13628],[-90.44814,16.15442],[-90.42613,16.16315],[-90.46181,16.18914],[-90.46558,16.20811],[-90.4585,16.22175],[-90.43448,16.23632],[-90.45783,16.24914],[-90.45943,16.25906],[-90.44814,16.2711],[-90.42768,16.26361],[-90.4413,16.28536],[-90.43448,16.29156],[-90.41406,16.28784],[-90.41401,16.29839],[-90.44489,16.30836],[-90.40468,16.33151],[-90.39879,16.34758],[-90.40719,16.36045],[-90.42081,16.35301],[-90.41822,16.36717],[-90.40874,16.37234],[-90.37985,16.36727],[-90.39138,16.38598],[-90.39492,16.41921],[-90.42081,16.41512],[-90.44437,16.4268],[-90.47584,16.43073],[-90.4823,16.45605],[-90.49775,16.46804],[-90.50892,16.47109],[-90.53289,16.45993],[-90.54372,16.49021],[-90.58472,16.48024],[-90.60467,16.48618],[-90.63309,16.48334],[-90.61206,16.50762],[-90.61263,16.51811],[-90.64818,16.52959],[-90.63377,16.59217],[-90.64736,16.60007],[-90.65361,16.5901],[-90.6672,16.587],[-90.65402,16.61661],[-90.66772,16.65258],[-90.73531,16.74658],[-90.80037,16.78683],[-90.79696,16.80544],[-90.8106,16.81293],[-90.83174,16.80544],[-90.91907,16.83634],[-90.94816,16.86471],[-90.96889,16.87437],[-90.95276,16.89091],[-90.95519,16.89876],[-90.98625,16.90109],[-90.98325,16.87861],[-90.99307,16.87437],[-91.01669,16.89484],[-91.05493,16.90801],[-91.06687,16.91819],[-91.07694,16.94951],[-91.11224,16.99049],[-91.12655,17.0246],[-91.1712,17.02801],[-91.20675,17.06537],[-91.22959,17.114],[-91.25921,17.12433],[-91.27951,17.18009],[-91.29042,17.18908],[-91.36488,17.18975],[-91.37295,17.21358],[-91.4425,17.23797],[-91.43826,17.25368],[-91.43077,17.25497],[-90.99199,17.25192],[-90.9909,17.80196],[-90.98284,17.81054],[-90.96222,17.81602],[-89.1605,17.81431],[-89.16137,17.90144],[-89.15393,17.94108],[-89.13257,17.97027],[-89.04944,17.99921],[-89.02802,17.99208],[-88.97976,17.94945],[-88.94702,17.94847],[-88.9333,17.92035],[-88.88033,17.88847],[-88.86537,17.89901],[-88.85641,17.92831],[-88.79594,17.9756],[-88.77688,18.02376],[-88.73639,18.05192],[-88.72665,18.06673],[-88.71771,18.11003],[-88.68952,18.16124],[-88.69662,18.17806],[-88.62704,18.22031],[-88.61699,18.23543],[-88.60771,18.28338],[-88.5548,18.35221],[-88.52782,18.45415],[-88.48925,18.48451],[-88.45963,18.47572],[-88.41323,18.49076],[-88.39078,18.4757],[-88.37145,18.48179],[-88.29502,18.47991],[-88.27985,18.46849],[-88.27458,18.43017],[-88.26515,18.4165],[-88.24792,18.41283],[-88.03863,18.41588],[-88.0408,18.19486],[-88.03328,18.18359],[-87.96008,18.18106],[-87.92791,18.1661],[-87.90096,18.18106],[-87.88608,18.21248],[-87.87698,18.21248],[-87.86954,18.20669],[-87.86688,18.1807],[-87.82463,18.18096]]},"properties":{"kind":"country_border"}},{"type":"Feature","geometry":{"type":"LineString","coordinates":[[-68.64191,-54.78369],[-68.64234,-54.85365],[-68.664,-54.91349],[-68.2589,-54.87691],[-68.05514,-54.87866],[-67.72803,-54.89965],[-67.40619,-54.90295],[-67.20259,-54.91866],[-66.85294,-54.99525],[-66.52128,-55.10811],[-66.42873,-55.12092]]},"properties":{"kind":"country_border"}},{"type":"Feature","geometry":{"type":"LineString","coordinates":[[76.77735,35.64611],[77.04897,35.11044],[77.02313,35.08633],[77.03523,35.0345],[77.02861,35.00339],[77.01311,34.98639],[76.92112,34.92071],[76.8526,34.94335],[76.78201,34.93089],[76.75762,34.91513],[76.74956,34.89208],[76.75328,34.83834],[76.74387,34.81927],[76.63959,34.74114],[76.53582,34.7262],[76.4765,34.75778],[76.43816,34.76289],[76.26204,34.68465],[76.15497,34.66166],[76.12179,34.66088],[76.05833,34.68341],[76.0234,34.67716],[75.97338,34.62233],[75.93927,34.61205],[75.87395,34.57138],[75.79582,34.50792],[75.71365,34.50851],[75.65557,34.49697],[75.61164,34.49836],[75.34809,34.55722],[75.26748,34.5983],[75.23689,34.63189],[75.21291,34.64497],[75.01778,34.62972],[74.66493,34.68832],[74.41213,34.76449],[74.34888,34.77343],[74.28583,34.76889],[74.22175,34.74775],[74.12088,34.69086],[73.96223,34.66817],[73.91934,34.64254],[73.92596,34.56497],[73.91097,34.54497],[73.86312,34.51707],[73.847,34.49433],[73.84038,34.44441],[73.79625,34.41855],[73.77982,34.39607],[73.77486,34.37095],[73.78271,34.34682],[73.80421,34.32749],[73.8533,34.30742],[73.93774,34.30421],[73.95438,34.28718],[73.99055,34.21851],[73.99541,34.17644],[73.91686,34.13526],[73.8933,34.11474],[73.88441,34.0842],[73.89371,34.0543],[73.91624,34.02795],[73.9458,34.00979],[73.9767,34.00459],[74.04502,34.01942],[74.1184,34.00253],[74.22837,34.01289],[74.25968,33.99439],[74.27229,33.96214],[74.26247,33.92995],[74.23953,33.90101],[74.17752,33.85755],[74.14228,33.84424],[74.03458,33.82861],[74.01133,33.81047],[73.96616,33.73453],[73.96079,33.69229],[73.9767,33.64839],[74.02425,33.61425],[74.08812,33.58529],[74.14155,33.54937],[74.15778,33.49424],[74.13628,33.41801],[74.09597,33.32848],[74.072,33.30228],[74.00172,33.27017],[73.99179,33.25257],[73.98849,33.20862],[74.00234,33.17769],[74.09845,33.10483],[74.15385,33.04018],[74.19085,33.02209],[74.28397,33.00881],[74.31126,32.99429],[74.32201,32.97205],[74.33668,32.87014],[74.33379,32.84926],[74.3065,32.80991],[74.32934,32.77642],[74.34619,32.76689],[74.36769,32.76353],[74.41895,32.78461],[74.43869,32.78598],[74.50091,32.74601],[74.57377,32.75255],[74.61408,32.7704],[74.63589,32.82208],[74.65356,32.83743],[74.67175,32.84058],[74.68529,32.83123],[74.68229,32.78733],[74.64974,32.72315],[74.65604,32.64067],[74.62958,32.58809],[74.66255,32.49838],[74.68932,32.47135],[74.72498,32.46081],[74.83815,32.47487],[74.90698,32.44518],[75.02367,32.46626],[75.05488,32.45554],[75.12599,32.41174],[75.19616,32.3973],[75.23017,32.3802],[75.32691,32.31247],[75.35295,32.28439],[75.35905,32.26168],[75.31657,32.21075],[75.29466,32.14889],[75.24991,32.14889],[75.19575,32.12863],[75.17312,32.10972],[75.17415,32.08683],[75.13839,32.09349],[75.10211,32.07809],[75.04082,32.09799],[75.02263,32.09468],[75.03018,32.06642],[74.98615,32.06321],[74.95566,32.03221],[74.8891,32.0289],[74.87319,32.01169],[74.82864,32.02544],[74.78368,31.94286],[74.76301,31.93898],[74.69842,31.95025],[74.66999,31.90415],[74.55042,31.827],[74.53512,31.77114],[74.51621,31.73739],[74.48944,31.71119],[74.55558,31.61223],[74.58452,31.51751],[74.6146,31.47782],[74.61718,31.45891],[74.61191,31.4402],[74.5716,31.38925],[74.53223,31.30321],[74.52509,31.23541],[74.50639,31.17541],[74.51486,31.14182],[74.53677,31.11516],[74.5531,31.10895],[74.61697,31.11526],[74.65883,31.08379],[74.57946,31.04271],[74.56426,31.02503],[74.56406,31.00436],[74.51931,30.96245],[74.44158,30.94617],[74.42432,30.93232],[74.40128,30.8931],[74.34247,30.90194],[74.31922,30.89341],[74.30402,30.87403],[74.31136,30.85595],[74.3002,30.83817],[74.25669,30.81528],[74.26671,30.78835],[74.19116,30.71704],[74.16367,30.6649],[74.11148,30.64624],[74.06745,30.61054],[74.05711,30.59157],[74.05753,30.53137],[74.04409,30.51866],[74.0044,30.50894],[73.92926,30.41907],[73.89991,30.42212],[73.90611,30.39484],[73.88761,30.39654],[73.85175,30.37267],[73.84235,30.35298],[73.89164,30.32978],[73.93464,30.26105],[73.9489,30.21728],[73.94435,30.18829],[73.77827,30.06731],[73.73972,30.04845],[73.55781,30.01254],[73.38522,29.94231],[73.37033,29.92732],[73.23287,29.5366],[73.05087,29.22822],[72.96292,29.11683],[72.93036,29.04769],[72.90152,29.02262],[72.35458,28.76719],[72.28027,28.68716],[72.2565,28.64559],[72.19779,28.44488],[72.14994,28.35377],[71.98819,28.2281],[71.9083,28.13557],[71.89156,28.0971],[71.87998,27.97491],[71.8744,27.95969],[71.86086,27.95021],[71.56073,27.86853],[71.47711,27.86243],[71.39779,27.86838],[71.31144,27.86171],[71.22633,27.84536],[71.15067,27.82241],[70.91379,27.71782],[70.83157,27.70146],[70.76176,27.70978],[70.71039,27.74115],[70.67174,27.7911],[70.64073,27.85479],[70.64161,27.91127],[70.63319,27.93163],[70.5349,28.01597],[70.45625,28.03979],[70.34194,28.01147],[70.26773,27.94527],[70.199,27.90096],[70.10195,27.81174],[70.01689,27.60059],[69.99354,27.57108],[69.90806,27.49729],[69.84802,27.41037],[69.73061,27.31032],[69.66611,27.27002],[69.57558,27.18842],[69.53444,27.12558],[69.50757,27.05008],[69.46509,26.80777],[69.47284,26.76658],[69.50416,26.73517],[69.6594,26.6777],[69.77226,26.59507],[69.81556,26.58029],[70.05606,26.58908],[70.09368,26.58039],[70.1296,26.56251],[70.15807,26.53011],[70.1605,26.37131],[70.14247,26.31369],[70.15161,26.25406],[70.14691,26.21742],[70.13203,26.18047],[70.07829,26.09965],[70.06428,25.99552],[70.08325,25.92994],[70.11498,25.88173],[70.21399,25.78633],[70.23445,25.73099],[70.26458,25.6973],[70.36013,25.67347],[70.47723,25.67632],[70.59226,25.70882],[70.63231,25.70138],[70.65386,25.67445],[70.64662,25.43137],[70.65448,25.39659],[70.71049,25.33587],[70.73489,25.26735],[70.84857,25.16332],[70.91524,24.94662],[71.00319,24.8082],[71.03693,24.72074],[71.06386,24.68258],[70.97715,24.63969],[70.95482,24.58452],[70.95777,24.55602],[70.98087,24.53473],[70.97322,24.48724],[70.97715,24.46494],[71.00009,24.4529],[71.07502,24.43642],[71.08277,24.41151],[71.07306,24.4021],[71.0251,24.38629],[70.99668,24.3566],[70.93632,24.3672],[70.91772,24.36172],[70.85653,24.32381],[70.84093,24.30583],[70.85757,24.27167],[70.85147,24.26488],[70.75545,24.23144],[70.62151,24.24116],[70.56766,24.27281],[70.54565,24.36218],[70.54647,24.37314],[70.57521,24.40004],[70.56291,24.42409],[70.52095,24.42492],[70.41635,24.40195],[70.3532,24.36627],[70.29853,24.36342],[70.24256,24.33061],[70.09787,24.29883],[70.05214,24.20206],[70.01596,24.17406],[69.97204,24.16522],[69.76905,24.16256],[69.71459,24.16858],[69.67056,24.18871],[69.59232,24.26462],[69.56307,24.27676],[69.28081,24.28374],[69.20625,24.25857],[69.16671,24.25317],[69.0677,24.28844],[68.98078,24.25539],[68.96264,24.25723],[68.92197,24.31051],[68.9042,24.32058],[68.88508,24.31356],[68.83877,24.23645],[68.81965,24.2503],[68.81381,24.30844],[68.79919,24.32908],[68.74731,24.33118],[68.72591,24.28922],[68.72447,23.96518],[68.43156,23.96714],[68.38547,23.96042],[68.35364,23.93929],[68.3524,23.95655],[68.34263,23.96856],[68.33043,23.96657],[68.33503,23.94099],[68.32599,23.92779],[68.30041,23.91051],[68.2862,23.91637],[68.274,23.93769],[68.26393,23.93593],[68.25266,23.92009],[68.25194,23.90482],[68.26036,23.89555],[68.20729,23.87702],[68.1707,23.81279],[68.15484,23.75372],[68.16987,23.70364],[68.16641,23.68347],[68.14703,23.66186],[68.11267,23.64339]]},"properties":{"kind":"country_border"}},{"type":"Feature","geometry":{"type":"LineString","coordinates":[[-141.00555,69.65094],[-140.99493,60.30438],[-140.97956,60.2958],[-140.53374,60.21855],[-140.46279,60.28914],[-140.42411,60.29317],[-140.01579,60.18739],[-139.96776,60.18837],[-139.91693,60.20785],[-139.72842,60.30903],[-139.67982,60.32681],[-139.62835,60.3341],[-139.10161,60.3466],[-139.07946,60.34102],[-139.07319,60.29983],[-139.18323,60.10016],[-139.18215,60.07339],[-139.05161,59.99489],[-139.00376,59.97722],[-138.70489,59.89846],[-138.65435,59.8055],[-138.59921,59.75382],[-137.61136,59.23933],[-137.58209,59.20657],[-137.48439,58.9919],[-137.50876,58.91491],[-137.48687,58.90008],[-137.45347,58.89914],[-137.42311,58.90772],[-137.2819,58.98715],[-136.84082,59.14817],[-136.7855,59.15722],[-136.61349,59.15422],[-136.56949,59.17215],[-136.48479,59.2538],[-136.46655,59.2878],[-136.46756,59.46164],[-136.36684,59.44955],[-136.31999,59.45906],[-136.27504,59.48645],[-136.24473,59.5282],[-136.25847,59.55611],[-136.35033,59.59238],[-136.2585,59.62158],[-135.92382,59.66675],[-135.48276,59.79248],[-135.40439,59.7533],[-135.25988,59.69822],[-135.15779,59.62329],[-135.08787,59.60654],[-135.01852,59.55936],[-135.02325,59.47715],[-135.09575,59.41885],[-134.99325,59.38191],[-135.0162,59.33617],[-134.95783,59.28098],[-134.93243,59.27065],[-134.69208,59.23525],[-134.66038,59.1813],[-134.61077,59.14456],[-134.58279,59.12885],[-134.47758,59.11495],[-134.45101,59.09789],[-134.38717,59.03686],[-134.39939,58.97495],[-134.32965,58.96302],[-134.32004,58.95268],[-134.33304,58.93413],[-134.31694,58.9038],[-134.22219,58.84271],[-133.83113,58.71802],[-133.70008,58.59937],[-133.62628,58.5464],[-133.46309,58.46222],[-133.39224,58.40388],[-133.43012,58.3721],[-133.41503,58.33055],[-133.37457,58.29097],[-133.16559,58.1473],[-133.07515,58.00788],[-132.91715,57.8805],[-132.55245,57.49908],[-132.3623,57.3457],[-132.23099,57.19682],[-132.34122,57.08039],[-132.03186,57.02841],[-132.10738,56.85875],[-131.87156,56.79346],[-131.88603,56.73705],[-131.83042,56.66476],[-131.82559,56.59334],[-131.69229,56.58507],[-131.56036,56.59407],[-131.49166,56.56017],[-131.10055,56.40767],[-131.01693,56.38705],[-130.83909,56.37245],[-130.76033,56.34519],[-130.64577,56.26194],[-130.60226,56.24706],[-130.47229,56.22489],[-130.42793,56.14396],[-130.40397,56.1219],[-130.21125,56.08996],[-130.11676,56.10565],[-130.09433,56.10149],[-130.03932,56.04552],[-130.01469,55.96325],[-130.02754,55.87729],[-130.14541,55.76585],[-130.1443,55.72383],[-130.10603,55.65309],[-130.12443,55.57485],[-130.11448,55.54007],[-130.05118,55.45946],[-130.02139,55.34644],[-129.97981,55.30154],[-129.97795,55.27322],[-130.06361,55.21859],[-130.14179,55.14408],[-130.22249,55.02739],[-130.31685,54.93675],[-130.39007,54.88089],[-130.64166,54.76048],[-130.62099,54.70839]]},"properties":{"kind":"country_border"}},{"type":"Feature","geometry":{"type":"LineString","coordinates":[[113.61603,22.2161],[113.5388,22.22121],[113.52373,22.21298],[113.53031,22.20213],[113.51824,22.18351],[113.54103,22.13925],[113.54111,22.10273],[113.57511,22.09927],[113.63299,22.1201]]},"properties":{"kind":"country_border"}},{"type":"Feature","geometry":{"type":"LineString","coordinates":[[-123.02765,48.99257],[-122.75302,48.99251]]},"properties":{"kind":"country_border"}},{"type":"Feature","geometry":{"type":"LineString","coordinates":[[-123.31262,48.99251],[-123.03531,48.99251]]},"properties":{"kind":"country_border"}},{"type":"Feature","geometry":{"type":"LineString","coordinates":[[20.92457,55.28266],[21.20866,55.24087],[21.26745,55.24864]]},"properties":{"kind":"country_border"}},{"type":"Feature","geometry":{"type":"LineString","coordinates":[[11.76612,-17.2527],[11.79688,-17.2638],[11.82241,-17.26442],[11.83554,-17.24541],[11.89496,-17.21461],[11.94209,-17.1805],[11.98302,-17.1619],[12.08813,-17.13916],[12.13991,-17.15601],[12.16151,-17.14629],[12.17071,-17.14918],[12.18507,-17.17709],[12.23179,-17.20189],[12.24264,-17.22484],[12.37948,-17.22039],[12.41793,-17.20344],[12.46051,-17.22308],[12.56717,-17.23455],[12.63621,-17.18515],[12.68592,-17.17358],[12.73987,-17.13554],[12.81832,-17.10485],[12.8423,-17.07405],[12.8764,-17.05978],[12.88715,-17.02981],[12.96167,-17.00738],[13.01427,-16.97793],[13.16631,-16.95106],[13.18491,-16.96418],[13.19814,-16.95736],[13.22284,-16.97793],[13.26749,-16.97793],[13.26749,-16.98537],[13.30842,-16.97018],[13.32154,-16.97493],[13.36371,-16.96418],[13.41725,-16.99374],[13.47978,-17.01028],[13.49466,-17.02402],[13.50778,-17.06351],[13.53094,-17.09327],[13.52132,-17.1219],[13.60649,-17.16737],[13.69413,-17.23662],[13.88435,-17.33853],[13.94275,-17.40819],[13.95732,-17.41914],[13.98057,-17.42359],[14.01788,-17.40922],[14.08537,-17.42359],[14.13074,-17.40922],[14.17498,-17.41625],[14.1971,-17.41294],[14.20743,-17.38803],[14.54395,-17.38824],[16.33981,-17.38865],[18.44573,-17.38927],[18.45358,-17.38989],[18.45865,-17.40529],[18.47167,-17.41428],[18.48986,-17.46245],[18.51663,-17.47134],[18.55414,-17.54637],[18.61967,-17.59484],[18.63331,-17.62895],[18.67093,-17.65313],[18.74824,-17.73633],[18.76199,-17.7477],[18.80085,-17.75659],[18.89004,-17.79927],[19.02057,-17.82232],[19.10512,-17.81819],[19.16082,-17.80093],[19.20186,-17.80713],[19.24661,-17.80403],[19.26242,-17.81395],[19.42127,-17.85943],[19.59284,-17.85726],[19.67263,-17.84268],[19.6932,-17.84775],[19.71128,-17.87296],[19.77102,-17.89033],[19.79396,-17.86232],[19.95199,-17.86232],[19.98951,-17.88278],[20.03426,-17.89591],[20.11994,-17.89074],[20.14712,-17.88278],[20.15456,-17.89033],[20.16924,-17.87813],[20.19311,-17.87214],[20.24345,-17.88278],[20.27817,-17.85488],[20.28892,-17.8616],[20.33615,-17.85488],[20.3868,-17.89033],[20.41263,-17.88413],[20.43754,-17.89446],[20.48953,-17.94211],[20.56549,-17.98521],[20.59071,-17.9788],[20.66626,-17.98025],[20.68962,-17.99699],[20.72249,-18.0065],[20.73747,-17.99347],[20.7846,-18.01259],[20.8062,-18.0314],[20.89447,-18.01259],[20.90832,-17.98614],[21.09311,-17.93808],[21.10944,-17.945],[21.16132,-17.93064],[21.23274,-17.93446],[21.36482,-17.99203],[21.38684,-18.01445],[23.38165,-17.64114],[23.37514,-17.61541],[23.38227,-17.60104],[23.32016,-17.54637],[23.25835,-17.53283],[23.20699,-17.5412],[23.18973,-17.53655],[23.17753,-17.52405],[23.17619,-17.47816],[23.09764,-17.43216],[23.05413,-17.37532],[23.04038,-17.33708],[22.99863,-17.29378],[22.87615,-17.24809],[22.76515,-17.16965],[22.74479,-17.10826],[22.71048,-17.05544],[22.65167,-16.9987],[22.57343,-16.971],[22.56723,-16.9369],[22.55452,-16.92419],[22.50853,-16.9062],[22.41665,-16.75448],[22.39959,-16.74042],[22.37799,-16.73484],[22.33365,-16.67366],[22.30699,-16.66921],[22.29076,-16.6564],[22.25903,-16.66921],[22.23774,-16.66549],[22.15165,-16.59769],[22.13811,-16.55263],[22.10814,-16.54395],[22.104,-16.53672],[22.10731,-16.51232],[22.07992,-16.45775],[22.08602,-16.4223],[22.10555,-16.37941],[22.05584,-16.36463],[22.05202,-16.32681],[22.03217,-16.30634],[22.02236,-16.26634],[22.01171,-16.25229],[22.0452,-16.25229],[21.9838,-16.16589],[21.97988,-13.00148],[24.00063,-13.00148],[23.9718,-12.93337],[23.89511,-12.84976],[23.87475,-12.82175],[23.86565,-12.78971],[23.9287,-12.56161],[23.94079,-12.53277],[24.01986,-12.41919],[24.03081,-12.38508],[24.01686,-12.27894],[24.00663,-12.25372],[23.9596,-12.19667],[23.95433,-12.15192],[23.96704,-11.88289],[23.99019,-11.82408],[23.98131,-11.72476],[23.95464,-11.66223],[23.95464,-11.63691],[23.97769,-11.57728],[24.00973,-11.52343],[24.00993,-11.45945],[24.06171,-11.40695],[24.01117,-11.2729],[24.01531,-11.13048],[23.99578,-11.12738],[23.99009,-11.11353],[23.99371,-11.01958],[24.00373,-10.98248],[23.97428,-10.9214],[23.96746,-10.87231],[23.94865,-10.88151],[23.92798,-10.94538],[23.88777,-10.97442],[23.86741,-11.01638],[23.83372,-11.02847],[23.75228,-11.00822],[23.64158,-11.0045],[23.49482,-10.96429],[23.45596,-10.96098],[23.41545,-10.96326],[23.37328,-10.97514],[23.19675,-11.07188],[23.01434,-11.10247],[22.93114,-11.09679],[22.85311,-11.05307],[22.82923,-11.05214],[22.76422,-11.09048],[22.72774,-11.09679],[22.65095,-11.08232],[22.53757,-11.03715],[22.50098,-11.04243],[22.46936,-11.12242],[22.44031,-11.14692],[22.34027,-11.1802],[22.28177,-11.23673],[22.26306,-11.2482],[22.23764,-11.24954],[22.25201,-11.20862],[22.25552,-11.16655],[22.24384,-11.07829],[22.21718,-11.01276],[22.19609,-10.9923],[22.19609,-10.95416],[22.1655,-10.85236],[22.224,-10.79707],[22.3195,-10.76131],[22.3195,-10.70384],[22.32642,-10.69464],[22.31009,-10.66881],[22.30596,-10.55067],[22.27402,-10.50303],[22.27185,-10.48174],[22.3011,-10.42489],[22.3134,-10.36856],[22.20281,-10.13065],[22.20973,-10.09819],[22.15992,-9.93149],[22.09098,-9.87712],[22.07992,-9.87164],[22.06576,-9.88105],[22.05584,-9.87537],[21.99838,-9.80912],[21.98629,-9.78111],[21.98443,-9.74876],[21.95652,-9.76178],[21.94236,-9.72292],[21.8789,-9.65708],[21.8541,-9.61781],[21.81989,-9.44769],[21.79198,-9.40614],[21.81017,-9.33814],[21.84107,-9.27582],[21.85162,-9.23375],[21.83973,-9.09236],[21.8541,-8.97785],[21.85172,-8.92586],[21.85988,-8.84638],[21.88479,-8.78231],[21.90691,-8.64547],[21.93595,-8.58314],[21.91621,-8.57684],[21.93998,-8.49995],[21.94391,-8.45592],[21.93595,-8.41303],[21.89988,-8.34884],[21.90526,-8.33727],[21.92055,-8.329],[21.87322,-8.26409],[21.8573,-8.15692],[21.81513,-8.09677],[21.79963,-8.04085],[21.7585,-8.01512],[21.75395,-7.99734],[21.75105,-7.92923],[21.77214,-7.8882],[21.76459,-7.85068],[21.77048,-7.80676],[21.83291,-7.61421],[21.8541,-7.586],[21.84666,-7.51427],[21.86092,-7.46983],[21.84666,-7.44905],[21.85162,-7.4165],[21.83291,-7.39076],[21.84242,-7.36988],[21.80883,-7.30643],[21.78495,-7.28338],[20.52054,-7.28638],[20.51826,-7.18974],[20.52446,-7.14313],[20.61149,-6.91596],[20.31951,-6.91854],[20.29864,-6.95451],[20.2943,-7.00195],[19.52184,-7.00195],[19.54261,-7.05228],[19.49703,-7.12173],[19.48721,-7.15388],[19.47636,-7.31593],[19.48721,-7.38198],[19.51377,-7.44843],[19.51315,-7.47944],[19.46871,-7.52109],[19.45827,-7.56026],[19.44391,-7.57525],[19.42468,-7.57969],[19.35564,-7.57411],[19.35368,-7.60026],[19.38097,-7.67974],[19.38138,-7.70392],[19.33384,-7.86732],[19.33094,-7.89864],[19.35554,-8.00199],[18.77377,-8.00199],[18.75206,-7.96592],[18.74731,-7.93781],[18.73853,-7.93233],[18.51652,-7.93223],[18.50433,-7.9407],[18.50763,-7.99755],[18.42051,-7.99827],[18.36656,-8.01677],[18.31623,-8.00168],[18.19272,-7.99693],[18.12037,-8.02245],[18.10218,-8.03331],[18.09288,-8.05635],[18.09815,-8.10927],[18.00854,-8.11124],[17.98188,-8.10534],[17.93082,-8.06214],[17.90137,-8.04809],[17.86798,-8.04447],[17.78954,-8.08178],[17.71326,-8.06834],[17.62841,-8.09801],[17.6002,-8.09852],[17.54428,-8.08478],[17.53653,-8.07599],[17.52837,-8.06059],[17.54005,-8.03207],[17.53653,-8.01512],[17.49622,-7.98721],[17.48186,-7.94566],[17.46832,-7.95993],[17.46305,-7.9498],[17.46832,-7.93946],[17.43411,-7.91579],[17.4524,-7.88396],[17.44093,-7.87115],[17.42636,-7.87549],[17.42057,-7.84386],[17.3907,-7.83921],[17.4,-7.8234],[17.38099,-7.82319],[17.3754,-7.79229],[17.34243,-7.78402],[17.31598,-7.75363],[17.3106,-7.74082],[17.32042,-7.71364],[17.30378,-7.70671],[17.30378,-7.69245],[17.2889,-7.69948],[17.28642,-7.62517],[17.21779,-7.586],[17.17283,-7.49381],[17.14854,-7.47262],[17.15154,-7.45122],[17.1749,-7.44161],[17.18027,-7.43541],[17.17655,-7.42818],[17.13221,-7.40957],[17.11816,-7.42549],[17.104,-7.41608],[17.09335,-7.35231],[17.02287,-7.30601],[16.9961,-7.29795],[16.98907,-7.25485],[16.94566,-7.20462],[16.94752,-7.15109],[16.92706,-7.08566],[16.92913,-7.06065],[16.96117,-7.06923],[16.97315,-7.01476],[16.95527,-6.98148],[16.92871,-6.96867],[16.9345,-6.94572],[16.92696,-6.88857],[16.91497,-6.86408],[16.89078,-6.84713],[16.85533,-6.84217],[16.8329,-6.8278],[16.82309,-6.78511],[16.7681,-6.70832],[16.73079,-6.56983],[16.74733,-6.52198],[16.7217,-6.4918],[16.7278,-6.46596],[16.70609,-6.46503],[16.72097,-6.42834],[16.71891,-6.41532],[16.70041,-6.41129],[16.69297,-6.39837],[16.69359,-6.35982],[16.69741,-6.34979],[16.72097,-6.34235],[16.71477,-6.23156],[16.72676,-6.18918],[16.69586,-6.14092],[16.6601,-6.12397],[16.63095,-6.09172],[16.61111,-6.08976],[16.63219,-6.06526],[16.62837,-6.05534],[16.60429,-6.06185],[16.60119,-6.05059],[16.5953,-5.97855],[16.58072,-5.9554],[16.59736,-5.9247],[16.51509,-5.88708],[16.47933,-5.88222],[16.41247,-5.8968],[16.37433,-5.88284],[16.34126,-5.8598],[16.31573,-5.85463],[14.70373,-5.8814],[14.57661,-5.90465],[14.48214,-5.88553],[14.43667,-5.89339],[14.24185,-5.88956],[14.14015,-5.86352],[14.02119,-5.87251],[13.94357,-5.84161],[13.64152,-5.86579],[13.56256,-5.85742],[13.52267,-5.86755],[13.49321,-5.85845],[13.38045,-5.85639],[13.34252,-5.8906],[13.311,-5.87396],[13.26935,-5.86352],[13.18491,-5.85639],[13.11649,-5.87437],[13.00381,-5.87766],[12.954,-5.90727],[12.91362,-5.91804],[12.86643,-5.95107],[12.76651,-6.00214],[12.7144,-6.01227],[12.64037,-6.01496],[12.5267,-6.05321],[12.44899,-6.07098],[12.4223,-6.06746],[12.27654,-6.00387]]},"properties":{"kind":"country_border"}},{"type":"Feature","geometry":{"type":"LineString","coordinates":[[2.70384,6.36835],[2.70426,6.4293],[2.71542,6.49449],[2.73733,6.55802],[2.73113,6.64184],[2.7426,6.66334],[2.77857,6.69877],[2.7733,6.75504],[2.7363,6.76985],[2.72359,6.79972],[2.73692,6.8633],[2.71511,6.97983],[2.74105,7.0158],[2.77578,7.03053],[2.77971,7.04133],[2.74767,7.07223],[2.73526,7.096],[2.7578,7.13889],[2.76214,7.1622],[2.74116,7.40818],[2.75128,7.42363],[2.78653,7.42125],[2.79231,7.47763],[2.72059,7.58657],[2.71532,7.62579],[2.7272,7.79332],[2.71552,7.82206],[2.69155,7.84867],[2.67108,7.89792],[2.6871,7.93352],[2.70839,8.13798],[2.73444,8.18997],[2.73495,8.2119],[2.69713,8.32071],[2.70602,8.38127],[2.70374,8.41789],[2.73692,8.46452],[2.74477,8.49829],[2.72317,8.78293],[2.75108,8.80342],[2.74591,8.83652],[2.76255,8.89569],[2.74777,8.91481],[2.76472,8.93977],[2.7702,8.96715],[2.76916,9.05705],[2.84627,9.05077],[2.8597,9.05263],[2.88843,9.07536],[2.92988,9.07836],[2.9831,9.06061],[3.05142,9.07821],[3.07602,9.09516],[3.15136,9.28863],[3.15147,9.35356],[3.12863,9.42958],[3.13255,9.45728],[3.15178,9.48816],[3.18258,9.50534],[3.24355,9.5844],[3.23818,9.60905],[3.24572,9.6337],[3.26185,9.63861],[3.29905,9.63396],[3.33161,9.65202],[3.33864,9.67822],[3.31487,9.7591],[3.32593,9.80173],[3.41398,9.84284],[3.45295,9.85309],[3.5131,9.84661],[3.53077,9.86296],[3.5996,9.96869],[3.60581,10.05412],[3.61232,10.07029],[3.6549,10.10112],[3.66751,10.14657],[3.65562,10.17478],[3.58762,10.24418],[3.57335,10.267],[3.57242,10.2857],[3.61821,10.36934],[3.62596,10.40727],[3.65211,10.4358],[3.67174,10.44208],[3.69283,10.43838],[3.75691,10.40526],[3.77251,10.40763],[3.79432,10.44487],[3.79535,10.49649],[3.83742,10.5999],[3.83711,10.65483],[3.82295,10.70325],[3.78326,10.71697],[3.75949,10.77159],[3.73004,10.80771],[3.75298,10.87768],[3.75412,10.90714],[3.73355,10.99646],[3.71185,11.05186],[3.72208,11.11235],[3.71371,11.1203],[3.68673,11.12049],[3.66255,11.14315],[3.48333,11.3923],[3.46845,11.41948],[3.46669,11.44248],[3.50493,11.55656],[3.57439,11.67304],[3.5964,11.69577],[3.64777,11.726],[3.66699,11.7597],[3.64973,11.79783],[3.61294,11.83897],[3.60394,11.90558],[3.60849,11.92196],[3.6366,11.95359],[3.65355,11.98681],[3.624,12.09425],[3.62451,12.13766],[3.65149,12.26902],[3.64157,12.518],[3.6457,12.52854],[3.86439,12.68967],[3.92909,12.75039],[4.08877,12.99624],[4.12371,13.23359],[4.12577,13.47298],[4.19047,13.47502],[4.24845,13.49414],[4.40576,13.64124],[4.45258,13.67377],[4.50673,13.69467],[4.85689,13.7741],[4.9251,13.73309],[4.98319,13.72968],[5.08437,13.74753],[5.22762,13.74133],[5.27351,13.75252],[5.3042,13.77394],[5.34627,13.84156],[5.37407,13.85525],[5.52176,13.88029],[5.55432,13.87342],[6.14239,13.64082],[6.22983,13.67919],[6.30218,13.66384],[6.36894,13.62628],[6.5093,13.49605],[6.67254,13.32118],[6.77869,13.13028],[6.83791,13.06349],[6.90664,13.00686],[6.93713,12.99541],[7.06869,12.99608],[7.13742,13.04724],[7.1982,13.11739],[7.22052,13.12158],[7.3248,13.10284],[7.36067,13.10264],[7.39198,13.11253],[7.75558,13.32715],[7.78968,13.34198],[7.824,13.34528],[8.07752,13.31002],[8.10512,13.29965],[8.20144,13.22638],[8.25984,13.20522],[8.40515,13.07086],[8.419,13.0667],[8.44597,13.07871],[8.48267,13.08155],[8.53351,13.06463],[8.59677,13.0114],[8.64266,12.94435],[8.67935,12.92358],[8.94279,12.8472],[9.26939,12.80979],[9.30649,12.80984],[9.37791,12.82578],[9.5903,12.80139],[9.61841,12.80578],[9.64073,12.82253],[9.81933,13.02921],[9.85281,13.06044],[9.89178,13.07623],[9.90439,13.09434],[9.91245,13.1292],[9.93012,13.14597],[10.11977,13.2501],[10.16153,13.2672],[10.67499,13.3751],[10.77131,13.3827],[10.95301,13.3619],[11.44,13.36443],[11.74231,13.28945],[11.8528,13.24539],[12.05764,13.11677],[12.11645,13.10284],[12.16378,13.10796],[12.2014,13.12543],[12.26321,13.10186],[12.2692,13.08587],[12.30104,13.09812],[12.32574,13.07882],[12.33525,13.08447],[12.41431,13.07763],[12.47271,13.06416],[12.48666,13.07081],[12.49121,13.08264],[12.49978,13.13597],[12.53451,13.14592],[12.54795,13.16545],[12.55425,13.18754],[12.53834,13.19336],[12.56107,13.24276],[12.60272,13.27999],[12.60613,13.27423],[12.62019,13.28144],[12.63001,13.31038],[12.65915,13.28661],[12.67435,13.28371],[12.68313,13.28893],[12.69006,13.31198],[12.72437,13.32229],[12.7408,13.33482],[12.77739,13.3867],[12.79114,13.37185],[12.80519,13.37298],[12.79455,13.39606],[12.82927,13.40662],[12.82927,13.42029],[12.8702,13.46125],[12.8423,13.48168],[12.8423,13.48913],[12.87061,13.47887],[12.87971,13.4797],[12.88384,13.496],[12.91175,13.4899],[12.93934,13.49507],[13.05489,13.54837],[13.08249,13.55062],[13.07701,13.53468],[13.08828,13.5306],[13.12352,13.53695],[13.12352,13.52266],[13.14398,13.55062],[13.1537,13.54876],[13.15587,13.54078],[13.15018,13.52266],[13.22811,13.54804],[13.24641,13.57108],[13.23018,13.57775],[13.23948,13.59157],[13.25726,13.59424],[13.25354,13.61488],[13.25922,13.62896],[13.32123,13.68511],[13.32072,13.70229],[13.32991,13.70942],[13.35999,13.71441],[13.60731,13.7041],[14.06491,13.07799],[14.17736,12.54559],[14.1787,12.46834],[14.18542,12.44704],[14.17984,12.3856],[14.18893,12.37041],[14.21756,12.3593],[14.42313,12.35315],[14.4871,12.3378],[14.51439,12.32354],[14.51439,12.28938],[14.56214,12.25584],[14.56214,12.2484],[14.5485,12.24158],[14.6041,12.20432],[14.61061,12.18355],[14.6163,12.17895],[14.65154,12.19378],[14.66828,12.17807],[14.66994,12.16742],[14.63717,12.12422],[14.62219,12.04201],[14.60431,12.03043],[14.62715,11.95007],[14.59066,11.78316],[14.54188,11.70983],[14.55242,11.689],[14.58095,11.68327],[14.62136,11.62978],[14.62756,11.58436],[14.60575,11.51472],[14.59377,11.49643],[14.52493,11.46884],[14.44628,11.41168],[14.36825,11.383],[14.27916,11.30184],[14.23213,11.29029],[14.20464,11.26213],[14.16547,11.23833],[14.12258,11.23572],[14.05251,11.26515],[14.01313,11.27637],[13.98233,11.27626],[13.90626,11.20803],[13.87319,11.1665],[13.82007,11.06927],[13.76591,11.0339],[13.75041,10.9962],[13.75702,10.95825],[13.74441,10.9305],[13.56628,10.67901],[13.53879,10.62142],[13.50127,10.49634],[13.46717,10.30759],[13.44484,10.24547],[13.45301,10.20052],[13.43492,10.15341],[13.40195,10.12238],[13.35978,10.10055],[13.28134,10.0921],[13.24796,10.07941],[13.23018,10.04533],[13.24641,9.97348],[13.24227,9.94976],[13.21106,9.89276],[13.21271,9.87015],[13.26294,9.80173],[13.24134,9.74532],[13.22346,9.61314],[13.19545,9.54221],[13.13034,9.51653],[13.05169,9.50451],[12.98244,9.47459],[12.92901,9.41612],[12.85542,9.37811],[12.84839,9.35995],[12.88157,9.35222],[12.89129,9.33199],[12.89935,9.30202],[12.89842,9.26243],[12.88839,9.22672],[12.82214,9.09681],[12.82824,9.01997],[12.80571,8.8315],[12.79455,8.78861],[12.77295,8.75905],[12.70887,8.75091],[12.67817,8.6787],[12.66039,8.65932],[12.55797,8.60568],[12.52779,8.60485],[12.48252,8.62325],[12.46433,8.62115],[12.42444,8.59979],[12.36884,8.60958],[12.40046,8.53842],[12.40387,8.49654],[12.36512,8.46656],[12.33132,8.42429],[12.27179,8.42778],[12.24998,8.41876],[12.22704,8.38631],[12.21928,8.34316],[12.23675,8.19699],[12.2291,8.1755],[12.18828,8.11777],[12.18259,8.09349],[12.1827,8.05465],[12.19779,7.97517],[12.1921,7.96065],[12.15428,7.92133],[12.05495,7.78392],[12.01899,7.71886],[12.00906,7.67633],[12.02498,7.59659],[12.02105,7.57623],[11.99284,7.55401],[11.96617,7.51443],[11.84473,7.3964],[11.78272,7.30452],[11.73663,7.26328],[11.78024,7.24106],[11.82995,7.16938],[11.86892,7.12711],[11.88132,7.10205],[11.87223,7.07936],[11.86261,7.07543],[11.83399,7.08298],[11.80887,7.07192],[11.75151,7.02397],[11.74107,6.99751],[11.6925,6.99162],[11.68113,6.96862],[11.62325,6.93229],[11.56175,6.87607],[11.54367,6.85069],[11.53809,6.8239],[11.56661,6.78419],[11.57147,6.76623],[11.56237,6.71249],[11.53344,6.6451],[11.50977,6.61231],[11.48259,6.59717],[11.4431,6.59327],[11.41675,6.572],[11.40176,6.53818],[11.38936,6.47392],[11.36983,6.45576],[11.31949,6.43728],[11.27588,6.44421],[11.25552,6.42997],[11.23175,6.43981],[11.14038,6.43028],[11.11351,6.434],[11.09708,6.44912],[11.07744,6.49674],[11.0606,6.57397],[11.05594,6.70037],[11.03672,6.74055],[11.00261,6.76726],[10.90939,6.78426],[10.87745,6.8161],[10.83188,6.94521],[10.79911,6.96733],[10.62062,7.04376],[10.60254,7.05807],[10.59716,7.10727],[10.57866,7.13083],[10.55179,7.06634],[10.53742,6.95213],[10.5212,6.94278],[10.50073,6.91281],[10.49598,6.87467],[10.23842,6.871],[10.21083,6.87917],[10.18985,6.89545],[10.17941,6.91493],[10.16504,6.98852],[10.15688,7.00474],[10.14293,7.00769],[10.11946,6.99441],[9.87462,6.7877],[9.85116,6.77788],[9.8123,6.79305],[9.78853,6.79475],[9.76982,6.77372],[9.69303,6.53131],[9.68052,6.52144],[9.60301,6.51518],[9.54896,6.44317],[9.45315,6.39767],[9.42287,6.33936],[9.39496,6.32254],[9.35476,6.3215],[9.34101,6.31398],[9.27331,6.20277],[9.13617,6.09252],[9.04387,5.99684],[9.00987,5.95235],[8.99385,5.94408],[8.98269,5.89577],[8.96501,5.89359],[8.92171,5.90447],[8.84523,5.83104],[8.84709,5.81076],[8.86662,5.77745],[8.86218,5.75234],[8.81929,5.70345],[8.83241,5.67816],[8.8937,5.62175],[8.90393,5.59509],[8.89949,5.57095],[8.8505,5.51401],[8.8443,5.49235],[8.84977,5.43236],[8.81525,5.3435],[8.82569,5.29549],[8.79893,5.15963],[8.79169,5.14674],[8.75831,5.13488],[8.74828,5.12421],[8.72885,5.09455],[8.69857,5.01781],[8.63831,4.91678],[8.61103,4.89665],[8.60224,4.88133],[8.61217,4.83188],[8.59511,4.81531],[8.56566,4.80635],[8.55067,4.71821],[8.53455,4.68969],[8.51057,4.67183]]},"properties":{"kind":"country_border"}},{"type":"Feature","geometry":{"type":"LineString","coordinates":[[109.64527,2.08324],[109.62662,2.0297],[109.60027,1.98314],[109.57443,1.94859],[109.53794,1.91771],[109.52844,1.88999],[109.53474,1.83898],[109.55562,1.80217],[109.58011,1.78798],[109.62404,1.78777],[109.64181,1.781],[109.64719,1.76188],[109.64171,1.63716],[109.65804,1.59719],[109.67726,1.57285],[109.76635,1.49647],[109.77555,1.45795],[109.80056,1.46676],[109.8078,1.45996],[109.82547,1.41756],[109.84283,1.40327],[109.90206,1.40379],[109.92025,1.39477],[109.93255,1.37852],[109.96376,1.29858],[110.03073,1.25357],[110.05181,1.21548],[110.09347,1.19161],[110.15217,1.18386],[110.17036,1.17445],[110.25656,1.03906],[110.26348,0.99431],[110.30079,0.99772],[110.36415,0.98139],[110.42264,0.90945],[110.46026,0.87974],[110.50636,0.85731],[110.5539,0.85137],[110.59607,0.87111],[110.61343,0.89395],[110.66129,0.87214],[110.70418,0.90139],[110.72485,0.89726],[110.75833,0.91452],[110.77673,0.90325],[110.78397,0.90816],[110.78707,0.93416],[110.79699,0.94966],[110.8527,0.9972],[110.88039,1.01053],[110.97341,1.01772],[111.19758,1.07523],[111.21753,1.07327],[111.37411,1.00754],[111.47209,1.02221],[111.48242,1.01286],[111.5032,0.95844],[111.51539,0.96449],[111.53886,0.99772],[111.62267,1.03027],[111.65523,1.03079],[111.76282,0.99302],[111.82308,1.00847],[111.9101,1.11404],[111.97335,1.13404],[112.05407,1.13363],[112.09293,1.14314],[112.15267,1.30628],[112.18739,1.37966],[112.18181,1.40002],[112.15908,1.40079],[112.15412,1.40953],[112.16156,1.43454],[112.29519,1.50381],[112.39854,1.52334],[112.44588,1.56208],[112.47048,1.56766],[112.76886,1.55223],[112.80152,1.54378],[112.83645,1.57605],[112.85495,1.58272],[112.90766,1.57053],[112.97319,1.56985],[113.01411,1.55079],[113.02342,1.53701],[113.02435,1.51438],[113.00729,1.47327],[112.9612,1.43438],[112.9582,1.41565],[113.0506,1.4348],[113.08905,1.43133],[113.1586,1.38816],[113.27601,1.36888],[113.32366,1.35139],[113.39755,1.29393],[113.44293,1.29238],[113.50339,1.31449],[113.52447,1.31356],[113.54617,1.30158],[113.59651,1.24163],[113.62483,1.22757],[113.64953,1.23326],[113.80817,1.33971],[113.86822,1.4155],[113.90967,1.44247],[114.09426,1.46567],[114.13095,1.45418],[114.1604,1.4248],[114.17342,1.42051],[114.37486,1.50694],[114.42137,1.49218],[114.50064,1.43604],[114.52224,1.42942],[114.5456,1.43495],[114.56162,1.45002],[114.56802,1.46939],[114.56317,1.53639],[114.62446,1.59879],[114.65029,1.64145],[114.669,1.69401],[114.68006,1.76328],[114.67138,1.82098],[114.67954,1.84074],[114.69918,1.85805],[114.76305,1.8687],[114.81907,1.8903],[114.83199,1.90252],[114.8294,1.95978],[114.84511,2.00975],[114.84108,2.03822],[114.83137,2.04476],[114.78062,2.03605],[114.77029,2.05822],[114.76801,2.11021],[114.75303,2.13481],[114.76346,2.20808],[114.77876,2.2472],[114.80904,2.26467],[114.91333,2.28405],[114.91963,2.29567],[114.91529,2.33206],[114.92221,2.35391],[114.93451,2.36068],[114.97296,2.35748],[115.03477,2.40642],[115.06743,2.42311],[115.10505,2.46569],[115.12654,2.47923],[115.19269,2.49055],[115.20613,2.50987],[115.19238,2.55106],[115.15197,2.59705],[115.11497,2.6079],[115.07146,2.59462],[115.05647,2.60863],[115.07187,2.67183],[115.05699,2.71126],[115.06319,2.72366],[115.09357,2.73704],[115.10463,2.76149],[115.09812,2.78107],[115.07187,2.81476],[115.06908,2.83264],[115.09905,2.85967],[115.12282,2.91295],[115.20799,2.9807],[115.24209,3.04162],[115.25584,3.03749],[115.28137,2.99956],[115.30999,2.98592],[115.34152,2.99114],[115.40684,3.01951],[115.46409,3.03082],[115.48218,3.11097],[115.51701,3.15728],[115.48352,3.18901],[115.4828,3.20647],[115.51763,3.35716],[115.53582,3.40362],[115.55721,3.42545],[115.58502,3.41682],[115.60124,3.43023],[115.57613,3.49167],[115.57334,3.545],[115.5444,3.62916],[115.5505,3.70822],[115.58936,3.82452],[115.58863,3.8576],[115.5383,3.89783],[115.53882,3.92061],[115.58099,3.94692],[115.60951,3.99691],[115.62212,4.04022],[115.63328,4.12856],[115.64693,4.1691],[115.67597,4.18416],[115.7326,4.23938],[115.75689,4.22217],[115.77074,4.22561],[115.77942,4.24894],[115.81746,4.28132],[115.82118,4.34434],[115.831,4.37612],[115.84412,4.38922],[115.85611,4.39077],[115.8649,4.38258],[115.87885,4.35214],[115.94096,4.34436],[115.97724,4.32863],[115.99357,4.28891],[116.02065,4.27085],[116.10995,4.34511],[116.12576,4.37891],[116.2288,4.35612],[116.31066,4.38338],[116.33753,4.35723],[116.3582,4.35545],[116.39107,4.29467],[116.41132,4.28865],[116.44636,4.31726],[116.46837,4.31232],[116.49411,4.32485],[116.48646,4.34883],[116.52222,4.39679],[116.53328,4.39537],[116.57689,4.33201],[116.59023,4.33113],[116.61555,4.34408],[116.6418,4.33387],[116.68004,4.33992],[116.71167,4.36679],[116.72944,4.36446],[116.76613,4.33857],[116.80448,4.33007],[116.88303,4.3449],[116.92426,4.34496],[116.98059,4.32956],[117.16466,4.33315],[117.2027,4.35607],[117.21717,4.35343],[117.23866,4.32687],[117.27556,4.30098],[117.35659,4.25951],[117.41292,4.20008],[117.46418,4.17791],[117.54221,4.17383],[117.58249,4.15137],[117.61038,4.14844],[117.65001,4.16458],[117.73807,4.15724],[117.94649,4.15724],[117.99787,4.1455],[118.01842,4.13229]]},"properties":{"kind":"country_border"}},{"type":"Feature","geometry":{"type":"LineString","coordinates":[[-73.09763,-49.26655],[-73.16258,-49.25818],[-73.18315,-49.23906],[-73.18434,-49.21426],[-73.17132,-49.18935],[-73.09711,-49.12134],[-73.09225,-49.08103],[-73.07856,-49.05871],[-73.00972,-48.99039],[-72.96962,-48.96435],[-72.92224,-48.95226],[-72.82493,-48.9445],[-72.78121,-48.93386],[-72.67197,-48.86296],[-72.59233,-48.79113],[-72.57802,-48.72188],[-72.58422,-48.61595],[-72.61471,-48.51001],[-72.57678,-48.45213],[-72.49647,-48.41513],[-72.43312,-48.40035],[-72.37142,-48.3464],[-72.34486,-48.34371],[-72.3154,-48.35033],[-72.30233,-48.34754],[-72.29509,-48.33328],[-72.32563,-48.28553],[-72.30951,-48.21122],[-72.34305,-48.07045],[-72.38801,-48.05784],[-72.41917,-48.00957],[-72.47746,-47.99376],[-72.50945,-47.97299],[-72.53528,-47.94581],[-72.54391,-47.9148],[-72.50045,-47.85289],[-72.4573,-47.74913],[-72.34444,-47.60226],[-72.32088,-47.49839],[-72.37049,-47.47452],[-72.36119,-47.45095],[-72.32873,-47.42646],[-72.28817,-47.41499],[-72.20915,-47.42026],[-72.17055,-47.40754],[-72.03816,-47.28704],[-72.02942,-47.26967],[-72.04513,-47.21582],[-72.0303,-47.19753],[-72.00984,-47.19815],[-71.94581,-47.22771],[-71.91253,-47.23453],[-71.8807,-47.22192],[-71.86328,-47.1966],[-71.87414,-47.14255],[-71.89346,-47.12136],[-71.98431,-47.08054],[-72.00519,-47.06193],[-71.99997,-47.04219],[-71.9347,-47.01439],[-71.9148,-46.99847],[-71.97036,-46.94845],[-71.9532,-46.87476],[-71.9362,-46.8543],[-71.9501,-46.81399],[-71.93413,-46.79952],[-71.83409,-46.78856],[-71.776,-46.73813],[-71.72019,-46.7156],[-71.68717,-46.69007],[-71.68019,-46.65958],[-71.69554,-46.58713],[-71.6805,-46.53814],[-71.75187,-46.39303],[-71.76158,-46.358],[-71.76334,-46.24451],[-71.78277,-46.22467],[-71.9147,-46.15232],[-71.90447,-46.1363],[-71.81636,-46.1268],[-71.77016,-46.11264],[-71.7235,-46.05765],[-71.61229,-45.97053],[-71.64133,-45.90572],[-71.66588,-45.88402],[-71.75848,-45.84816],[-71.76489,-45.831],[-71.74903,-45.78676],[-71.79853,-45.73995],[-71.80179,-45.72403],[-71.7805,-45.68941],[-71.78794,-45.66946],[-71.78241,-45.64176],[-71.74283,-45.59432],[-71.7651,-45.57241],[-71.7496,-45.54926],[-71.71373,-45.53324],[-71.63921,-45.52001],[-71.5617,-45.52394],[-71.52584,-45.51898],[-71.48909,-45.49851],[-71.47814,-45.4827],[-71.50832,-45.40839],[-71.38936,-45.37077],[-71.31153,-45.29946],[-71.31717,-45.26721],[-71.33861,-45.23424],[-71.36326,-45.20882],[-71.44894,-45.159],[-71.48718,-45.12334],[-71.55519,-45.00583],[-71.58873,-44.97813],[-71.70236,-44.97369],[-71.75988,-44.93183],[-71.78246,-44.92739],[-71.88943,-44.94723],[-72.00984,-44.90454],[-72.0735,-44.90217],[-72.08094,-44.88656],[-72.07412,-44.83706],[-72.08875,-44.7828],[-72.07624,-44.76078],[-72.04782,-44.75479],[-71.98762,-44.77246],[-71.85455,-44.79096],[-71.8314,-44.78817],[-71.78691,-44.75727],[-71.76267,-44.75437],[-71.67265,-44.77856],[-71.6312,-44.78],[-71.4971,-44.7429],[-71.45711,-44.7522],[-71.37887,-44.79189],[-71.33598,-44.80161],[-71.29784,-44.79561],[-71.2628,-44.77711],[-71.23815,-44.74786],[-71.23102,-44.70952],[-71.24063,-44.65815],[-71.2134,-44.6071],[-71.1888,-44.58477],[-71.14736,-44.58084],[-71.13165,-44.57061],[-71.1224,-44.54942],[-71.12266,-44.5303],[-71.15542,-44.49857],[-71.17134,-44.45217],[-71.20978,-44.42757],[-71.43783,-44.40153],[-71.64319,-44.40256],[-71.73781,-44.39336],[-71.82205,-44.40318],[-71.8606,-44.37714],[-71.86416,-44.35915],[-71.81042,-44.33362],[-71.80401,-44.31481],[-71.83181,-44.27016],[-71.8051,-44.20516],[-71.85874,-44.1078],[-71.83522,-44.09436],[-71.79569,-44.08599],[-71.7622,-44.06408],[-71.6696,-43.9598],[-71.65988,-43.92631],[-71.72872,-43.84621],[-71.76184,-43.82843],[-71.75502,-43.77138],[-71.79714,-43.78079],[-71.81548,-43.77438],[-71.8192,-43.75805],[-71.80324,-43.72601],[-71.72572,-43.69738],[-71.70918,-43.68436],[-71.70365,-43.67165],[-71.7143,-43.6022],[-71.8007,-43.54421],[-71.87383,-43.53894],[-71.88153,-43.52447],[-71.85863,-43.49864],[-71.86881,-43.46257],[-71.90623,-43.44923],[-71.93734,-43.45688],[-71.95511,-43.44355],[-71.93677,-43.4267],[-71.94095,-43.39177],[-71.91232,-43.36779],[-71.90173,-43.32201],[-71.8051,-43.29999],[-71.76086,-43.30692],[-71.75068,-43.29534],[-71.75766,-43.22537],[-71.74298,-43.19013],[-71.75016,-43.17245],[-71.77016,-43.1614],[-71.86189,-43.13318],[-72.00984,-43.12036],[-72.05443,-43.10538],[-72.09609,-43.07851],[-72.12931,-43.04223],[-72.14854,-42.99872],[-72.11267,-42.86384],[-72.12125,-42.71967],[-72.14146,-42.65569],[-72.13159,-42.62406],[-72.14843,-42.59264],[-72.14321,-42.55709],[-72.12265,-42.52991],[-72.04193,-42.49105],[-72.03919,-42.48123],[-72.07521,-42.43379],[-72.06069,-42.36889],[-72.06989,-42.34997],[-72.12156,-42.31302],[-72.13371,-42.2876],[-72.12471,-42.26331],[-72.05893,-42.19758],[-72.03991,-42.14466],[-72.00984,-42.12471],[-71.97749,-42.12533],[-71.94803,-42.1673],[-71.9238,-42.17691],[-71.90948,-42.17226],[-71.88426,-42.14425],[-71.77311,-42.11996],[-71.74944,-42.10435],[-71.73626,-42.08389],[-71.73957,-42.0319],[-71.78065,-41.98643],[-71.7744,-41.9392],[-71.79404,-41.86747],[-71.85688,-41.78613],[-71.86897,-41.71554],[-71.92592,-41.65301],[-71.92597,-41.62294],[-71.86349,-41.58449],[-71.85326,-41.56733],[-71.88809,-41.51276],[-71.87982,-41.43669],[-71.90395,-41.36765],[-71.90225,-41.33593],[-71.87336,-41.24921],[-71.88943,-41.17976],[-71.87134,-41.16674],[-71.85398,-41.07889],[-71.86768,-40.999],[-71.85145,-40.93833],[-71.87088,-40.89575],[-71.91067,-40.85006],[-71.95558,-40.72036],[-71.87336,-40.64708],[-71.8531,-40.61638],[-71.84773,-40.57959],[-71.86184,-40.54972],[-71.79641,-40.41453],[-71.72929,-40.42136],[-71.67404,-40.3241],[-71.6867,-40.28855],[-71.70546,-40.28193],[-71.72996,-40.29857],[-71.74267,-40.29651],[-71.80194,-40.24235],[-71.82375,-40.2101],[-71.81207,-40.18468],[-71.81646,-40.16442],[-71.80287,-40.11605],[-71.81404,-40.0929],[-71.8007,-40.07967],[-71.76675,-40.07688],[-71.72169,-40.09383],[-71.68371,-40.099],[-71.67094,-40.06076],[-71.6805,-40.00949],[-71.66206,-39.99513],[-71.61663,-39.90986],[-71.62118,-39.89508],[-71.66924,-39.85922],[-71.68459,-39.83348],[-71.71435,-39.72631],[-71.69404,-39.67349],[-71.71606,-39.64476],[-71.71435,-39.60135],[-71.68975,-39.56838],[-71.6774,-39.56849],[-71.61782,-39.61665],[-71.52,-39.615],[-71.50351,-39.60166],[-71.49566,-39.56559],[-71.54196,-39.53231],[-71.46165,-39.43382],[-71.47762,-39.40219],[-71.47654,-39.38297],[-71.42021,-39.34215],[-71.41204,-39.31796],[-71.40197,-39.236],[-71.43023,-38.99912],[-71.41577,-38.93535],[-71.3999,-38.91054],[-71.3707,-38.88801],[-71.27975,-38.85019],[-71.23603,-38.81164],[-71.15284,-38.79882],[-71.04842,-38.74663],[-70.94504,-38.74725],[-70.90954,-38.70642],[-70.87383,-38.69144],[-70.8858,-38.66053],[-70.88342,-38.64307],[-70.83758,-38.58447],[-70.8343,-38.56441],[-70.84867,-38.52762],[-70.95047,-38.45941],[-70.97375,-38.42468],[-71.01974,-38.23431],[-71.00866,-38.16764],[-71.02352,-38.1046],[-71.00742,-38.07101],[-71.03744,-38.03659],[-71.06114,-37.9784],[-71.08759,-37.94016],[-71.09491,-37.89738],[-71.13325,-37.83846],[-71.18503,-37.70607],[-71.19077,-37.64003],[-71.17242,-37.6145],[-71.12793,-37.58442],[-71.14173,-37.54391],[-71.1177,-37.4665],[-71.12307,-37.44324],[-71.16829,-37.39157],[-71.19475,-37.34351],[-71.2056,-37.29266],[-71.14648,-37.21483],[-71.14762,-37.15479],[-71.1393,-37.13329],[-71.08912,-37.10342],[-71.13955,-37.06166],[-71.15604,-37.00275],[-71.20715,-36.97237],[-71.16147,-36.97547],[-71.13568,-36.95149],[-71.14017,-36.93754],[-71.16906,-36.92193],[-71.15878,-36.88266],[-71.19164,-36.85837],[-71.19516,-36.83915],[-71.15154,-36.76049],[-71.14534,-36.68825],[-71.12994,-36.67688],[-71.11,-36.67854],[-71.07302,-36.69683],[-71.05744,-36.68763],[-71.06891,-36.5664],[-71.06142,-36.52041],[-71.04328,-36.48434],[-71.00998,-36.47751],[-70.97104,-36.48547],[-70.93497,-36.47255],[-70.90779,-36.40517],[-70.89037,-36.40041],[-70.8072,-36.43338],[-70.71865,-36.41457],[-70.70891,-36.4032],[-70.7086,-36.37995],[-70.73222,-36.33427],[-70.71266,-36.30026],[-70.71051,-36.26585],[-70.66163,-36.24456],[-70.62468,-36.20518],[-70.60437,-36.19464],[-70.58142,-36.14317],[-70.5453,-36.14275],[-70.49913,-36.16363],[-70.47115,-36.16249],[-70.45148,-36.15226],[-70.42273,-36.11661],[-70.4043,-36.07444],[-70.38694,-36.05873],[-70.38368,-36.03051],[-70.41257,-35.95734],[-70.38368,-35.91321],[-70.39074,-35.90587],[-70.42079,-35.9038],[-70.42024,-35.86835],[-70.35733,-35.81523],[-70.36157,-35.78309],[-70.42154,-35.65968],[-70.41226,-35.60739],[-70.4181,-35.54754],[-70.40823,-35.5062],[-70.44546,-35.46114],[-70.47177,-35.37939],[-70.42838,-35.35707],[-70.43975,-35.33216],[-70.47528,-35.31407],[-70.56042,-35.29836],[-70.57889,-35.25971],[-70.5429,-35.20927],[-70.38663,-35.16669],[-70.36852,-35.09713],[-70.3726,-35.02468],[-70.35371,-34.95327],[-70.27671,-34.79824],[-70.3163,-34.74563],[-70.27315,-34.72703],[-70.25222,-34.69581],[-70.24243,-34.61944],[-70.22783,-34.58533],[-70.15073,-34.51815],[-70.11429,-34.44735],[-70.06758,-34.41459],[-70.05869,-34.39578],[-70.0645,-34.31351],[-70.05758,-34.29119],[-70.04035,-34.27703],[-69.98924,-34.26907],[-69.91157,-34.28457],[-69.90229,-34.26866],[-69.83276,-34.24323],[-69.82889,-34.23331],[-69.87325,-34.13998],[-69.86397,-34.10753],[-69.85581,-33.98475],[-69.8656,-33.95767],[-69.90955,-33.9557],[-69.89728,-33.87137],[-69.91425,-33.77194],[-69.86005,-33.72636],[-69.85968,-33.71138],[-69.89537,-33.66229],[-69.87294,-33.58601],[-69.87883,-33.558],[-69.86927,-33.54291],[-69.84147,-33.53278],[-69.8309,-33.45816],[-69.79447,-33.41465],[-69.78767,-33.37941],[-69.80568,-33.34427],[-69.8139,-33.28949],[-69.83684,-33.26572],[-69.90529,-33.23823],[-69.94056,-33.24288],[-69.98386,-33.29445],[-70.01001,-33.2991],[-70.04112,-33.23895],[-70.10083,-33.18686],[-70.10946,-33.1696],[-70.09218,-33.09178],[-70.11119,-33.03845],[-70.10295,-33.01829],[-70.08892,-33.00827],[-70.04249,-32.99266],[-70.00022,-32.8766],[-70.05432,-32.85076],[-70.08727,-32.82327],[-70.14003,-32.76828],[-70.15574,-32.73841],[-70.18109,-32.60757],[-70.17057,-32.57274],[-70.13773,-32.56902],[-70.15788,-32.54246],[-70.16083,-32.4853],[-70.17248,-32.46494],[-70.22726,-32.43466],[-70.24532,-32.40396],[-70.24237,-32.33027],[-70.26919,-32.29906],[-70.3218,-32.28015],[-70.32973,-32.25555],[-70.32725,-32.21969],[-70.34552,-32.17473],[-70.33524,-32.14],[-70.3556,-32.12264],[-70.3612,-32.08584],[-70.38908,-32.05308],[-70.38748,-32.04171],[-70.37332,-32.0304],[-70.31004,-32.04771],[-70.2847,-32.04678],[-70.2417,-31.96146],[-70.24447,-31.94224],[-70.27501,-31.90699],[-70.31333,-31.88208],[-70.42828,-31.87009],[-70.46414,-31.83826],[-70.48399,-31.79764],[-70.48631,-31.73119],[-70.52721,-31.68427],[-70.58977,-31.56768],[-70.57899,-31.43198],[-70.55466,-31.36294],[-70.56897,-31.30424],[-70.5468,-31.26455],[-70.53592,-31.17257],[-70.4798,-31.09671],[-70.46779,-31.08937],[-70.4481,-31.09764],[-70.43562,-31.14135],[-70.4234,-31.15376],[-70.40864,-31.15004],[-70.38089,-31.12161],[-70.37239,-31.09216],[-70.33978,-31.04172],[-70.32095,-31.03366],[-70.26656,-31.03645],[-70.26759,-31.02384],[-70.32513,-30.97165],[-70.33922,-30.93816],[-70.31948,-30.80081],[-70.30503,-30.76546],[-70.27617,-30.72557],[-70.27599,-30.67306],[-70.2354,-30.59162],[-70.2171,-30.51514],[-70.19698,-30.48682],[-70.15119,-30.45974],[-70.14393,-30.43959],[-70.14871,-30.41871],[-70.17377,-30.38223],[-70.17341,-30.36466],[-70.14693,-30.35391],[-70.03019,-30.39711],[-69.96459,-30.37479],[-69.91214,-30.32952],[-69.90281,-30.31267],[-69.89074,-30.22895],[-69.87707,-30.21314],[-69.84896,-30.19909],[-69.83576,-30.16188],[-69.84974,-30.12664],[-69.88072,-30.09976],[-69.91867,-30.08777],[-69.97324,-30.08943],[-69.98037,-30.07248],[-69.94128,-30.01305],[-69.92798,-29.97677],[-69.9156,-29.80562],[-69.92909,-29.71829],[-69.9635,-29.68553],[-69.97319,-29.6661],[-69.96846,-29.58331],[-70.01955,-29.40441],[-70.04262,-29.36306],[-70.04066,-29.29754],[-70.03112,-29.27718],[-69.98032,-29.25],[-69.97616,-29.23346],[-69.9895,-29.21444],[-69.92198,-29.16804],[-69.91095,-29.14323],[-69.84436,-29.12928],[-69.82232,-29.12008],[-69.80393,-29.09869],[-69.79576,-29.05011],[-69.8063,-28.98014],[-69.80279,-28.93994],[-69.76731,-28.88423],[-69.76483,-28.8586],[-69.73584,-28.8124],[-69.73277,-28.79431],[-69.75592,-28.7077],[-69.75339,-28.67339],[-69.72207,-28.61066],[-69.70088,-28.5844],[-69.6784,-28.57386],[-69.67236,-28.45769],[-69.65303,-28.39785],[-69.55353,-28.31786],[-69.51009,-28.26752],[-69.49051,-28.19838],[-69.47617,-28.18794],[-69.42031,-28.21264],[-69.36716,-28.13037],[-69.33083,-28.05245],[-69.31176,-28.03653],[-69.3131,-28.01452],[-69.30323,-27.99953],[-69.27515,-27.98289],[-69.2159,-27.96852],[-69.19019,-27.95137],[-69.17301,-27.92408],[-69.12433,-27.73443],[-69.11821,-27.72213],[-69.07583,-27.69619],[-69.09322,-27.6565],[-69.09234,-27.64017],[-69.05387,-27.59966],[-69.02857,-27.55129],[-69.01901,-27.52431],[-69.01741,-27.46044],[-69.01015,-27.44887],[-68.95863,-27.42106],[-68.93145,-27.39523],[-68.88305,-27.29497],[-68.87972,-27.22149],[-68.87075,-27.19844],[-68.81432,-27.12031],[-68.7643,-27.1046],[-68.71862,-27.10666],[-68.64947,-27.15121],[-68.61072,-27.16568],[-68.58586,-27.16279],[-68.55739,-27.10739],[-68.51801,-27.0769],[-68.49424,-27.06863],[-68.42215,-27.06202],[-68.37735,-27.04445],[-68.33048,-27.04496],[-68.32913,-27.00011],[-68.30211,-26.92662],[-68.30536,-26.898],[-68.32014,-26.87009],[-68.57015,-26.55063],[-68.58741,-26.50825],[-68.59532,-26.4573],[-68.59392,-26.37865],[-68.57516,-26.30351],[-68.54612,-26.26909],[-68.41988,-26.17928],[-68.40902,-26.14424],[-68.48638,-25.83656],[-68.49848,-25.75491],[-68.52189,-25.70561],[-68.55935,-25.66303],[-68.55961,-25.60856],[-68.56881,-25.58779],[-68.55501,-25.5726],[-68.60291,-25.51069],[-68.60994,-25.47421],[-68.60596,-25.437],[-68.51605,-25.18358],[-68.49305,-25.15588],[-68.47403,-25.14544],[-68.39921,-25.14482],[-68.36665,-25.12343],[-68.36737,-25.10338],[-68.44354,-25.02111],[-68.43739,-24.97408],[-68.46907,-24.93677],[-68.46571,-24.9221],[-68.47305,-24.90794],[-68.48995,-24.89584],[-68.51021,-24.89553],[-68.55516,-24.86215],[-68.57801,-24.80872],[-68.57237,-24.76986],[-68.52132,-24.67529],[-68.49553,-24.6018],[-68.48184,-24.59881],[-68.4515,-24.6293],[-68.4377,-24.57969],[-68.39765,-24.50052],[-68.37983,-24.49111],[-68.32681,-24.49825],[-68.27684,-24.43231],[-68.26242,-24.39675],[-68.24449,-24.38538],[-67.41229,-24.05558],[-67.36237,-24.03037],[-67.33979,-24.0006],[-67.01397,-23.00071],[-67.1939,-22.82222]]},"properties":{"kind":"country_border"}},{"type":"Feature","geometry":{"type":"LineString","coordinates":[[33.7819,34.97621],[33.79435,34.97776],[33.75921,34.98867],[33.78099,34.97634]]},"properties":{"kind":"country_border"}},{"type":"Feature","geometry":{"type":"LineString","coordinates":[[33.74615,35.01521],[33.75206,35.00432],[33.74279,35.00123],[33.74615,35.01521]]},"properties":{"kind":"country_border"}},{"type":"Feature","geometry":{"type":"LineString","coordinates":[[47.94801,29.99405],[47.73143,30.08855],[47.67417,30.09822],[47.41579,30.09822],[47.35823,30.09212],[47.1971,30.03424],[47.1447,30.00334],[47.11049,29.96091],[47.02543,29.77214],[46.98884,29.71266],[46.97737,29.65798],[46.95784,29.62044],[46.88311,29.51251],[46.85345,29.44456],[46.77449,29.36353],[46.71186,29.27139],[46.53244,29.09574],[46.35746,29.06314],[44.71746,29.1931],[44.69182,29.20184],[44.11915,29.60582],[42.85871,30.49468],[42.0754,31.07986],[40.42413,31.92053],[40.37028,31.93847],[40.02901,31.99448],[39.15774,32.12135],[39.14637,32.11814],[39.14617,32.12584],[39.26647,32.21287],[39.292,32.24452],[39.25634,32.34268],[39.23578,32.35286],[39.04633,32.30849],[39.02876,32.32834],[38.97822,32.47497],[39.05718,32.4966],[38.77451,33.37169],[36.80657,32.31304],[36.72864,32.3278],[36.70694,32.32834],[36.68957,32.31966],[36.6535,32.34286],[36.48018,32.36079],[36.46395,32.36939],[36.38789,32.37932],[36.17736,32.52732],[36.15586,32.5152],[36.06625,32.51732],[36.006,32.60791],[36.00362,32.65509],[35.95536,32.65744],[35.93748,32.674],[35.94419,32.69077],[35.92249,32.69377],[35.89572,32.71328],[35.78823,32.73441],[35.76973,32.74805],[35.79113,32.7741],[35.81542,32.78653],[35.8427,32.82167],[35.86068,32.88016],[35.92383,32.96768],[35.87712,32.99264],[35.86461,33.08155],[35.86844,33.10728],[35.90275,33.10961],[35.8919,33.12441],[35.9106,33.13539],[35.91133,33.16581],[35.90037,33.17981],[35.88487,33.17906],[35.8888,33.19859],[35.86616,33.22596],[35.85128,33.27583],[35.81934,33.28443],[35.84497,33.30389],[35.83019,33.36476],[35.84497,33.389],[35.86999,33.40693],[35.87009,33.43124],[35.8211,33.40672],[35.80994,33.36003],[35.76384,33.3344],[35.80208,33.31249],[35.7686,33.2727],[35.80363,33.24846],[35.80766,33.20172],[35.83019,33.18999],[35.8334,33.16113],[35.81149,33.12676],[35.81149,33.11191],[35.8489,33.09868],[35.85903,32.99021],[35.88807,32.94494],[35.84973,32.89582],[35.83423,32.82795],[35.75759,32.74435],[35.68519,32.71123],[35.63599,32.67914],[35.61176,32.6819]]},"properties":{"kind":"country_border"}},{"type":"Feature","geometry":{"type":"LineString","coordinates":[[126.66746,37.82781],[126.66579,37.93763],[126.72211,37.95394],[126.76191,37.979],[126.84733,38.08202],[126.91983,38.1346],[126.95373,38.20067],[126.97192,38.21891],[127.09046,38.28586],[127.15749,38.30722],[127.37711,38.31851],[127.47194,38.29591],[127.56082,38.31208],[127.75373,38.32536],[127.78701,38.29668],[127.80076,38.29392],[127.86685,38.30485],[128.03986,38.30428],[128.10849,38.3235],[128.17236,38.35595],[128.22559,38.39978],[128.26807,38.45352],[128.28109,38.48437],[128.28543,38.51985],[128.27478,38.5715],[128.28109,38.58442],[128.36492,38.62433]]},"properties":{"kind":"country_border"}},{"type":"Feature","geometry":{"type":"LineString","coordinates":[[25.15089,31.65648],[25.08842,31.61352],[25.06041,31.57937],[25.02372,31.49441],[24.86125,31.38036],[24.84895,31.34863],[24.8595,31.14596],[24.88265,31.03909],[24.99489,30.7851],[24.95065,30.62123],[24.92037,30.55235],[24.90766,30.49866],[24.82973,30.38755],[24.77237,30.33102],[24.68865,30.18276],[24.68834,30.14416],[24.69733,30.12261],[24.72555,30.07837],[24.81164,29.89089],[24.81495,29.84857],[24.79821,29.79643],[24.80492,29.7548],[24.85619,29.67948],[24.87066,29.63835],[24.86384,29.5029],[24.95665,29.29268],[24.97432,29.23894],[24.98124,29.18137],[24.98052,20.00206],[24.96802,19.99496],[23.98131,19.99542],[23.98131,19.49612],[21.88149,20.53306],[19.90528,21.50887],[17.92896,22.48478],[15.9851,23.44472],[15.96464,23.44221],[14.97927,22.99537],[14.23172,22.61795],[14.21622,22.6163],[13.59956,23.11903],[13.48226,23.17967],[11.96886,23.51735],[10.88004,22.87537],[9.72331,22.19343],[8.63449,21.5515],[7.48273,20.87258],[7.02053,20.49544],[5.91636,19.54628],[5.7943,19.4498],[5.74934,19.4337],[4.41723,19.17842],[3.35869,18.97685],[3.31838,18.97771],[3.28489,18.99574],[3.22598,19.05106],[3.13875,19.09604],[3.10413,19.13553],[3.10268,19.15356],[3.13927,19.22193],[3.17441,19.25164],[3.19291,19.3258],[3.25099,19.36546],[3.26081,19.38833],[3.25823,19.41039],[3.22598,19.45969],[3.23229,19.49548],[3.21224,19.51716],[3.19942,19.55377],[3.21679,19.79406],[3.1988,19.82052],[3.13049,19.84522],[3.07261,19.88889],[2.946,19.94165],[2.67181,19.99622],[2.61693,19.99837],[2.51481,20.01594],[2.4004,20.05655],[2.31648,20.18016],[2.27958,20.21794],[2.20083,20.27391],[2.16135,20.27494],[2.09747,20.22419],[2.07122,20.21326],[1.9934,20.23595],[1.95526,20.25491],[1.9134,20.23109],[1.89139,20.23179],[1.87061,20.28354],[1.85501,20.29483],[1.7992,20.29489],[1.77811,20.30429],[1.65915,20.39752],[1.64923,20.41209],[1.64396,20.52268],[1.6237,20.55125],[1.55973,20.5975],[1.52035,20.61699],[1.36398,20.65771],[1.34693,20.66913],[1.2967,20.73346],[1.25225,20.73899],[1.19128,20.73057],[1.15459,20.73879],[1.14725,20.75145],[1.14528,20.79589],[1.1675,20.88601],[1.18011,20.99531],[1.15934,21.08151],[1.14652,21.10171],[-0.35703,22.08475],[-1.83004,23.04782],[-3.20949,23.9497],[-4.51602,24.80399],[-5.51596,25.42326],[-7.09912,26.35436],[-8.68239,27.28542],[-8.68239,27.66144],[-8.81703,27.66147],[-8.81292,27.61335],[-8.78362,27.53036],[-8.77339,27.46003],[-8.80171,27.36042],[-8.79584,27.30769],[-8.75287,27.19049],[-8.75287,27.15046],[-8.7939,27.12018],[-9.00092,27.08992],[-9.20747,27.09969],[-9.35201,27.09773],[-9.41206,27.08796],[-9.48632,27.04987],[-9.73436,26.86043],[-9.81686,26.84968],[-9.89937,26.84968],[-10.03171,26.91022],[-10.06587,26.90828],[-10.12204,26.87996],[-10.18844,26.86043],[-10.25045,26.86043],[-10.55028,26.99029],[-10.65327,27.00006],[-10.75678,27.01959],[-10.82908,27.00983],[-10.92184,27.00983],[-11.14937,26.9405],[-11.39157,26.88291],[-11.36031,26.79304],[-11.31587,26.74421],[-11.31587,26.68364],[-11.3369,26.6329],[-11.46971,26.5196],[-11.51069,26.46981],[-11.55221,26.40046],[-11.63621,26.29499],[-11.68355,26.21297],[-11.71724,26.10358],[-11.75388,26.08601],[-11.87986,26.0704],[-12.02975,26.03035],[-12.06001,25.9903],[-12.08006,25.91997],[-12.08006,25.8702],[-12.16987,25.63973],[-12.31002,25.11043],[-12.35984,24.96979],[-12.43014,24.83017],[-12.49998,24.7696],[-12.62984,24.67976],[-12.99018,24.4698],[-13.06002,24.40048],[-13.22996,24.0899],[-13.31001,23.98055],[-13.39011,23.9405],[-13.47995,23.91022],[-13.66012,23.83012],[-13.76998,23.79013],[-13.8398,23.75008],[-13.89013,23.69049],[-13.97994,23.5196],[-14.01999,23.41025],[-14.10006,23.09968],[-14.12009,22.96005],[-14.16991,22.75985],[-14.1899,22.58991],[-14.1899,22.45026],[-14.22019,22.30965],[-14.31005,22.19051],[-14.37984,22.1202],[-14.43991,22.08015],[-14.45991,22.0401],[-14.51999,21.99034],[-14.58004,21.91024],[-14.62985,21.86042],[-14.60983,21.75007],[-14.66988,21.59966],[-14.74997,21.50008],[-14.83981,21.45027],[-14.97017,21.4405],[-15.45993,21.45027],[-15.74996,21.49032],[-16.04002,21.50008],[-16.18989,21.48055],[-16.58004,21.48055],[-16.72996,21.4698],[-17.01374,21.41997]]},"properties":{"kind":"country_border"}},{"type":"Feature","geometry":{"type":"LineString","coordinates":[[-85.70174,11.08088],[-85.63115,11.19622],[-85.59779,11.20994],[-85.50863,11.15242],[-84.9314,10.94189],[-84.9084,10.93936],[-84.88497,10.94768],[-84.70777,11.06305],[-84.67645,11.07041],[-84.62067,11.03576],[-84.58168,11.03447],[-84.49817,11.00199],[-84.45784,10.96135],[-84.4382,10.9522],[-84.41776,10.95504],[-84.35547,10.99463],[-84.34598,10.9899],[-84.3418,10.9599],[-84.31074,10.91941],[-84.26428,10.90182],[-84.20837,10.86097],[-84.20465,10.83699],[-84.2271,10.81931],[-84.1916,10.78172],[-84.18041,10.78976],[-84.137,10.78916],[-84.11843,10.77123],[-84.10693,10.76691],[-84.08856,10.77552],[-84.07644,10.76381],[-84.05163,10.77955],[-84.03456,10.77552],[-84.0227,10.78722],[-84.00923,10.78945],[-83.9982,10.78206],[-83.99363,10.765],[-83.93332,10.71805],[-83.91728,10.71348],[-83.88686,10.72715],[-83.85953,10.72178],[-83.83534,10.74761],[-83.76896,10.77247],[-83.69814,10.78916],[-83.66303,10.80702],[-83.66013,10.83417],[-83.66985,10.89172],[-83.67983,10.89701],[-83.6788,10.91615]]},"properties":{"kind":"country_border"}},{"type":"Feature","geometry":{"type":"LineString","coordinates":[[14.06491,13.07799],[14.41817,13.08114],[14.43543,13.07029],[14.50467,12.969],[14.50612,12.93208],[14.4901,12.87361],[14.54901,12.81821],[14.5548,12.7669],[14.56937,12.7694],[14.57526,12.74491],[14.604,12.7608],[14.61836,12.7592],[14.62425,12.74188],[14.66446,12.71597],[14.69402,12.72372],[14.70993,12.71824],[14.71676,12.70181],[14.70208,12.669],[14.71365,12.65251],[14.73412,12.68042],[14.7521,12.66894],[14.76884,12.63324],[14.81918,12.63882],[14.83075,12.61825],[14.86383,12.49547],[14.84956,12.45702],[14.86383,12.44704],[14.86589,12.45257],[14.87747,12.44704],[14.87747,12.4272],[14.89121,12.40265],[14.90827,12.3269],[14.89804,12.20747],[14.91158,12.18014],[14.89483,12.16737],[14.89804,12.1528],[14.9648,12.09244],[15.01183,12.10862],[15.04945,12.08459],[15.04056,12.05565],[15.05307,12.03803],[15.04945,12.01193],[15.08118,11.97167],[15.04831,11.96279],[15.0634,11.92728],[15.04201,11.90238],[15.04418,11.87731],[15.051,11.8616],[15.07983,11.85122],[15.11094,11.7829],[15.08355,11.74817],[15.0972,11.72766],[15.07611,11.72146],[15.0665,11.68063],[15.08521,11.61588],[15.12386,11.56317],[15.13564,11.53082],[15.12231,11.50323],[15.07611,11.45331],[15.06061,11.41613],[15.04945,11.33727],[15.06309,11.30993],[15.03332,11.26027],[15.02123,11.18255],[15.03519,10.99463],[15.07901,10.89815],[15.06309,10.83076],[15.06588,10.79311],[15.14991,10.62313],[15.13234,10.5654],[15.13172,10.5407],[15.14443,10.51631],[15.1866,10.50587],[15.21833,10.48722],[15.24117,10.4329],[15.27837,10.39428],[15.28427,10.34929],[15.30142,10.31175],[15.43919,10.18525],[15.4764,10.13274],[15.53614,10.08052],[15.6028,10.04099],[15.63794,10.02996],[15.68124,9.99128],[15.4394,9.93169],[15.38297,9.9302],[15.21492,9.98409],[15.15549,9.98652],[15.10071,9.9789],[15.06123,9.94924],[15.03301,9.94286],[14.89814,9.96048],[14.77257,9.92175],[14.73246,9.92381],[14.44049,9.99531],[14.1817,9.97818],[14.17353,9.97503],[14.16836,9.94774],[14.11979,9.85201],[14.08847,9.80963],[14.00672,9.73928],[13.94595,9.65264],[13.9476,9.63776],[14.03649,9.56877],[14.32133,9.24316],[14.33115,9.20021],[14.34954,9.16836],[14.79386,8.81362],[14.84605,8.81099],[14.89938,8.77432],[14.9401,8.72965],[14.95509,8.67622],[15.03126,8.65875],[15.05193,8.64379],[15.11074,8.55514],[15.1837,8.47915],[15.34535,8.13599],[15.40653,7.92158],[15.44074,7.83942],[15.48787,7.80495],[15.5629,7.79245],[15.56218,7.69018],[15.54895,7.6308],[15.52198,7.57608],[15.48105,7.52326],[15.55195,7.50988],[15.62481,7.51975],[15.66853,7.51629],[15.72,7.46864],[15.75835,7.45557],[15.92526,7.48817],[15.9757,7.5152],[16.02634,7.57489],[16.04298,7.58393],[16.16266,7.61111],[16.20721,7.61354],[16.28276,7.6601],[16.37081,7.6725],[16.38301,7.68067],[16.38714,7.69467],[16.39221,7.78361],[16.4074,7.79606],[16.43737,7.78836],[16.45091,7.79208],[16.47572,7.8358],[16.49174,7.84924],[16.54868,7.87001],[16.5493,7.79472],[16.57638,7.7678],[16.61307,7.74821],[16.61814,7.73431],[16.60987,7.7016],[16.61421,7.67958],[16.62455,7.66868],[16.68687,7.64579],[16.70981,7.62775],[16.76862,7.55024],[16.78237,7.54114],[16.80552,7.54368],[16.83673,7.5675],[16.85389,7.5675],[16.84717,7.59158],[16.85482,7.61147],[16.88065,7.63287],[16.91962,7.64408],[16.98194,7.64873],[16.99755,7.66672],[17.03899,7.66248],[17.04561,7.6847],[17.05935,7.69653],[17.10193,7.67772],[17.18865,7.76413],[17.21107,7.76831],[17.22068,7.79818],[17.25086,7.82283],[17.38574,7.87048],[17.41912,7.89823],[17.46635,7.88412],[17.50366,7.92624],[17.58077,7.9406],[17.59999,7.95037],[17.62066,7.97874],[17.63988,7.98504],[17.67978,7.9852],[17.85879,7.96045],[18.07045,8.0192],[18.50825,8.03067],[18.58928,8.04788],[18.61791,8.09013],[18.61864,8.13865],[18.63858,8.17764],[18.67259,8.20751],[18.77377,8.24862],[18.81304,8.27642],[18.8549,8.3398],[18.90131,8.38864],[18.92053,8.43212],[19.02047,8.54558],[19.0613,8.62562],[19.12413,8.67508],[19.10388,8.69805],[19.05778,8.7297],[19.04869,8.74567],[18.92911,8.79654],[18.91733,8.80515],[18.90296,8.84481],[18.88653,8.83584],[18.86978,8.84941],[18.86968,8.86411],[18.89273,8.89793],[18.91774,8.89881],[18.92291,8.91822],[18.9719,8.93822],[19.02192,8.98521],[19.10057,9.01526],[19.16878,9.00222],[19.19204,9.02017],[19.26325,9.02826],[19.29549,9.0095],[19.3048,9.02085],[19.33332,9.00656],[19.36939,9.00038],[19.42096,9.01744],[19.52132,9.00883],[19.61361,9.03167],[19.64007,9.014],[19.6564,9.02126],[19.70002,9.02059],[19.73815,9.03937],[19.78466,9.04875],[19.88946,9.04637],[19.90217,9.0518],[19.91447,9.06927],[19.92874,9.06257],[19.96904,9.08288],[19.99302,9.08459],[20.00687,9.11022],[20.02434,9.08976],[20.03116,9.11022],[20.06051,9.13435],[20.06868,9.13813],[20.09937,9.13071],[20.10103,9.14807],[20.1096,9.15117],[20.13761,9.12182],[20.15456,9.11642],[20.21265,9.14497],[20.25699,9.11642],[20.35941,9.11642],[20.37832,9.12006],[20.41243,9.14205],[20.43517,9.13813],[20.48178,9.20466],[20.5072,9.21326],[20.51299,9.22388],[20.49614,9.27088],[20.53366,9.28964],[20.54183,9.32163],[20.57231,9.30822],[20.66792,9.30202],[20.65489,9.34297],[20.7505,9.38454],[20.75794,9.37713],[20.77654,9.4078],[20.80196,9.42555],[20.82615,9.41808],[20.84145,9.48441],[20.87421,9.5025],[20.91266,9.54433],[20.92506,9.5696],[20.95596,9.58942],[20.96227,9.60693],[20.98314,9.60368],[20.9758,9.63096],[20.98996,9.63561],[20.99606,9.6483],[21.00009,9.69739],[21.01994,9.74793],[21.04267,9.76708],[21.06582,9.7545],[21.09311,9.77434],[21.1052,9.77403],[21.10675,9.79545],[21.13197,9.84943],[21.19543,9.8873],[21.20566,9.91684],[21.25692,9.97575],[21.27129,9.98725],[21.3395,9.95991],[21.37433,9.97311],[21.40689,10.00557],[21.43335,10.04605],[21.48544,10.16432],[21.51324,10.20052],[21.54497,10.22],[21.57928,10.21227],[21.65628,10.23367],[21.68894,10.28891],[21.71881,10.29663],[21.72046,10.36082],[21.75105,10.41182],[21.74361,10.41898],[21.74423,10.43911],[21.71684,10.47732],[21.70548,10.53202],[21.70548,10.57181],[21.72263,10.63672],[21.73648,10.64617],[21.76842,10.65199],[21.78485,10.66932],[21.82257,10.67875],[21.86361,10.66793],[21.92562,10.72012],[22.00386,10.74327],[22.0146,10.75456],[22.00489,10.77552],[22.01832,10.80988],[22.02949,10.82875],[22.04861,10.83699],[22.14824,10.83076],[22.17635,10.81621],[22.20064,10.86867],[22.25304,10.9153],[22.2765,10.90853],[22.31877,10.93936],[22.40703,10.96305],[22.44714,10.99827],[22.50284,10.99217],[22.51194,11.00083],[22.53468,10.98052],[22.60082,10.98781],[22.63834,10.97414],[22.68268,10.97414],[22.71988,10.96465],[22.7451,10.9438],[22.80598,10.9245],[22.86106,10.91915],[22.86323,10.89182],[23.00555,10.68682],[23.10942,10.6145],[23.29122,10.43973],[23.62401,9.90777],[23.64479,9.86307],[23.67404,9.69034],[23.66908,9.65202],[23.60613,9.53717],[23.61854,9.48831],[23.61998,9.44772],[23.62753,9.43508],[23.64086,9.43312],[23.64634,9.42503],[23.62184,9.34062],[23.63218,9.27757],[23.5495,9.18525],[23.53792,9.17815],[23.47426,9.17068],[23.45772,9.14616],[23.43571,9.01893],[23.43829,8.99454],[23.45142,8.97418],[23.47808,8.95891],[23.50547,8.96108],[23.54257,8.99728],[23.56014,8.99645],[23.56748,8.97483],[23.55363,8.88315],[23.48232,8.78339],[23.49007,8.73259],[23.50526,8.71074],[23.52573,8.70149],[23.54051,8.70479],[23.57802,8.73048],[23.59642,8.73415],[23.65709,8.71001],[23.68913,8.71068],[23.72127,8.702],[23.76892,8.72125],[23.80344,8.72213],[23.86669,8.70779],[23.92229,8.71345],[23.96208,8.69702],[24.00962,8.69888],[24.11401,8.68164],[24.21767,8.69151],[24.23576,8.682],[24.21127,8.62707],[24.25054,8.57963],[24.19318,8.53243],[24.13716,8.43887],[24.12156,8.37231],[24.13137,8.34306],[24.15287,8.31789],[24.20662,8.28327],[24.25705,8.26919],[24.30273,8.26544],[24.33209,8.24573],[24.39658,8.26782],[24.4311,8.27141],[24.46427,8.23319],[24.51285,8.20715],[24.61486,8.21715],[24.71056,8.20431],[24.74229,8.18684],[24.80017,8.18028],[24.83211,8.16573],[24.91799,8.08703],[24.92781,8.07096],[24.93009,8.03545],[24.95055,8.0144],[24.95262,7.99657],[25.05917,7.89611],[25.08956,7.88489],[25.13441,7.89254],[25.17317,7.88856],[25.19157,7.87239],[25.21689,7.86407],[25.23942,7.83596],[25.26991,7.76077],[25.26681,7.7031],[25.27942,7.65948],[25.27497,7.64196],[25.25255,7.62243],[25.1865,7.60011],[25.16521,7.5799],[25.16904,7.55117],[25.19043,7.5012],[25.24996,7.46998],[25.2851,7.43159],[25.31621,7.41722],[25.3468,7.34503],[25.41615,7.30777],[25.45512,7.27821],[25.48116,7.26617],[25.50033,7.27279],[25.51677,7.26994],[25.59242,7.21124],[25.67273,7.18783],[25.69702,7.16861],[25.72451,7.1667],[25.75024,7.14654],[25.78621,7.14267],[25.80078,7.10494],[25.87747,7.08773],[25.88873,7.05187],[25.92026,7.03415],[25.96046,7.02448],[25.96945,7.00355],[26.02609,6.99668],[26.03581,6.92227],[26.04542,6.89968],[26.07363,6.89514],[26.07735,6.85333],[26.0912,6.83033],[26.14763,6.8047],[26.17874,6.76592],[26.23621,6.72003],[26.37801,6.65329],[26.37987,6.61978],[26.30504,6.49692],[26.27021,6.46565],[26.28912,6.45943],[26.28282,6.40785],[26.28964,6.38721],[26.33522,6.36059],[26.37584,6.31259],[26.45201,6.28029],[26.45563,6.23047],[26.49583,6.22115],[26.50896,6.20546],[26.50947,6.18639],[26.50007,6.16797],[26.42927,6.11309],[26.42131,6.09366],[26.42483,6.07245],[26.48105,6.10495],[26.49883,6.09984],[26.52797,6.04317],[26.54358,6.03085],[26.60218,6.01062],[26.70502,6.00979],[26.77633,5.98188],[26.80506,5.95718],[26.81891,5.89463],[26.84216,5.88427],[26.89425,5.88967],[26.91648,5.84964],[26.98107,5.8592],[27.0035,5.81928],[27.03605,5.78513],[27.07274,5.79122],[27.1238,5.76874],[27.13631,5.73402],[27.17041,5.72035],[27.18235,5.70746],[27.19641,5.66146],[27.21837,5.64532],[27.21067,5.60162],[27.21734,5.5854],[27.24751,5.59261],[27.26105,5.57759],[27.26074,5.55026],[27.21806,5.42551],[27.2378,5.32319],[27.26446,5.26015],[27.30131,5.20519],[27.3858,5.14385],[27.40213,5.1045],[27.4413,5.07073],[27.39138,5.09222],[27.34275,5.10059],[27.30188,5.13199],[27.23971,5.14488],[27.11636,5.2003],[27.07368,5.20333],[27.02748,5.18997],[26.96164,5.15119],[26.90397,5.09439],[26.88413,5.05339],[26.86707,5.03755],[26.8493,5.0391],[26.83266,5.05339],[26.80837,5.0391],[26.76062,5.08811],[26.73943,5.09439],[26.69168,5.09439],[26.65758,5.07326],[26.63567,5.07762],[26.62967,5.06706],[26.61551,5.07824],[26.59836,5.08062],[26.57986,5.07434],[26.56818,5.05964],[26.56136,5.06706],[26.52828,5.04809],[26.50255,5.04747],[26.46265,5.05964],[26.44188,5.10429],[26.40012,5.13364],[26.39062,5.14901],[26.36271,5.13597],[26.35331,5.14777],[26.31734,5.14643],[26.27248,5.15907],[26.25398,5.17232],[26.24665,5.18997],[26.22618,5.18315],[26.22618,5.20426],[26.21357,5.19914],[26.19828,5.23839],[26.18453,5.22534],[26.17089,5.23839],[26.15735,5.23247],[26.14422,5.2518],[26.12996,5.25888],[26.11249,5.23839],[26.08841,5.24459],[26.09523,5.21105],[26.07715,5.21632],[26.06785,5.20085],[26.03736,5.19795],[26.02692,5.18997],[25.99663,5.21924],[25.97193,5.22767],[25.95839,5.21482],[25.9586,5.19738],[25.9432,5.2041],[25.92563,5.20178],[25.91251,5.19038],[25.91085,5.1701],[25.8724,5.2171],[25.84936,5.21787],[25.8261,5.1947],[25.81143,5.23092],[25.81463,5.24459],[25.79468,5.23839],[25.79231,5.26283],[25.77835,5.26914],[25.76926,5.26516],[25.78114,5.25888],[25.77174,5.24547],[25.74373,5.25061],[25.69112,5.29981],[25.65009,5.3203],[25.62343,5.30994],[25.60917,5.3203],[25.62291,5.34076],[25.60048,5.34045],[25.58126,5.37492],[25.54374,5.37528],[25.53279,5.37223],[25.54085,5.35443],[25.50447,5.34228],[25.48199,5.35686],[25.43507,5.32869],[25.41336,5.32355],[25.39569,5.33396],[25.36365,5.31056],[25.37647,5.29301],[25.3559,5.28645],[25.34339,5.27193],[25.33554,5.22844],[25.30774,5.18529],[25.31445,5.16325],[25.34122,5.1556],[25.34928,5.14168],[25.34236,5.11147],[25.325,5.08811],[25.32097,5.05225],[25.30763,5.03228],[25.24852,5.02414],[25.22753,5.00957],[25.16366,5.00564],[25.12945,5.01864],[25.10093,4.99455],[25.0848,4.95422],[25.07612,4.95184],[25.00646,4.98094],[24.95809,4.99135],[24.84833,4.93673],[24.8195,4.94448],[24.78942,4.91986],[24.77826,4.91854],[24.76637,4.92988],[24.74984,4.91874],[24.73061,4.9175],[24.65424,4.92942],[24.67077,4.95722],[24.61548,4.9851],[24.6101,5.01672],[24.60122,5.0261],[24.55347,5.0391],[24.533,5.07326],[24.51368,5.08724],[24.45962,5.10744],[24.43668,5.10059],[24.43068,5.06742],[24.41146,5.08186],[24.39637,5.1223],[24.36785,5.08455],[24.36123,5.06295],[24.37198,5.05339],[24.39689,5.04819],[24.39864,5.03602],[24.36847,5.01243],[24.29664,5.00326],[24.28465,4.99244],[24.2677,4.93572],[24.25922,4.92988],[24.25302,4.92988],[24.2462,4.95407],[24.22977,4.96117],[24.20961,4.95618],[24.15277,4.9026],[24.10843,4.92306],[24.08962,4.92022],[24.04693,4.88893],[23.978,4.85415],[23.96312,4.8687],[23.95082,4.86779],[23.94317,4.85169],[23.94834,4.81769],[23.88188,4.82689],[23.85522,4.81322],[23.81666,4.82061],[23.76003,4.78743],[23.67269,4.7672],[23.63404,4.74514],[23.58805,4.73395],[23.56655,4.72444],[23.50609,4.67643],[23.44832,4.65941],[23.43002,4.62884],[23.42744,4.60135],[23.41452,4.59083],[23.38837,4.58727],[23.35395,4.60357],[23.31644,4.60773],[23.29515,4.6276],[23.26486,4.63507],[23.25184,4.66297],[23.20864,4.69054],[23.16875,4.73811],[23.12389,4.71563],[23.0994,4.71165],[23.05516,4.7378],[23.01733,4.75051],[22.97744,4.83431],[22.92969,4.82061],[22.89837,4.82358],[22.88287,4.80074],[22.88235,4.78849],[22.89558,4.76539],[22.8653,4.73868],[22.85383,4.71126],[22.80288,4.73064],[22.78603,4.72465],[22.7574,4.6608],[22.7236,4.62884],[22.73115,4.58727],[22.71368,4.55122],[22.69704,4.53574],[22.6895,4.49166],[22.67565,4.48474],[22.61033,4.48422],[22.59245,4.47371],[22.58904,4.42195],[22.594,4.40232],[22.61374,4.37436],[22.59989,4.35255],[22.56858,4.33155],[22.53933,4.27816],[22.54615,4.23718],[22.51049,4.19127],[22.45737,4.14908],[22.42264,4.13479],[22.30327,4.12872],[22.20725,4.15032],[22.15165,4.17946],[22.12788,4.20308],[22.05781,4.21954],[22.00148,4.24465],[21.94991,4.23346],[21.86774,4.24155],[21.81989,4.27194],[21.771,4.27349],[21.73731,4.29338],[21.63416,4.29421],[21.53815,4.24465],[21.49722,4.25147],[21.47314,4.2693],[21.37485,4.27816],[21.28834,4.33338],[21.26592,4.33007],[21.23243,4.29783],[21.21093,4.29157],[21.19574,4.30292],[21.15812,4.3102],[21.15006,4.32671],[21.11357,4.34085],[21.07606,4.39547],[20.96351,4.43374],[20.87152,4.45337],[20.83235,4.45069],[20.79184,4.42619],[20.76786,4.42278],[20.68838,4.42278],[20.60311,4.40973],[20.58027,4.415],[20.45232,4.52892],[20.44209,4.5505],[20.46307,4.60093],[20.45646,4.6215],[20.42059,4.66235],[20.39548,4.67711],[20.37367,4.72444],[20.33894,4.77191],[20.23662,4.80635],[20.17172,4.87836],[20.08635,4.91626],[20.00398,4.97448],[19.89091,5.00212],[19.83861,5.08755],[19.77919,5.11816],[19.72875,5.13385],[19.60555,5.13829],[19.56876,5.15519],[19.51708,5.13597],[19.40898,5.13039],[19.37311,5.08755],[19.237,5.01078],[19.19565,4.95034],[19.11618,4.94045],[19.06905,4.89125],[19.04414,4.82689],[19.01975,4.8033],[19.01158,4.76503],[18.96228,4.72444],[18.92818,4.66643],[18.8979,4.65065],[18.88653,4.6214],[18.85242,4.59406],[18.82824,4.55998],[18.77697,4.43345],[18.7533,4.40061],[18.72106,4.37736],[18.65409,4.35723],[18.61429,4.35981],[18.59579,4.37126],[18.57647,4.37276],[18.54195,4.32785],[18.53709,4.30607],[18.54505,4.28902],[18.57254,4.26568],[18.61967,4.16957],[18.64654,4.04598],[18.64158,3.95826],[18.61367,3.90147],[18.61285,3.83375],[18.593,3.70977],[18.63455,3.44922],[18.64241,3.32383],[18.63114,3.17898],[18.61305,3.12818],[18.54143,3.08281],[18.52841,3.06478],[18.47177,2.90923],[18.42516,2.82215],[18.41834,2.78174],[18.39322,2.71369],[18.31374,2.57597],[18.23303,2.50259],[18.19913,2.38911],[18.16378,2.32105],[18.14673,2.31593],[18.11117,2.26529],[18.07242,2.16002],[18.08079,2.08416],[18.07603,1.98848],[18.08172,1.94241],[18.06611,1.85898],[18.07138,1.55146],[18.01226,1.42196],[18.00203,1.36578],[17.967,1.25372],[17.96338,1.19145],[17.95625,1.17166],[17.9148,1.102],[17.89248,1.0774],[17.86664,1.01663],[17.87822,0.94718],[17.87791,0.86791],[17.90767,0.74047],[17.8932,0.60766],[17.91842,0.53521],[17.9331,0.52705],[17.94994,0.4915],[17.9455,0.37729],[17.85403,0.24107],[17.75709,-0.00946],[17.71637,-0.1958],[17.71626,-0.24624],[17.74076,-0.34618],[17.74954,-0.52343],[17.72804,-0.55309],[17.66417,-0.61273],[17.65094,-0.64632],[17.60216,-0.68869],[17.41147,-0.91834],[17.36497,-0.96723],[17.33045,-0.98655],[17.30802,-1.01498],[17.24539,-1.03585],[17.17542,-1.04826],[17.10865,-1.07564],[17.02256,-1.09704],[17.00592,-1.10675],[16.90918,-1.21114],[16.83321,-1.26902],[16.72552,-1.47996],[16.69255,-1.52296],[16.63622,-1.62083],[16.62382,-1.6538],[16.61721,-1.72873],[16.60419,-1.75405],[16.52254,-1.86175],[16.51396,-1.88738],[16.47003,-1.9127],[16.3826,-2.0022],[16.23129,-2.12902],[16.1946,-2.18204],[16.18736,-2.20457],[16.18995,-2.24188],[16.17486,-2.30306],[16.1917,-2.34688],[16.19232,-2.39515],[16.2256,-2.63524],[16.20452,-2.78272],[16.17703,-2.88246],[16.18829,-2.97641],[16.18571,-3.1364],[16.19925,-3.17185],[16.19336,-3.23841],[16.19863,-3.25949],[16.22746,-3.28988],[16.2256,-3.31323],[16.20772,-3.36191],[16.15842,-3.44728],[16.11553,-3.54423],[16.05331,-3.61998],[16.00526,-3.72478],[15.9911,-3.73894],[15.97425,-3.78649],[15.93032,-3.85863],[15.91213,-3.91743],[15.88299,-3.94534],[15.84423,-3.9656],[15.71122,-3.99216],[15.56683,-4.03805],[15.53376,-4.05799],[15.52115,-4.0768],[15.49035,-4.1752],[15.45893,-4.21385],[15.38658,-4.24434],[15.20396,-4.33901],[15.18804,-4.37219],[15.09792,-4.49993],[15.07611,-4.52008],[15.02278,-4.54706],[15.00821,-4.57104],[14.93101,-4.6469],[14.83117,-4.81505],[14.70218,-4.88957],[14.67273,-4.89991],[14.62332,-4.89949],[14.57506,-4.87365],[14.56214,-4.85588],[14.53248,-4.85619],[14.51987,-4.84131],[14.48194,-4.84585],[14.43729,-4.88017],[14.4007,-4.88626],[14.39646,-4.85588],[14.41259,-4.77816],[14.39905,-4.73754],[14.41093,-4.70106],[14.4069,-4.67604],[14.36577,-4.62726],[14.35078,-4.55905],[14.37476,-4.53021],[14.41259,-4.5145],[14.42458,-4.50231],[14.46654,-4.44805],[14.46974,-4.42934],[14.42861,-4.4004],[14.39274,-4.35276],[14.38572,-4.33291],[14.39533,-4.28971],[14.38706,-4.2771],[14.36856,-4.27845],[14.32546,-4.3018],[14.27999,-4.31276],[14.22221,-4.35978],[14.18469,-4.37746],[14.14635,-4.38986],[14.0584,-4.40051],[14.02109,-4.41539],[13.98987,-4.45797],[13.9445,-4.49807],[13.86709,-4.48929],[13.83288,-4.44123],[13.81045,-4.42665],[13.78999,-4.42459],[13.71496,-4.45301],[13.71103,-4.46448],[13.72178,-4.56101],[13.69909,-4.64266],[13.71248,-4.68566],[13.70586,-4.69434],[13.68193,-4.69537],[13.67532,-4.73175],[13.63398,-4.72565],[13.6131,-4.73919],[13.5914,-4.7794],[13.57073,-4.78591],[13.52618,-4.75428],[13.48226,-4.77485],[13.49642,-4.79211],[13.49352,-4.79965],[13.43079,-4.84337],[13.39265,-4.88533],[13.37136,-4.84172],[13.35875,-4.7948],[13.33457,-4.77754],[13.274,-4.75583],[13.18212,-4.68607],[13.13406,-4.60235],[13.11236,-4.57693],[13.08797,-4.57951],[13.07153,-4.60163],[13.0737,-4.63532],[13.02719,-4.61217],[12.96156,-4.53383],[12.90245,-4.48019],[12.86989,-4.41198],[12.85428,-4.40309],[12.8148,-4.41291],[12.76168,-4.3912],[12.73791,-4.40495],[12.71848,-4.45187],[12.67052,-4.49135],[12.62381,-4.55926],[12.4972,-4.5853],[12.42909,-4.60752],[12.38703,-4.60545],[12.37762,-4.61941],[12.37411,-4.68318],[12.32191,-4.77816],[12.25856,-4.79077],[12.2352,-4.804],[12.2135,-4.76917],[12.19221,-4.76348],[12.15717,-4.87055],[12.13081,-4.91293],[12.00961,-5.01963]]},"properties":{"kind":"country_border"}},{"type":"Feature","geometry":{"type":"LineString","coordinates":[[80.17984,30.55948],[80.21622,30.56682],[80.25281,30.56501],[80.32588,30.54651],[80.50829,30.46233],[80.52514,30.45861],[80.57527,30.46626],[80.69474,30.41174],[80.72306,30.39205],[80.78166,30.32099],[80.97602,30.25521],[81.0033,30.21273],[80.99602,30.19697],[81.01943,30.17227],[81.0742,30.07191],[81.08485,30.02618],[81.09777,30.01693],[81.1481,30.02323],[81.19451,30.00447],[81.21683,30.0082],[81.22727,30.02246],[81.22572,30.05047],[81.2668,30.06995],[81.27595,30.09537],[81.26696,30.12509],[81.27771,30.13186],[81.32241,30.13377],[81.35005,30.15723],[81.36183,30.20477],[81.37785,30.23263],[81.36804,30.30105],[81.38726,30.34513],[81.38752,30.37391],[81.40741,30.37918],[81.42612,30.37251],[81.46281,30.34135],[81.50937,30.32838],[81.52069,30.33195],[81.53681,30.37856],[81.5767,30.39096],[81.59159,30.41427],[81.61402,30.4169],[81.77902,30.35804],[81.84439,30.37117],[81.88718,30.355],[81.94123,30.35396],[81.96903,30.32828],[82.00763,30.33681],[82.07321,30.33722],[82.08877,30.33009],[82.09321,30.31474],[82.0821,30.25733],[82.08499,30.23082],[82.0959,30.21345],[82.15569,30.18136],[82.12758,30.12436],[82.13522,30.08974],[82.15383,30.05817],[82.17424,30.05548],[82.21067,30.06442],[82.25573,30.03967],[82.31888,30.03181],[82.3473,30.00344],[82.39443,30.00313],[82.45706,29.95409],[82.54181,29.92324],[82.6185,29.83983],[82.63587,29.82903],[82.66697,29.83503],[82.68899,29.82774],[82.68175,29.79772],[82.69095,29.78074],[82.75152,29.73932],[82.78108,29.70511],[82.81554,29.69013],[82.83658,29.65979],[82.89972,29.68842],[82.93192,29.66419],[82.9759,29.66403],[83.0329,29.62047],[83.06493,29.57879],[83.07956,29.57964],[83.09336,29.61514],[83.15005,29.62563],[83.17356,29.62127],[83.18725,29.6121],[83.19717,29.5891],[83.22932,29.57595],[83.26084,29.54205],[83.26332,29.52709],[83.2472,29.49474],[83.26394,29.47301],[83.32797,29.48502],[83.3552,29.46074],[83.35701,29.41536],[83.38724,29.3935],[83.39313,29.35625],[83.42817,29.33346],[83.43721,29.30524],[83.49338,29.27615],[83.503,29.26103],[83.52372,29.18359],[83.56139,29.17623],[83.58382,29.16215],[83.63927,29.15476],[83.65601,29.16078],[83.67508,29.20876],[83.69549,29.22618],[83.71973,29.23359],[83.79321,29.23475],[83.86886,29.26343],[83.88344,29.28201],[83.91439,29.2894],[83.95795,29.28904],[83.97325,29.27703],[83.97584,29.26374],[84.01253,29.2702],[84.03521,29.24762],[84.08973,29.25661],[84.11236,29.2091],[84.15546,29.20664],[84.16166,29.19253],[84.13226,29.1438],[84.138,29.12466],[84.16621,29.09846],[84.17546,29.0574],[84.22057,29.0389],[84.23143,29.02598],[84.20673,28.94066],[84.23515,28.90002],[84.286,28.87374],[84.354,28.86129],[84.37659,28.84883],[84.42273,28.79917],[84.45084,28.73388],[84.49859,28.72786],[84.55182,28.70639],[84.61621,28.69365],[84.63264,28.66879],[84.68298,28.65076],[84.67776,28.60441],[84.69083,28.59614],[84.73662,28.59417],[84.75563,28.58541],[84.78178,28.5589],[84.81196,28.54198],[84.92849,28.53847],[84.95495,28.5743],[85.00249,28.59443],[85.02528,28.62841],[85.05494,28.63869],[85.11189,28.60882],[85.16098,28.595],[85.16801,28.58319],[85.15375,28.5249],[85.12316,28.50459],[85.10946,28.4593],[85.07758,28.43568],[85.08569,28.38101],[85.08021,28.31879],[85.0874,28.30411],[85.10941,28.29225],[85.13416,28.29197],[85.17359,28.30432],[85.22392,28.27169],[85.25958,28.26693],[85.3126,28.28277],[85.34536,28.26125],[85.36257,28.25967],[85.41523,28.29644],[85.43156,28.29706],[85.47569,28.2791],[85.52065,28.28293],[85.5653,28.27538],[85.59894,28.25083],[85.61181,28.25114],[85.63909,28.28789],[85.67506,28.30639],[85.67914,28.3329],[85.69294,28.33522],[85.69976,28.2691],[85.73449,28.22153],[85.78275,28.1881],[85.84828,28.15893],[85.86337,28.14335],[85.87174,28.11092],[85.8891,28.09028],[85.8983,28.03602],[85.95659,27.97623],[85.95122,27.91623],[85.96269,27.89137],[85.98026,27.88517],[86.0617,27.88905],[86.11286,27.9268],[86.0956,27.95786],[86.09813,27.98563],[86.07917,28.00113],[86.0847,28.04387],[86.06873,28.07676],[86.15596,28.15653],[86.17601,28.15301],[86.18604,28.13353],[86.18717,28.1087],[86.17224,28.07183],[86.20304,28.00258],[86.27807,27.98369],[86.32773,27.93969],[86.36298,27.9461],[86.4253,27.90993],[86.49692,27.93788],[86.51046,27.95243],[86.5162,28.01224],[86.53837,28.04718],[86.54415,28.09302],[86.55356,28.10415],[86.56953,28.10661],[86.61231,28.08028],[86.66198,28.10684],[86.68006,28.10573],[86.73174,28.07692],[86.7322,28.03496],[86.7398,28.02149],[86.76998,28.01209],[86.84047,28.01478],[86.86816,27.99488],[86.8769,27.97065],[86.89307,27.95419],[86.91473,27.94512],[87.00568,27.9515],[87.062,27.90843],[87.11652,27.84458],[87.1558,27.8258],[87.2329,27.82972],[87.29052,27.81608],[87.33584,27.84636],[87.36385,27.85525],[87.38534,27.84941],[87.36912,27.81908],[87.36912,27.80394],[87.53159,27.8368],[87.55133,27.83189],[87.57334,27.80502],[87.58998,27.80461],[87.63608,27.82365],[87.70047,27.80564],[87.72682,27.80776],[87.77984,27.83944],[87.82588,27.90657],[87.83668,27.90832],[87.85611,27.89861],[87.93456,27.8953],[87.97843,27.88052],[88.02995,27.89334],[88.11822,27.86088],[88.0975,27.90401],[88.09992,27.92832],[88.11574,27.94726],[88.16297,27.9469],[88.19785,27.95829],[88.37877,27.98263],[88.45577,28.03152],[88.47541,28.03625],[88.50207,28.02888],[88.55282,28.07805],[88.594,28.10661],[88.61049,28.10583],[88.65204,28.0694],[88.73565,28.05527],[88.81771,27.99488],[88.81068,27.92786],[88.84277,27.89241],[88.85507,27.85918],[88.80567,27.65511],[88.74102,27.54571],[88.74164,27.53168],[88.75756,27.51145],[88.75978,27.43507],[88.79539,27.38593],[88.83084,27.36732],[88.85202,27.34236],[88.89233,27.31554],[88.88463,27.28635],[88.86143,27.27038],[88.80117,27.25643],[88.77585,27.24087],[88.75435,27.2126],[88.73007,27.15095],[88.82763,27.09788],[88.84562,27.04956],[88.85171,26.94544],[88.88644,26.97897],[88.90665,26.98109],[88.92447,26.96166],[88.9253,26.92937],[88.93233,26.91924],[88.95455,26.91262],[88.99661,26.92275],[89.02157,26.91267],[89.06069,26.88146],[89.0965,26.82141],[89.12808,26.81345],[89.21283,26.81304],[89.24084,26.81976],[89.2736,26.84389],[89.34166,26.85433],[89.44289,26.79702],[89.50542,26.80369],[89.58609,26.78405],[89.61136,26.76596],[89.61348,26.74855],[89.59751,26.72095],[89.60981,26.71222],[89.68515,26.72457],[89.73874,26.70328],[89.81729,26.6962],[89.83496,26.73155],[89.89041,26.71486],[90.12719,26.75139],[90.1522,26.77175],[90.17742,26.83206],[90.21091,26.85149],[90.28444,26.85707],[90.32857,26.89066],[90.34883,26.89665],[90.38263,26.8918],[90.47523,26.83242],[90.58778,26.78007],[90.71708,26.76705],[91.0074,26.78214],[91.06207,26.80457],[91.19818,26.80234],[91.2325,26.79516],[91.27601,26.77408],[91.29658,26.77459],[91.34557,26.7947],[91.38846,26.85847],[91.42019,26.87154],[91.47507,26.86554],[91.50742,26.80803],[91.52065,26.79759],[91.59372,26.81077],[91.63795,26.79899],[91.70213,26.80348],[91.79525,26.8535],[91.82512,26.85847],[91.84393,26.84937],[91.86305,26.80477],[91.87866,26.80302],[91.88693,26.81444],[91.88589,26.83087],[91.87401,26.84431],[91.89551,26.8535],[91.89313,26.88136],[91.90822,26.88518],[91.92569,26.87867],[91.97509,26.84663],[92.03586,26.85485],[92.07276,26.88777],[92.08392,26.93732],[92.06697,26.99494],[92.04971,27.02683],[91.99989,27.07153],[91.9877,27.10403],[91.99586,27.15803],[92.02707,27.19984],[92.03679,27.23648],[92.08185,27.27513],[92.08878,27.29234],[92.0236,27.44678],[91.97509,27.47243],[91.90059,27.45973],[91.85658,27.46624],[91.77955,27.45648],[91.72709,27.45994],[91.65738,27.47915],[91.59506,27.54638],[91.57325,27.61971],[91.57987,27.65798],[91.62669,27.71642],[91.63577,27.78252],[91.60534,27.81066],[91.56602,27.82107],[91.56435,27.85137],[91.62834,27.85269],[91.65283,27.91675],[91.63795,27.93974],[91.60064,27.95928],[91.53749,27.96935],[91.49749,27.98408],[91.46091,27.98437],[91.41884,27.99473],[91.34143,28.03056],[91.3096,28.0564],[91.29017,28.09141],[91.26971,28.07286],[91.19467,28.07059],[91.09256,27.97168],[91.05194,27.96279],[91.00884,27.96677],[90.97515,27.98209],[90.90952,28.03266],[90.7269,28.0617],[90.66747,28.09033],[90.62189,28.07296],[90.57528,28.06583],[90.47523,28.07234]]},"properties":{"kind":"country_border"}},{"type":"Feature","geometry":{"type":"LineString","coordinates":[[21.0534,56.0726],[21.19037,56.08446],[21.22964,56.16319],[21.32762,56.22437],[21.41929,56.2374],[21.59603,56.30788],[21.6845,56.3101],[22.09408,56.41741],[22.13914,56.4157],[22.2149,56.39038],[22.51173,56.39596],[22.60475,56.37909],[22.66635,56.34909],[22.82293,56.38286],[22.88897,56.40844],[22.92452,56.41211],[22.95698,56.40198],[23.01671,56.32385],[23.06229,56.30416],[23.11273,56.31088],[23.16285,56.34101],[23.15417,56.35139],[23.17257,56.35796],[23.28843,56.37305],[23.48159,56.3301],[23.51756,56.32866],[23.60986,56.35382],[23.7067,56.35444],[23.72354,56.34581],[23.72499,56.32881],[23.85811,56.33439],[23.98131,56.3124],[24.07515,56.27119],[24.13892,56.25745],[24.31855,56.29858],[24.41435,56.26551],[24.44722,56.26052],[24.48133,56.26884],[24.539,56.28762],[24.63915,56.35997],[24.67863,56.37728],[24.80554,56.40855],[24.84585,56.40493],[24.85712,56.43537],[24.87097,56.4426],[24.89226,56.43873],[24.91014,56.42196],[24.97318,56.30075],[25.0262,56.26018],[25.07313,56.19781],[25.1092,56.18308],[25.34909,56.15988],[25.45481,56.14965],[25.52276,56.15657],[25.57289,56.14303],[25.66188,56.14081],[25.7088,56.08105],[25.76626,56.05865],[25.87127,55.99214],[26.01762,55.93736],[26.17864,55.84959],[26.27972,55.74324],[26.34235,55.71634],[26.48105,55.67831],[26.59453,55.66699],[26.60518,55.5901],[26.59556,55.56803],[26.53211,55.51625],[26.52766,55.49217],[26.54647,55.47124],[26.54327,55.45961],[26.49924,55.42809],[26.48601,55.39083],[26.4455,55.3375],[26.45004,55.32706],[26.52539,55.3081],[26.6027,55.31688],[26.76863,55.30024],[26.79157,55.29017],[26.80072,55.27332],[26.78966,55.2572],[26.76558,55.24671],[26.70109,55.23684],[26.65696,55.21534],[26.63391,55.19219],[26.61634,55.1354],[26.60094,55.12082],[26.57893,55.11855],[26.4734,55.14568],[26.42875,55.12821],[26.30948,55.14465],[26.26442,55.1401],[26.233,55.11162],[26.22463,55.05488],[26.18784,55.00874],[26.13864,54.96895],[26.10257,54.95701],[25.98113,54.94269],[25.90785,54.94807],[25.87023,54.93882],[25.84667,54.90621],[25.78269,54.86968],[25.77226,54.85086],[25.77846,54.80529],[25.73495,54.78906],[25.7212,54.76674],[25.72461,54.71568],[25.70838,54.66302],[25.73991,54.60773],[25.74042,54.5685],[25.70735,54.54153],[25.63087,54.50835],[25.61258,54.4218],[25.53,54.34614],[25.52865,54.32097],[25.5423,54.30806],[25.564,54.30315],[25.60741,54.30485],[25.68234,54.32563],[25.69598,54.32097],[25.71924,54.28155],[25.73929,54.28258],[25.78921,54.23623],[25.77195,54.21788],[25.76306,54.15644],[25.74001,54.14626],[25.69061,54.14822],[25.6535,54.12874],[25.63159,54.12833],[25.51604,54.14476],[25.49331,54.15752],[25.48576,54.1754],[25.52896,54.19566],[25.4993,54.21183],[25.50168,54.22176],[25.55397,54.23126],[25.47868,54.29333],[25.45936,54.29891],[25.43414,54.29183],[25.39404,54.25715],[25.36975,54.2479],[25.28758,54.24522],[25.20624,54.25679],[25.15653,54.17571],[25.07199,54.1322],[25.02713,54.12786],[24.90228,54.14977],[24.85598,54.14672],[24.82156,54.13453],[24.81815,54.11013],[24.7825,54.09288],[24.82136,54.01991],[24.80637,53.97531],[24.7056,53.9642],[24.66685,53.99386],[24.52866,53.95836],[24.41404,53.89769],[24.37787,53.88684],[24.25705,53.89402],[24.22915,53.93237],[24.20114,53.95247],[24.16961,53.95893],[24.04538,53.93087],[23.98131,53.9304],[23.91981,53.94777],[23.82834,53.92007],[23.78721,53.92792],[23.75445,53.91676],[23.62712,53.89821],[23.48563,53.93929],[23.52986,53.78416],[23.56479,53.74241],[23.56707,53.68101],[23.59094,53.61125],[23.67579,53.4557],[23.74297,53.36548],[23.80064,53.24246],[23.84808,53.18381],[23.89366,53.15195],[23.85935,53.06798],[23.91134,53.00506],[23.91795,52.9508],[23.9011,52.92326],[23.9225,52.7426],[23.90875,52.69986],[23.86896,52.67004],[23.73615,52.6149],[23.56903,52.58589],[23.48046,52.55442],[23.3923,52.50964],[23.21205,52.3475],[23.16564,52.28939],[23.19448,52.27146],[23.18973,52.24053],[23.39581,52.19958],[23.39137,52.1825],[23.40573,52.18591],[23.43674,52.17568],[23.45049,52.18591],[23.47095,52.17162],[23.48769,52.18162],[23.4847,52.15863],[23.5125,52.12444],[23.57937,52.12155],[23.63745,52.08447],[23.67641,51.99409],[23.64758,51.97409],[23.62867,51.94634],[23.61492,51.88425],[23.62184,51.87743],[23.60986,51.87327],[23.59456,51.8433],[23.62867,51.80976],[23.6175,51.7865],[23.56035,51.75454],[23.5466,51.71359],[23.55921,51.69517],[23.54609,51.68964],[23.56035,51.67196],[23.53244,51.65897],[23.54381,51.6438],[23.5434,51.59274],[23.57399,51.5553],[23.56035,51.5553],[23.57275,51.53967],[23.60231,51.53078],[23.60624,51.5174],[23.62412,51.5159],[23.62867,51.53122],[23.59435,51.60496],[23.62898,51.62905],[23.74969,51.64447],[23.88488,51.61987],[23.94131,51.58192],[23.98131,51.586],[24.13075,51.66979],[24.24413,51.71821],[24.27235,51.74289],[24.31152,51.82756],[24.3696,51.8751],[24.63977,51.89213],[24.72183,51.88234],[25.00274,51.91048],[25.09266,51.93975],[25.1833,51.94975],[25.35197,51.92148],[25.68348,51.91802],[25.76792,51.92851],[25.98113,51.90347],[26.05059,51.90482],[26.08076,51.90066],[26.14536,51.86485],[26.17533,51.85671],[26.40777,51.85061],[26.41976,51.84686],[26.41924,51.82092],[26.4456,51.8056],[26.66574,51.80139],[26.85477,51.74935],[26.92082,51.74253],[27.02159,51.76454],[27.15109,51.75676],[27.17785,51.74708],[27.18902,51.66377],[27.20359,51.65514],[27.27749,51.65114],[27.25403,51.59538],[27.26746,51.5875],[27.32906,51.59696],[27.409,51.59171],[27.47727,51.62367],[27.5123,51.62313],[27.62062,51.5959],[27.69266,51.58923],[27.70516,51.56835],[27.66413,51.49285],[27.71426,51.46371],[27.74056,51.47141],[27.79255,51.5173],[27.79952,51.5852],[27.83125,51.61292],[27.8542,51.61533],[27.87559,51.60804],[27.95476,51.56078],[28.07082,51.55763],[28.11423,51.57561],[28.16622,51.6331],[28.21004,51.65196],[28.2304,51.65114],[28.24513,51.64062],[28.25779,51.60176],[28.31091,51.57445],[28.33386,51.52838],[28.35964,51.52936],[28.46124,51.57166],[28.60392,51.55355],[28.6373,51.44963],[28.66355,51.43399],[28.70396,51.44262],[28.72877,51.40126],[28.75161,51.42875],[28.75223,51.48371],[28.79987,51.53262],[28.86364,51.55892],[28.98085,51.56946],[29.02363,51.61403],[29.06322,51.6306],[29.12389,51.62504],[29.16042,51.60331],[29.22652,51.51905],[29.22776,51.45562],[29.26486,51.43291],[29.297,51.37371],[29.31995,51.36557],[29.40273,51.39614],[29.46629,51.38506],[29.50546,51.43746],[29.5682,51.44963],[29.59735,51.47397],[29.63776,51.49089],[29.68271,51.4912],[29.69997,51.48371],[29.73791,51.4395],[29.82865,51.42996],[29.84663,51.43291],[29.88627,51.46479],[29.92508,51.45787],[30.00869,51.48208],[30.14863,51.48443],[30.20537,51.4665],[30.25689,51.42505],[30.3202,51.40208],[30.33001,51.37035],[30.31709,51.34059],[30.35513,51.30527],[30.38376,51.29392],[30.4281,51.29175],[30.46504,51.26194],[30.50809,51.25767],[30.53961,51.23517],[30.55067,51.2368],[30.57992,51.30367],[30.63832,51.33586],[30.63242,51.3641],[30.64555,51.36746],[30.61816,51.41872],[30.58788,51.42735],[30.58602,51.45185],[30.59356,51.4589],[30.61816,51.45965],[30.61816,51.46714],[30.58891,51.48182],[30.5854,51.50939],[30.56287,51.52177],[30.584,51.54226],[30.53414,51.55326],[30.52256,51.56272],[30.54313,51.58259],[30.51512,51.59626],[30.51512,51.60367],[30.55662,51.62362],[30.54995,51.63719],[30.57031,51.6515],[30.57031,51.69992],[30.62498,51.7061],[30.64617,51.75454],[30.61816,51.76134],[30.67056,51.79053],[30.66198,51.81942],[30.71397,51.86696],[30.73454,51.87373],[30.74167,51.89792],[30.78818,51.90061],[30.8106,51.91838],[30.80306,51.93913],[30.85804,51.95763],[30.8969,51.99833],[30.94124,51.9938],[30.95013,52.00678],[30.94052,52.02008],[30.91127,52.02256],[30.92471,52.04228],[30.91882,52.05917],[30.95933,52.07468],[31.09632,52.07961],[31.13482,52.07667],[31.22898,52.03822],[31.25244,52.0445],[31.30442,52.09749],[31.38308,52.11749],[31.47485,52.11778],[31.64993,52.09685],[31.76434,52.10057],[31.76259,52.14984],[31.68239,52.20193],[31.68192,52.23046],[31.69944,52.25146],[31.63143,52.26477],[31.56735,52.31138],[31.60275,52.34091],[31.60808,52.37246],[31.58286,52.40277],[31.58792,52.48261],[31.55299,52.50225],[31.55056,52.51189],[31.57593,52.52473],[31.55929,52.54054],[31.61076,52.53599],[31.6243,52.53806],[31.62864,52.54806],[31.57903,52.57783],[31.48064,52.68247],[31.54792,52.7057],[31.57025,52.72526],[31.56084,52.78706],[31.52395,52.81166],[31.50514,52.84889],[31.45098,52.85721],[31.38793,52.88799],[31.32261,52.97713],[31.24706,53.01439],[31.3192,53.07637],[31.3637,53.08878],[31.35993,53.13384],[31.37853,53.18203],[31.41636,53.19998],[31.53594,53.19487],[31.57366,53.20709],[31.61402,53.20975],[31.75628,53.18657],[31.79628,53.11239],[31.8555,53.11025],[31.93074,53.08834],[32.00991,53.09996],[32.08278,53.08195],[32.11729,53.0811],[32.15233,53.09635],[32.20111,53.09756],[32.21569,53.12552],[32.26798,53.12477],[32.35284,53.18045],[32.40555,53.19267],[32.45567,53.23667],[32.47913,53.27491],[32.45598,53.27778],[32.4472,53.28876],[32.45485,53.30044],[32.48058,53.30517],[32.50564,53.29719],[32.56915,53.29884],[32.59592,53.30827],[32.57995,53.32437],[32.64987,53.33367],[32.69793,53.32589],[32.71747,53.33494],[32.70444,53.36641],[32.71953,53.43948],[32.70124,53.46211],[32.64677,53.45798],[32.65029,53.48764],[32.61814,53.49426],[32.5768,53.48604],[32.55427,53.51079],[32.45293,53.5464],[32.42942,53.56159],[32.41149,53.58236],[32.39909,53.63538],[32.48058,53.66241],[32.49019,53.67714],[32.46156,53.7068],[32.44213,53.71393],[32.3718,53.7144],[32.29041,53.76085],[32.16484,53.78168],[32.0836,53.80964],[31.87318,53.77713],[31.78729,53.79439],[31.74466,53.79486],[31.7538,53.81961],[31.81013,53.8826],[31.83793,53.96213],[31.84651,53.99231],[31.82264,54.05345],[31.77127,54.04854],[31.73675,54.09417],[31.66693,54.10187],[31.58312,54.12951],[31.50638,54.14393],[31.32468,54.22925],[31.29915,54.27261],[31.28479,54.34738],[31.24872,54.37679],[31.20903,54.44805],[31.17921,54.45311],[31.1679,54.46706],[31.09358,54.47941],[31.06465,54.49228],[31.08955,54.5359],[31.16795,54.62158],[31.12862,54.64039],[31.10516,54.66829],[30.99902,54.67134],[30.98062,54.70565],[30.8273,54.77102],[30.77061,54.78601],[30.76813,54.82994],[30.82611,54.87748],[30.81484,54.92802],[30.83861,54.93918],[30.91737,54.95396],[30.93608,54.97323],[30.90662,55.01256],[30.91323,55.0246],[30.98062,55.01866],[31.00563,55.023],[31.00641,55.04243],[30.97028,55.10144],[30.98403,55.1309],[30.95881,55.14444],[30.95979,55.16258],[30.90073,55.19214],[30.8568,55.25348],[30.80409,55.27296],[30.79427,55.28552],[30.81122,55.32308],[30.84564,55.35114],[30.9183,55.38778],[30.91861,55.40763],[30.8813,55.45145],[30.88719,55.46809],[30.91323,55.47972],[30.91944,55.49232],[30.89938,55.49915],[30.91975,55.53449],[30.91282,55.5716],[30.88616,55.60048],[30.84766,55.61103],[30.77071,55.59154],[30.74219,55.59439],[30.69371,55.65216],[30.61661,55.65743],[30.59635,55.66529],[30.58375,55.67913],[30.58747,55.71831],[30.56959,55.72952],[30.4807,55.75396],[30.46928,55.76264],[30.47781,55.77913],[30.46882,55.79352],[30.27079,55.83065],[30.20025,55.85799],[30.10625,55.82192],[29.98823,55.8468],[29.90782,55.84321],[29.86947,55.83055],[29.8057,55.77145],[29.77987,55.76381],[29.71083,55.77375],[29.68416,55.7706],[29.58536,55.73802],[29.5081,55.68549],[29.48087,55.6811],[29.35075,55.76605],[29.34816,55.80285],[29.38413,55.87995],[29.44443,55.90692],[29.41307,55.93798],[29.37741,55.95403],[29.22403,55.97819],[29.14544,56.01203],[29.08864,56.02322],[29.03077,56.02418],[28.85972,55.97646],[28.83305,55.96098],[28.83088,55.93767],[28.80897,55.93457],[28.73192,55.94679],[28.70639,55.95984],[28.68061,56.02738],[28.61146,56.08846],[28.53782,56.09771],[28.38977,56.08857],[28.31091,56.04268],[28.26936,56.05821],[28.16911,56.12526],[28.14891,56.14241],[28.16911,56.16174],[28.21727,56.27073],[28.16715,56.36987],[28.16425,56.43795],[28.09325,56.50159],[28.13222,56.53598],[28.12612,56.54776],[28.01098,56.58755],[27.99744,56.60383],[27.98101,56.68701],[27.88262,56.72548],[27.86546,56.74269],[27.91889,56.80589],[27.91352,56.82015],[27.83084,56.86428],[27.7864,56.87126],[27.66118,56.83927],[27.62837,56.84415],[27.71513,56.9574],[27.72335,56.9988],[27.75074,57.04236],[27.74547,57.06799],[27.69607,57.08546],[27.68222,57.1037],[27.70098,57.11879],[27.79404,57.14339],[27.82433,57.15907],[27.84613,57.26731],[27.82774,57.30495],[27.70795,57.34813],[27.64082,57.389],[27.53628,57.4157],[27.51132,57.4304],[27.52817,57.52848],[27.35293,57.5276],[27.31997,57.51613],[27.16566,57.5467],[27.08535,57.54943],[27.06153,57.55566],[26.98107,57.60899],[26.89611,57.61499],[26.87265,57.62718],[26.85415,57.62256],[26.79576,57.57132],[26.66698,57.56486],[26.60476,57.54031],[26.59009,57.52037],[26.54223,57.52817],[26.49955,57.51582],[26.43092,57.56171],[26.29719,57.59915],[26.16851,57.70405],[26.02475,57.77436],[26.01307,57.8073],[26.02526,57.82841],[26.01452,57.84283],[25.79262,57.85598],[25.7675,57.86892],[25.73029,57.92313],[25.65009,57.91143],[25.60152,57.9122],[25.55832,57.93424],[25.54168,57.96282],[25.45718,57.98406],[25.39662,58.02318],[25.35652,58.03475],[25.32458,58.03475],[25.28169,58.07341],[25.25069,58.0685],[25.24955,58.05119],[25.28438,58.00814],[25.2325,57.98538],[25.20211,57.99197],[25.16697,58.05873],[25.14103,58.06801],[25.09421,58.06731],[25.04884,58.0562],[24.94931,58.00643],[24.87252,58.00044],[24.81681,57.97667],[24.73351,57.9922],[24.68483,57.94758],[24.53383,57.94507],[24.44164,57.90809],[24.40154,57.86647],[24.37818,57.85944],[24.30616,57.86819]]},"properties":{"kind":"country_border"}},{"type":"Feature","geometry":{"type":"LineString","coordinates":[[29.35007,-22.18671],[29.37803,-22.19291],[29.45689,-22.1588],[29.53182,-22.17244],[29.55104,-22.14599],[29.60396,-22.14506],[29.64106,-22.12924],[29.66142,-22.12645],[29.67961,-22.13834],[29.75889,-22.1309],[29.77925,-22.13637],[29.83733,-22.17244],[29.89604,-22.19136],[29.94668,-22.19828],[30.00528,-22.22226],[30.03815,-22.25378],[30.08259,-22.26288],[30.13509,-22.29357],[30.2217,-22.29089],[30.25529,-22.30474],[30.30077,-22.33698],[30.33497,-22.34473],[30.4127,-22.33688],[30.48845,-22.31021],[30.60111,-22.31641],[30.63242,-22.33068],[30.69392,-22.30277],[30.80528,-22.2945],[30.83789,-22.28231],[30.92719,-22.29574],[31.08764,-22.33688],[31.1526,-22.31641],[31.18366,-22.34556],[31.21347,-22.36189],[31.25564,-22.35796],[31.28892,-22.39734],[31.43382,-22.30205],[32.40854,-21.29033],[32.4472,-21.31368],[32.37175,-21.1879],[32.38064,-21.16548],[32.36886,-21.163],[32.33981,-21.13406],[32.46766,-20.98017],[32.49102,-20.93634],[32.49722,-20.8981],[32.46911,-20.68685],[32.48161,-20.60303],[32.51314,-20.56458],[32.55654,-20.55931],[32.60367,-20.56479],[32.64646,-20.55797],[32.67178,-20.53182],[32.73586,-20.41421],[32.85296,-20.27385],[32.86557,-20.22889],[32.85709,-20.20057],[32.87787,-20.15169],[32.88531,-20.10301],[32.89441,-20.09402],[32.92655,-20.08647],[32.94009,-20.04151],[32.95373,-20.03025],[33.00727,-20.03201],[32.99838,-20.0009],[33.002,-19.927],[33.02132,-19.86809],[33.03279,-19.78417],[32.96241,-19.73538],[32.95414,-19.71781],[32.96096,-19.6588],[32.94319,-19.64929],[32.92458,-19.65528],[32.89472,-19.68433],[32.87218,-19.69022],[32.83105,-19.68515],[32.81963,-19.6743],[32.81627,-19.65208],[32.8296,-19.62366],[32.82537,-19.59162],[32.83219,-19.50088],[32.82537,-19.47917],[32.77395,-19.47586],[32.76335,-19.46398],[32.76883,-19.36362],[32.80614,-19.32342],[32.82867,-19.28456],[32.86226,-19.11806],[32.85591,-19.08374],[32.83022,-19.05915],[32.8142,-19.0238],[32.78599,-19.0177],[32.72387,-19.02659],[32.69896,-19.02225],[32.69106,-19.01429],[32.68108,-18.95497],[32.68253,-18.94267],[32.71576,-18.91983],[32.69679,-18.89719],[32.69142,-18.83425],[32.78764,-18.79125],[32.88521,-18.78784],[32.90252,-18.77451],[32.92024,-18.72625],[32.92231,-18.69317],[32.87167,-18.57318],[32.87074,-18.53577],[32.88314,-18.52212],[32.91931,-18.51003],[32.99641,-18.46714],[33.00303,-18.44688],[32.98536,-18.41247],[33.04277,-18.35201],[33.03497,-18.33289],[32.97016,-18.27749],[32.95497,-18.2563],[32.95228,-18.23305],[32.97554,-18.18333],[32.97228,-18.15026],[32.93709,-18.04711],[32.94122,-17.99626],[32.92737,-17.97291],[32.94815,-17.95327],[32.95213,-17.94025],[32.93688,-17.87503],[32.94608,-17.83472],[32.95704,-17.81798],[32.9991,-17.79431],[33.00406,-17.67556],[33.02453,-17.61923],[33.02039,-17.59856],[33.00665,-17.58099],[32.95166,-17.55143],[32.93657,-17.49831],[32.95817,-17.47847],[33.01626,-17.37718],[33.02163,-17.34556],[32.9836,-17.31775],[32.97321,-17.29791],[32.95414,-17.16717],[32.92851,-17.1095],[32.82878,-16.93514],[32.91621,-16.84791],[32.93337,-16.81577],[32.96851,-16.68162],[32.89337,-16.71242],[32.76935,-16.69547],[32.73131,-16.7088],[32.69865,-16.68678],[32.68791,-16.62426],[32.67178,-16.59976],[32.29046,-16.45176],[32.21176,-16.44018],[32.01415,-16.44494],[31.91028,-16.42892],[31.89436,-16.42148],[31.88563,-16.40628],[31.87194,-16.35037],[31.81809,-16.31957],[31.7107,-16.21787],[31.68611,-16.20723],[31.51919,-16.19648],[31.46566,-16.16775],[31.40457,-16.16227],[31.40432,-16.14987],[31.38401,-16.14883],[31.37026,-16.12372],[31.32835,-16.09282],[31.29533,-16.04166],[31.25998,-16.02347],[31.15849,-16.00021],[31.1141,-15.9969],[31.08904,-16.01189],[31.08087,-16.02595],[31.05689,-16.01757],[31.01204,-16.05488],[30.98977,-16.06429],[30.97308,-16.06202],[30.90187,-16.00714],[30.85742,-15.99814],[30.40257,-16.00124],[30.39626,-15.636],[30.35668,-15.6515],[30.32805,-15.65243],[30.25488,-15.62886],[30.20723,-15.65315],[30.16992,-15.63217],[30.13013,-15.6237],[30.01065,-15.64623],[29.83733,-15.61481],[29.67279,-15.66328],[29.64851,-15.66659],[29.58722,-15.65574],[29.56345,-15.66214],[29.50846,-15.70359],[29.40697,-15.71423],[29.18631,-15.81283],[29.15096,-15.8488],[29.12172,-15.85934],[29.08616,-15.88456],[29.04234,-15.94626],[28.97278,-15.95143],[28.93237,-15.96373],[28.87718,-16.02202],[28.85724,-16.06047],[28.87098,-16.08723],[28.84711,-16.20268],[28.86416,-16.2312],[28.83677,-16.30634],[28.85703,-16.36546],[28.85724,-16.3882],[28.82912,-16.4346],[28.82251,-16.47078],[28.80887,-16.48628],[28.76928,-16.51522],[28.76112,-16.53227],[28.73285,-16.55811],[28.6433,-16.56875],[28.28011,-16.70652],[28.21252,-16.74859],[28.11392,-16.82755],[27.86856,-16.92966],[27.81689,-16.95964],[27.7773,-17.00118],[27.64119,-17.19848],[27.62486,-17.23331],[27.6045,-17.31279],[27.57731,-17.36313],[27.42208,-17.50482],[27.15708,-17.7693],[27.1453,-17.79411],[27.14902,-17.84248],[27.04846,-17.94428],[27.02128,-17.95854],[26.95916,-17.96474],[26.91203,-17.99203],[26.88826,-17.98459],[26.794,-18.02624],[26.75359,-18.03296],[26.7,-18.06923],[26.62884,-18.04918],[26.57024,-18.00288],[26.48549,-17.97931],[26.4086,-17.93901],[26.36271,-17.93064],[26.31827,-17.93436],[26.29429,-17.91854],[26.2392,-17.91017],[26.21192,-17.88278],[26.15859,-17.91834],[26.09523,-17.93808],[26.09523,-17.95854],[26.04655,-17.96629],[26.04056,-17.97849],[26.03374,-17.97156],[25.97855,-17.99895],[25.92449,-17.99895],[25.86362,-17.97156],[25.85349,-17.95999],[25.8475,-17.9294],[25.86362,-17.92381],[25.84967,-17.90666],[25.8044,-17.88816],[25.786,-17.86222],[25.76595,-17.84981],[25.70642,-17.82987],[25.68141,-17.81147],[25.65702,-17.81395],[25.604,-17.83617],[25.53682,-17.84868],[25.51646,-17.86232],[25.49558,-17.85488],[25.42029,-17.85488],[25.37647,-17.84124],[25.33554,-17.84124],[25.25978,-17.79411],[25.21937,-17.87979],[25.22609,-17.93188],[25.25503,-18.00112],[25.29637,-18.06861],[25.32345,-18.09662],[25.38752,-18.139],[25.44085,-18.2532],[25.4732,-18.30343],[25.49052,-18.36554],[25.5085,-18.39913],[25.57444,-18.46569],[25.62208,-18.50114],[25.66952,-18.56605],[25.76192,-18.63033],[25.77339,-18.66558],[25.77949,-18.73875],[25.81525,-18.81399],[25.94072,-18.92127],[25.9678,-19.00096],[25.94806,-19.05873],[25.94858,-19.10328],[26.03436,-19.24373],[26.13027,-19.50108],[26.15549,-19.53715],[26.19445,-19.5602],[26.30349,-19.57725],[26.33346,-19.61301],[26.31217,-19.65136],[26.38524,-19.67906],[26.43185,-19.73652],[26.50885,-19.75926],[26.54926,-19.78406],[26.56632,-19.80081],[26.58192,-19.84215],[26.59556,-19.85558],[26.6738,-19.88338],[26.7139,-19.92741],[26.73096,-19.93589],[26.81188,-19.94643],[26.92505,-20.0009],[27.02665,-20.0101],[27.06014,-20.02756],[27.09734,-20.0689],[27.16292,-20.07655],[27.20178,-20.09298],[27.26601,-20.23416],[27.284,-20.35147],[27.26839,-20.49575],[27.30601,-20.47735],[27.34074,-20.47301],[27.45391,-20.47332],[27.53411,-20.48304],[27.59085,-20.47332],[27.62579,-20.48862],[27.66599,-20.48914],[27.69813,-20.50908],[27.70557,-20.52665],[27.70263,-20.56613],[27.68248,-20.63734],[27.70733,-20.71672],[27.70961,-20.75672],[27.69441,-20.83775],[27.67602,-20.86668],[27.67266,-20.92353],[27.68036,-20.97965],[27.66661,-21.07122],[27.70919,-21.13447],[27.79384,-21.19741],[27.885,-21.31017],[27.8944,-21.32433],[27.89781,-21.35544],[27.92055,-21.38117],[27.95021,-21.43833],[27.953,-21.44866],[27.93988,-21.47802],[27.95445,-21.48783],[27.95321,-21.51047],[27.97057,-21.5144],[27.99042,-21.55191],[28.03289,-21.57785],[28.1657,-21.59522],[28.28487,-21.59687],[28.32192,-21.60349],[28.4646,-21.66033],[28.554,-21.63656],[28.6157,-21.6471],[28.66841,-21.67997],[28.7142,-21.69351],[28.86085,-21.75738],[28.98085,-21.77485],[29.03872,-21.79789],[29.05526,-21.80999],[29.05764,-21.82921],[29.01795,-21.89815],[29.01382,-21.94042],[29.02157,-21.98279],[29.04053,-22.02093],[29.07076,-22.051],[29.10797,-22.06919],[29.14487,-22.07529],[29.23933,-22.07261],[29.27364,-22.12511],[29.35007,-22.18671],[29.33152,-22.1928],[29.24822,-22.17927],[29.22207,-22.18216],[29.16884,-22.21399],[29.03872,-22.22391],[29.01805,-22.25502],[28.96023,-22.31021],[28.96793,-22.38039],[28.93041,-22.44085],[28.91253,-22.45367],[28.84659,-22.44995],[28.83119,-22.4823],[28.81682,-22.49294],[28.73135,-22.51392],[28.659,-22.55196],[28.62386,-22.56281],[28.55984,-22.56301],[28.52248,-22.58482],[28.45938,-22.56963],[28.37685,-22.575],[28.33856,-22.58462],[28.30182,-22.60384],[28.25055,-22.65562],[28.19619,-22.67164],[28.15971,-22.71815],[28.1625,-22.75897],[28.15495,-22.77199],[28.11744,-22.78946],[28.10369,-22.81675],[28.04716,-22.8369],[28.05398,-22.86915],[28.03744,-22.91142],[28.0083,-22.93477],[27.94918,-22.95389],[27.9375,-22.96382],[27.94608,-23.02903],[27.93006,-23.05704],[27.89554,-23.07947],[27.81575,-23.10469],[27.82226,-23.12298],[27.80645,-23.12835],[27.7742,-23.12515],[27.77461,-23.14076],[27.78929,-23.1638],[27.7742,-23.173],[27.75363,-23.22075],[27.73916,-23.22757],[27.72573,-23.22168],[27.69844,-23.19347],[27.64713,-23.22757],[27.60801,-23.21672],[27.59922,-23.24463],[27.58041,-23.26385],[27.57308,-23.29052],[27.56331,-23.2992],[27.56936,-23.32038],[27.56367,-23.34281],[27.54889,-23.3608],[27.50724,-23.37909],[27.45267,-23.38529],[27.42518,-23.41268],[27.41112,-23.40575],[27.41846,-23.39128],[27.4105,-23.38932],[27.38373,-23.39955],[27.3612,-23.4225],[27.34999,-23.39149],[27.29557,-23.45175],[27.23971,-23.48141],[27.2025,-23.49205],[27.1915,-23.50384],[27.20566,-23.52306],[27.18664,-23.5273],[27.17145,-23.51562],[27.15718,-23.5367],[27.14912,-23.5275],[27.12742,-23.52502],[27.12742,-23.54528],[27.14116,-23.5583],[27.13672,-23.57019],[27.11336,-23.5643],[27.07523,-23.61122],[27.06153,-23.6044],[27.07006,-23.65607],[27.05476,-23.66641],[27.03761,-23.66569],[27.02427,-23.64254],[27.01383,-23.6385],[26.96717,-23.71871],[26.9666,-23.75519],[26.93813,-23.80289],[26.945,-23.82325],[26.94118,-23.85022],[26.8709,-24.11584],[26.86893,-24.16038],[26.84971,-24.24813],[26.83917,-24.2656],[26.80227,-24.28968],[26.69292,-24.32658],[26.62347,-24.39944],[26.53118,-24.45866],[26.50606,-24.48884],[26.46947,-24.57142],[26.40436,-24.63281],[26.32571,-24.62237],[26.27879,-24.62847],[26.01358,-24.70454],[25.96604,-24.73358],[25.91468,-24.73182],[25.86837,-24.74815],[25.87675,-24.88603],[25.83706,-24.97915],[25.8352,-25.01635],[25.80492,-25.06483],[25.7829,-25.13138],[25.69546,-25.30998],[25.66353,-25.44],[25.58725,-25.61952],[25.45842,-25.71119],[25.38649,-25.74354],[25.17782,-25.76328],[25.05173,-25.73786],[25.01328,-25.74303],[24.96791,-25.76287],[24.90838,-25.80411],[24.8289,-25.82602],[24.79862,-25.82922],[24.73795,-25.81589],[24.66498,-25.82333],[24.62964,-25.8161],[24.57672,-25.78333],[24.45673,-25.74303],[24.38924,-25.75946],[24.33891,-25.75181],[24.29674,-25.72349],[24.2277,-25.64898],[24.18346,-25.62593],[24.13096,-25.62624],[24.0057,-25.65466],[24.00869,-25.63316],[23.98802,-25.61952],[23.92477,-25.62924],[23.8454,-25.56908],[23.80747,-25.52361],[23.76902,-25.50738],[23.74266,-25.46997],[23.68675,-25.45436],[23.6667,-25.43266],[23.56107,-25.35731],[23.49658,-25.32424],[23.45927,-25.28218],[23.4449,-25.27815],[23.38145,-25.29262],[23.26569,-25.26399],[23.21608,-25.26719],[23.16854,-25.28001],[23.0717,-25.326],[23.05454,-25.30254],[23.03067,-25.29944],[23.007,-25.31081],[22.96803,-25.34688],[22.95615,-25.37209],[22.92049,-25.39049],[22.88763,-25.45023],[22.84463,-25.48113],[22.81404,-25.5666],[22.83337,-25.60608],[22.81083,-25.62531],[22.81021,-25.6774],[22.75978,-25.73486],[22.74045,-25.77703],[22.74117,-25.79088],[22.75792,-25.80597],[22.76546,-25.82654],[22.70883,-25.89103],[22.72681,-25.92162],[22.71937,-25.98425],[22.70066,-26.00327],[22.66159,-26.02094],[22.665,-26.05143],[22.62325,-26.10931],[22.58025,-26.14652],[22.54511,-26.20739],[22.52796,-26.2137],[22.48259,-26.20481],[22.45086,-26.21008],[22.34285,-26.31736],[22.24828,-26.34692],[22.23774,-26.36676],[22.19744,-26.40407],[22.14617,-26.51921],[22.10814,-26.57192],[22.0577,-26.6176],[21.999,-26.65026],[21.93585,-26.6639],[21.8388,-26.66452],[21.78061,-26.67816],[21.76873,-26.68871],[21.77751,-26.76849],[21.76232,-26.80446],[21.68718,-26.85521],[21.66455,-26.86306],[21.58393,-26.84839],[21.49867,-26.84642],[21.42663,-26.82265],[21.38084,-26.82399],[21.29692,-26.84446],[21.24059,-26.84198],[21.15347,-26.86451],[21.12246,-26.86534],[20.99038,-26.83857],[20.90769,-26.80002],[20.85188,-26.80653],[20.69076,-26.89179],[20.67546,-26.85004],[20.63867,-26.81697],[20.61469,-26.7532],[20.6089,-26.68612],[20.63236,-26.59527],[20.60528,-26.54773],[20.60528,-26.49327],[20.62254,-26.42753],[20.6521,-26.40779],[20.69551,-26.34196],[20.75329,-26.27622],[20.79473,-26.20191],[20.83793,-26.14683],[20.84145,-26.13132],[20.80393,-26.07128],[20.79411,-25.89392],[20.75577,-25.81899],[20.72652,-25.82736],[20.73778,-25.79894],[20.7167,-25.73259],[20.70688,-25.71481],[20.66285,-25.68525],[20.67081,-25.64226],[20.64104,-25.6312],[20.63794,-25.62035],[20.67143,-25.5912],[20.66337,-25.56474],[20.61851,-25.52847],[20.62037,-25.50056],[20.62689,-25.48475],[20.65655,-25.4678],[20.64353,-25.45736],[20.61655,-25.46614],[20.60663,-25.46201],[20.612,-25.431],[20.59691,-25.43287],[20.58802,-25.40403],[20.54224,-25.38222],[20.52922,-25.34005],[20.51051,-25.31225],[20.5164,-25.28362],[20.4855,-25.26316],[20.48167,-25.2305],[20.44385,-25.21334],[20.43444,-25.1998],[20.44478,-25.16839],[20.36489,-25.0332],[20.23569,-24.93605],[20.15932,-24.89367],[20.10785,-24.88034],[20.0293,-24.81523],[19.98641,-24.76882],[19.98145,-24.75249],[19.98165,-28.42235],[19.94021,-28.4302],[19.8967,-28.42772],[19.82559,-28.47671],[19.74808,-28.48715],[19.68834,-28.51598],[19.58798,-28.5227],[19.56876,-28.53118],[19.53372,-28.58244],[19.51171,-28.59805],[19.48287,-28.67825],[19.45507,-28.70522],[19.33901,-28.73747],[19.30449,-28.71866],[19.29002,-28.71969],[19.26593,-28.74264],[19.24495,-28.79245],[19.28888,-28.871],[19.28836,-28.88309],[19.24371,-28.89188],[19.2185,-28.91885],[19.12021,-28.95751],[19.08166,-28.95937],[19.06006,-28.9357],[19.00693,-28.9263],[18.95453,-28.86666],[18.74566,-28.83989],[18.55394,-28.8647],[18.49616,-28.88826],[18.46939,-28.87493],[18.39756,-28.89891],[18.30868,-28.87999],[18.16647,-28.9019],[18.0441,-28.85839],[17.98333,-28.81374],[17.91325,-28.78129],[17.74634,-28.74863],[17.71409,-28.75111],[17.67378,-28.77158],[17.62872,-28.76413],[17.60712,-28.75566],[17.59803,-28.68962],[17.58294,-28.68021],[17.44093,-28.70956],[17.40362,-28.70429],[17.40176,-28.67422],[17.42057,-28.5934],[17.40961,-28.57138],[17.37303,-28.55939],[17.35949,-28.51981],[17.32424,-28.47051],[17.34119,-28.44281],[17.39132,-28.41883],[17.39969,-28.39527],[17.4,-28.34638],[17.37199,-28.30607],[17.34574,-28.22763],[17.30864,-28.22412],[17.24518,-28.23745],[17.21314,-28.23207],[17.19195,-28.20882],[17.18999,-28.11684],[17.18089,-28.09947],[17.13635,-28.08469],[17.0978,-28.03116],[17.0764,-28.02682],[17.0454,-28.03632],[17.01202,-28.05834],[16.98535,-28.05224],[16.94752,-28.0727],[16.91962,-28.05834],[16.89295,-28.08263],[16.88551,-28.162],[16.87817,-28.17203],[16.84376,-28.16386],[16.83766,-28.1682],[16.85637,-28.20665],[16.81978,-28.20975],[16.81027,-28.22288],[16.8266,-28.25192],[16.82464,-28.26453],[16.81523,-28.27083],[16.7865,-28.2576],[16.76872,-28.26535],[16.76841,-28.3037],[16.80386,-28.36612],[16.77854,-28.38297],[16.76934,-28.4426],[16.7404,-28.48095],[16.72046,-28.49604],[16.70382,-28.49449],[16.69235,-28.4611],[16.67312,-28.45976],[16.59736,-28.52622],[16.55912,-28.53707],[16.48707,-28.57293]]},"properties":{"kind":"country_border"}},{"type":"Feature","geometry":{"type":"LineString","coordinates":[[-63.01757,18.03339],[-63.107,18.06211]]},"properties":{"kind":"country_border"}},{"type":"Feature","geometry":{"type":"LineString","coordinates":[[56.23577,25.21118],[56.29315,25.24585],[56.34438,25.26653],[56.34912,25.29402],[56.30937,25.30133],[56.29069,25.32754],[56.26062,25.33108],[56.23362,25.31253],[56.24489,25.27799],[56.20838,25.25537],[56.20612,25.2306],[56.20762,25.22084],[56.23577,25.21118]]},"properties":{"kind":"country_border"}},{"type":"Feature","geometry":{"type":"LineString","coordinates":[[34.69414,-12.0004],[34.73827,-12.0095],[34.75419,-12.02014],[34.76235,-12.0403],[34.75925,-12.06562],[34.73248,-12.10903],[34.68897,-12.12453],[34.66903,-12.11781],[34.65621,-12.09724],[34.6559,-12.07626],[34.68091,-12.0094],[34.69414,-12.0004]]},"properties":{"kind":"country_border"}},{"type":"Feature","geometry":{"type":"LineString","coordinates":[[34.56164,-11.9786],[34.59844,-11.97053],[34.62748,-11.98728],[34.64122,-12.01787],[34.63172,-12.05249],[34.61115,-12.07254],[34.59606,-12.07192],[34.54407,-12.01136],[34.5418,-11.99462],[34.56164,-11.9786]]},"properties":{"kind":"country_border"}},{"type":"Feature","geometry":{"type":"LineString","coordinates":[[71.7418,39.90077],[71.7573,39.9031],[71.76712,39.91545],[71.78976,39.97932],[71.78552,39.9897],[71.70687,39.95612],[71.68175,39.95508],[71.66553,39.9402],[71.69684,39.91384],[71.7418,39.90077]]},"properties":{"kind":"country_border"}},{"type":"Feature","geometry":{"type":"LineString","coordinates":[[80.21033,42.18952],[80.16661,42.20872],[80.077,42.30577],[80.0121,42.34951],[79.96011,42.40351],[79.91794,42.42444],[79.69646,42.45984],[79.65253,42.46105],[79.57192,42.44953],[79.47642,42.45397],[79.42567,42.46961],[79.39839,42.49694],[79.35302,42.5773],[79.32129,42.60218],[79.24212,42.62978],[79.20636,42.65647],[79.17608,42.71393],[79.18083,42.77553],[79.17339,42.78563],[79.14827,42.79098],[79.10879,42.78535],[79.03087,42.75615],[78.99294,42.75713],[78.95428,42.76842],[78.88814,42.77121],[78.80793,42.79558],[78.68711,42.8046],[78.5943,42.85023],[78.49612,42.8756],[78.42956,42.88067],[78.38553,42.87824],[78.31122,42.85051],[78.22978,42.86501],[78.03062,42.85467],[77.98617,42.8602],[77.92933,42.88501],[77.88386,42.89322],[77.80996,42.87129],[77.78123,42.89563],[77.71384,42.90759],[77.6478,42.9095],[77.55778,42.88813],[77.50155,42.91454],[77.41856,42.92224],[77.32813,42.89756],[77.17868,42.9132],[77.12401,42.9589],[76.95688,42.98851],[76.89766,42.97454],[76.83348,42.97175],[76.79297,42.94306],[76.7539,42.94077],[76.74625,42.92888],[76.70791,42.91366],[76.64434,42.91113],[76.58502,42.8948],[76.48053,42.91697],[76.41407,42.8855],[76.38297,42.91007],[76.34049,42.90167],[76.2545,42.92115],[76.16375,42.92115],[76.06453,42.93397],[75.99911,42.91764],[75.85897,42.93981],[75.79716,42.93619],[75.7706,42.92565],[75.73825,42.86157],[75.70383,42.83049],[75.64616,42.8061],[75.62043,42.8053],[75.55594,42.82522],[75.49661,42.82392],[75.17859,42.84966],[75.06615,42.9026],[74.97685,42.92648],[74.94853,42.94485],[74.86285,42.97583],[74.71392,42.99988],[74.61129,43.05817],[74.55817,43.11504],[74.49822,43.13112],[74.46277,43.14863],[74.40055,43.15954],[74.34877,43.19103],[74.25865,43.21576],[74.17876,43.2617],[74.21659,43.21692],[74.2139,43.20264],[74.19736,43.19579],[74.03985,43.18186],[73.96533,43.21692],[73.93505,43.19972],[73.90167,43.13096],[73.86426,43.1161],[73.80555,43.11473],[73.63409,43.06246],[73.57094,43.03192],[73.49301,42.89495],[73.50355,42.79408],[73.42387,42.66277],[73.41271,42.62732],[73.41756,42.55616],[73.50552,42.42093],[73.5051,42.40294],[73.47689,42.39907],[73.41746,42.41705],[73.3262,42.42868],[73.31442,42.44157],[73.31659,42.49371],[73.3014,42.50707],[73.18905,42.52076],[73.11505,42.55084],[73.07061,42.55193],[72.94235,42.53604],[72.87455,42.54399],[72.81522,42.57304],[72.7806,42.62045],[72.72582,42.65288],[72.58382,42.67827],[72.47674,42.68256],[72.3584,42.7414],[72.29236,42.76106],[72.1641,42.76509],[72.10488,42.75034],[71.95698,42.8046],[71.89538,42.81604],[71.84774,42.83405],[71.69354,42.81181],[71.56631,42.75724],[71.50419,42.78961],[71.47711,42.78354],[71.40461,42.79488],[71.34756,42.74284],[71.32979,42.73703],[71.2625,42.75357],[71.24545,42.74713],[71.21145,42.70522],[71.15755,42.68794],[71.14902,42.67794],[71.14809,42.6174],[71.12701,42.59061],[71.04066,42.58053],[71.00319,42.56353],[71.0127,42.52604],[71.05786,42.4934],[71.06417,42.47033],[71.04102,42.4548],[70.97715,42.47875],[70.96195,42.46811],[70.92991,42.4123],[70.93983,42.38783],[70.9327,42.3762],[70.85266,42.30608],[70.85813,42.29106],[70.89782,42.26161],[70.94779,42.24815],[71.01404,42.2877],[71.04577,42.29096],[71.0776,42.28117],[71.21785,42.20637],[71.2532,42.19755],[71.23821,42.16024],[71.20101,42.14079],[71.11843,42.12291],[70.97715,42.04423],[70.84547,42.03036],[70.82806,41.99374],[70.82511,41.93633],[70.814,41.91954],[70.77933,41.90967],[70.6797,41.90111],[70.64895,41.88739],[70.55009,41.82406],[70.50648,41.78559],[70.45366,41.71208],[70.16929,41.57834],[70.14826,41.55245],[70.16655,41.52021],[70.20345,41.50563],[70.34442,41.4938],[70.39899,41.46496],[70.4532,41.40548],[70.51133,41.41448],[70.63381,41.4675],[70.66781,41.47137],[70.70357,41.44548],[70.7692,41.3521],[70.75628,41.26963],[70.77044,41.23852],[70.82852,41.24911],[70.86573,41.23319],[70.9142,41.19304],[70.97715,41.19635],[71.02469,41.18979],[71.08577,41.16204],[71.12308,41.15821],[71.18013,41.10814],[71.18995,41.12746],[71.18571,41.18023],[71.20638,41.18875],[71.23015,41.18725],[71.24152,41.17516],[71.25382,41.13749],[71.27615,41.11315],[71.28948,41.11387],[71.32524,41.15733],[71.39366,41.11274],[71.41608,41.12736],[71.41257,41.33469],[71.41877,41.3474],[71.48063,41.31076],[71.52383,41.29665],[71.55794,41.30172],[71.58553,41.32353],[71.61881,41.37779],[71.63741,41.43127],[71.63369,41.44962],[71.59545,41.4938],[71.62739,41.5432],[71.64951,41.54992],[71.67142,41.54739],[71.68413,41.53406],[71.6895,41.4938],[71.67193,41.42548],[71.68144,41.42285],[71.69612,41.44745],[71.72165,41.42476],[71.72971,41.43008],[71.73043,41.45117],[71.74521,41.45282],[71.84701,41.34182],[71.86882,41.27924],[71.87161,41.19449],[71.89766,41.18493],[71.97703,41.19521],[72.03377,41.15661],[72.1085,41.1964],[72.13289,41.1993],[72.15842,41.18787],[72.16989,41.16865],[72.1856,41.06065],[72.1856,41.04106],[72.16513,40.99936],[72.28978,41.02354],[72.31407,41.06168],[72.33236,41.07284],[72.37432,41.03197],[72.3952,41.02204],[72.48191,41.00882],[72.48336,40.97058],[72.54558,40.95652],[72.61947,40.88009],[72.65823,40.86717],[72.70123,40.86324],[72.83011,40.87208],[72.86866,40.86412],[72.87031,40.81818],[73.00343,40.87017],[73.05356,40.83632],[73.14337,40.83384],[73.14864,40.81369],[73.11805,40.78294],[73.07061,40.76247],[72.97676,40.73607],[72.89098,40.69509],[72.78391,40.66966],[72.76003,40.64176],[72.74835,40.5751],[72.71921,40.56486],[72.66423,40.57778],[72.65048,40.53215],[72.62547,40.5105],[72.58578,40.50874],[72.51529,40.54564],[72.44791,40.56047],[72.38156,40.61215],[72.35189,40.60197],[72.34848,40.58538],[72.37008,40.55773],[72.36347,40.51231],[72.41566,40.47929],[72.4262,40.45934],[72.41442,40.41071],[72.39406,40.38942],[72.3705,40.38565],[72.26962,40.42405],[72.21164,40.4256],[72.2165,40.43495],[72.2596,40.44239],[72.26363,40.45252],[72.23593,40.45991],[72.16586,40.45443],[72.0993,40.42637],[72.06964,40.36942],[72.04318,40.34932],[71.95667,40.31568],[71.95109,40.30152],[71.95822,40.28653],[72.01982,40.25873],[72.0254,40.25088],[72.01889,40.24003],[71.83647,40.24917],[71.80547,40.2253],[71.77591,40.17993],[71.69333,40.14112],[71.67307,40.14789],[71.66015,40.22447],[71.62832,40.25889],[71.61013,40.24638],[71.59297,40.19843],[71.52125,40.20375],[71.47711,40.2208],[71.44135,40.2609],[71.39655,40.27155],[71.36513,40.29413],[71.28322,40.29842],[71.25382,40.32441],[71.23956,40.32111],[71.20101,40.26385],[71.16938,40.26142],[71.05321,40.27424],[70.99513,40.26659],[70.95896,40.23837],[70.97952,40.21408],[70.96288,40.18969],[70.92929,40.17062],[70.89855,40.16261],[70.84516,40.17181],[70.80672,40.15615],[70.79214,40.16137],[70.72982,40.1207],[70.66595,40.10417],[70.63944,40.08494],[70.63598,40.02851],[70.61396,39.97575],[70.5766,39.95224],[70.5009,39.94056],[70.47723,39.90092],[70.45563,39.90682],[70.45087,39.93741],[70.4732,39.97012],[70.52095,39.99374],[70.53562,40.01596],[70.52549,40.03368],[70.47723,40.05203],[70.32427,40.0775],[70.30628,40.08479],[70.26349,40.12427],[70.24153,40.13275],[70.14717,40.13698],[70.00459,40.20876],[69.96956,40.2116],[69.57547,40.1036],[69.54302,40.10308],[69.51801,40.1251],[69.50633,40.09693],[69.46964,40.05099],[69.46313,40.02541],[69.47729,39.96816],[69.50158,39.92247],[69.40535,39.89612],[69.3573,39.95947],[69.32784,39.98474],[69.31399,39.98691],[69.24071,39.82894],[69.2263,39.75101],[69.23332,39.73267],[69.28009,39.69427],[69.28753,39.67779],[69.28619,39.53971],[69.30035,39.51563],[69.33973,39.52808],[69.36164,39.55288],[69.39145,39.53051],[69.41218,39.52503],[69.47729,39.5304],[69.51439,39.53759],[69.58229,39.57355],[69.66942,39.57779],[69.71035,39.57407],[69.83045,39.53624],[69.90775,39.54849],[69.94863,39.54508],[69.97876,39.53444],[70.01968,39.56859],[70.04035,39.57361],[70.08273,39.56978],[70.13244,39.55004],[70.14898,39.55428],[70.1852,39.61035],[70.20066,39.61949],[70.21481,39.59112],[70.20603,39.5241],[70.22329,39.51909],[70.24107,39.52239],[70.33026,39.57309],[70.38431,39.57087],[70.40147,39.58477],[70.47723,39.6012],[70.52611,39.57562],[70.59784,39.57779],[70.62213,39.56353],[70.65598,39.49366],[70.69975,39.47217],[70.70543,39.45852],[70.69809,39.41899],[70.71329,39.39842],[70.77013,39.38209],[70.8401,39.40142],[70.86418,39.40059],[70.90335,39.42085],[70.97715,39.39491],[71.00929,39.40762],[71.06293,39.49563],[71.0959,39.51237],[71.17998,39.52302],[71.24927,39.51439],[71.29196,39.54896],[71.36854,39.59149],[71.45954,39.61211],[71.51091,39.58415],[71.53137,39.55309],[71.4921,39.49366],[71.51287,39.45883],[71.55432,39.44416],[71.60279,39.44235],[71.70459,39.45899],[71.72444,39.4594],[71.74025,39.44834],[71.74924,39.4255],[71.74811,39.37956],[71.71297,39.34153],[71.7109,39.32096],[71.71834,39.30106],[71.75121,39.27424],[71.80702,39.27285],[71.8435,39.28505],[71.95915,39.34587],[72.04979,39.36886],[72.06695,39.35848],[72.07811,39.33662],[72.09475,39.27507],[72.15862,39.26262],[72.20327,39.24081],[72.2289,39.18924],[72.24027,39.18991],[72.31634,39.32882],[72.39323,39.35083],[72.47674,39.34613],[72.51901,39.37569],[72.57576,39.3593],[72.61637,39.39041],[72.63374,39.3945],[72.83527,39.3562],[72.89367,39.3639],[73.00932,39.34861],[73.07113,39.37072],[73.13603,39.35346],[73.16786,39.35538],[73.32641,39.39088],[73.34315,39.43067],[73.36765,39.4438],[73.47689,39.46478],[73.60432,39.45961],[73.63264,39.44834],[73.82074,39.46819],[73.84803,39.48974],[73.87046,39.54679],[73.92678,39.59288],[73.90425,39.64647],[73.8935,39.71039],[73.87935,39.72791],[73.82953,39.74698],[73.81981,39.76672],[73.82302,39.80569],[73.8441,39.83809],[73.88069,39.86501],[73.89319,39.91813],[73.94404,39.97007],[73.96637,40.03327],[74.00399,40.06081],[74.06951,40.06779],[74.1676,40.10639],[74.20315,40.10985],[74.27229,40.09383],[74.33379,40.09373],[74.36986,40.10582],[74.47662,40.17243],[74.5654,40.24695],[74.65439,40.29155],[74.70575,40.33129],[74.74668,40.33651],[74.83092,40.31992],[74.86213,40.32617],[74.85386,40.35883],[74.79464,40.40555],[74.7874,40.42074],[74.83536,40.51164],[74.85644,40.51319],[74.87918,40.50507],[75.00238,40.4473],[75.06439,40.44384],[75.13808,40.46389],[75.19389,40.44125],[75.21249,40.44472],[75.22924,40.47035],[75.26324,40.48017],[75.48183,40.61411],[75.52379,40.63318],[75.55986,40.63287],[75.58766,40.61194],[75.60565,40.56941],[75.61795,40.49396],[75.66694,40.45025],[75.66931,40.43237],[75.63831,40.38611],[75.65629,40.32307],[75.68182,40.2917],[75.77205,40.31015],[75.85855,40.29635],[75.90186,40.29888],[75.92149,40.30912],[75.96242,40.35733],[76.05162,40.3902],[76.07611,40.39195],[76.15135,40.36813],[76.18504,40.3842],[76.24416,40.4412],[76.27341,40.43412],[76.29935,40.35568],[76.31351,40.34333],[76.33015,40.34808],[76.4765,40.43614],[76.55639,40.56569],[76.60941,40.59711],[76.62078,40.61132],[76.63081,40.72888],[76.64786,40.76485],[76.67421,40.79544],[76.76248,40.84702],[76.77085,40.86712],[76.75741,40.92577],[76.76682,40.94469],[76.86097,41.01321],[77.00773,41.04421],[77.11884,41.01166],[77.24317,41.00566],[77.33298,41.02065],[77.3888,41.01166],[77.47489,40.98205],[77.50352,40.98107],[77.58072,40.99771],[77.65028,40.99714],[77.83104,41.06297],[77.99765,41.0498],[78.03651,41.0361],[78.07495,41.03951],[78.1905,41.11775],[78.27536,41.22885],[78.34946,41.2704],[78.35969,41.28746],[78.33933,41.34404],[78.34347,41.36202],[78.3599,41.37753],[78.41757,41.40047],[78.51038,41.45442],[78.61921,41.47809],[78.64505,41.52372],[78.65828,41.53245],[78.80731,41.57845],[78.91583,41.63317],[78.97619,41.6418],[79.08874,41.70255],[79.19592,41.72952],[79.28232,41.7835],[79.30413,41.78755],[79.39084,41.7727],[79.48986,41.81926],[79.55466,41.8376],[79.61099,41.86763],[79.74751,41.87974],[79.78327,41.90509],[79.81283,41.97762],[79.84291,42.00183],[79.93086,42.02328],[80.18191,42.02098],[80.23121,42.03369],[80.25756,42.06526],[80.25653,42.08436],[80.22459,42.12557],[80.21033,42.18952],[80.24909,42.20489],[80.26841,42.23797],[80.2495,42.30995],[80.2187,42.35494],[80.19617,42.43459],[80.21054,42.49084],[80.16237,42.55239],[80.14005,42.62296],[80.14377,42.64476],[80.18893,42.70158],[80.22748,42.79098],[80.24826,42.8162],[80.2649,42.82367],[80.33394,42.81708],[80.4005,42.84302],[80.47615,42.8639],[80.52669,42.86839],[80.5486,42.87847],[80.55449,42.89893],[80.54292,42.91666],[80.47615,42.93027],[80.40773,42.95469],[80.37383,42.97518],[80.35513,43.00058],[80.36815,43.02846],[80.49786,43.07618],[80.57589,43.11941],[80.61847,43.13427],[80.66002,43.13282],[80.71076,43.10479],[80.73154,43.10109],[80.77339,43.11293],[80.79345,43.14946],[80.76523,43.19995],[80.74849,43.27516],[80.73546,43.28888],[80.65847,43.31064],[80.64286,43.32622],[80.69423,43.39472],[80.71014,43.42585],[80.71273,43.45887],[80.47615,43.91024],[80.42313,43.97215],[80.4038,44.04894],[80.3451,44.1031],[80.3389,44.12149],[80.37321,44.231],[80.37301,44.27022],[80.33042,44.45305],[80.36453,44.56968],[80.38375,44.60281],[80.35916,44.63257],[80.35585,44.65288],[80.37631,44.67128],[80.49196,44.70172],[80.49228,44.72797],[80.31451,44.78032],[80.24474,44.81597],[80.21829,44.81809],[80.03938,44.7905],[79.99174,44.79365],[79.86864,44.84936],[79.84301,44.87349],[79.85821,44.90372],[79.92466,44.93168],[80.06171,45.01896],[80.10336,45.03219],[80.14759,45.03446],[80.21901,45.02604],[80.29053,45.04624],[80.39006,45.04578],[80.40639,45.05663],[80.4251,45.09213],[80.44535,45.10422],[80.53682,45.10107],[80.69712,45.14365],[80.7457,45.14427],[80.82755,45.12577],[80.85386,45.1265],[80.97602,45.16107],[81.02191,45.16164],[81.06252,45.17223],[81.14417,45.20468],[81.54203,45.29331],[81.66523,45.34798],[81.73928,45.33806],[81.76517,45.30773],[81.79364,45.19564],[81.87534,45.18107],[81.91012,45.15802],[81.95012,45.14448],[82.00045,45.15352],[82.19176,45.2222],[82.24529,45.23181],[82.29459,45.2282],[82.34183,45.20489],[82.42745,45.13725],[82.47582,45.1157],[82.53975,45.12366],[82.58522,45.17683],[82.61457,45.24856],[82.63385,45.33935],[82.63199,45.41583],[82.61571,45.43542],[82.51303,45.46575],[82.36265,45.4812],[82.32746,45.49335],[82.29149,45.53319],[82.30462,45.58285],[82.33604,45.63515],[82.37221,45.73416],[82.4475,45.82542],[82.48895,45.9017],[82.54187,46.1315],[82.56827,46.19651],[82.67436,46.33113],[82.70785,46.43417],[82.74743,46.49334],[82.83895,46.73245],[82.98551,46.94251],[82.99336,46.97561],[82.98551,47.01253],[83.00628,47.08062],[82.99822,47.11025],[83.02147,47.20591],[83.0716,47.21851],[83.15036,47.21154],[83.22198,47.1719],[83.31417,47.15795],[83.35339,47.14498],[83.52449,47.0671],[83.90535,46.97396],[83.99919,46.97432],[84.06963,46.96442],[84.15815,46.9931],[84.26584,47.00013],[84.4218,46.9931],[84.47575,46.97525],[84.52102,46.9698],[84.616,46.98628],[84.66354,46.98385],[84.73165,46.94776],[84.7516,46.91799],[84.74959,46.88246],[84.71553,46.83518],[84.71977,46.8213],[84.73961,46.81477],[84.91604,46.85055],[84.93681,46.86102],[84.97577,46.902],[85.04822,46.9207],[85.146,46.97809],[85.19152,47.02328],[85.22584,47.04157],[85.30371,47.0394],[85.43213,47.05312],[85.49864,47.05183],[85.55682,47.17875],[85.60163,47.19443],[85.64731,47.1979],[85.65966,47.20653],[85.67899,47.27489],[85.6672,47.32605],[85.67888,47.36383],[85.67036,47.38434],[85.60023,47.4632],[85.58457,47.49294],[85.57997,47.52377],[85.59543,47.62407],[85.51538,47.92028],[85.51781,47.94465],[85.56178,48.03066],[85.58638,48.14125],[85.71867,48.35883],[85.74741,48.3901],[85.78368,48.40759],[86.006,48.42955],[86.19203,48.41823],[86.2467,48.43735],[86.30737,48.48309],[86.33383,48.4904],[86.43062,48.48588],[86.56508,48.52732],[86.60555,48.59011],[86.669,48.63424],[86.752,48.71543],[86.73918,48.78354],[86.78946,48.83914],[86.74187,48.87872],[86.71804,48.91252],[86.70941,48.95422],[86.74352,49.00771],[86.79892,49.04223],[86.83819,49.09385],[86.85948,49.10532],[86.88734,49.10682],[86.97545,49.09241],[87.11632,49.12977],[87.40043,49.07101],[87.47557,49.0876],[87.50606,49.12088],[87.71638,49.15886],[87.81632,49.16584],[87.83555,49.10072],[87.81596,49.0506],[87.82191,49.02874],[87.87224,49.00409],[87.8726,48.96802],[87.83586,48.9459],[87.7569,48.92037],[87.73571,48.88673],[87.73788,48.86937],[87.79607,48.83976],[87.80589,48.80059],[87.82108,48.78829],[87.90758,48.75883],[87.97549,48.75599],[88.03378,48.72912],[88.05941,48.70809],[88.06385,48.68261],[88.05502,48.67341],[88.01016,48.65341],[87.98965,48.62416],[87.94283,48.59949],[87.95182,48.5752],[87.98303,48.55233],[88.01662,48.5398],[88.06251,48.54288],[88.16597,48.49373],[88.23563,48.49319],[88.30487,48.46901],[88.38342,48.40867],[88.4167,48.3941],[88.47913,48.40015],[88.50269,48.39255],[88.56512,48.34299],[88.57297,48.32532],[88.56124,48.26827],[88.58077,48.21199],[88.59622,48.19768],[88.63581,48.17585],[88.70919,48.16636],[88.80541,48.10595],[88.88928,48.11091],[88.91683,48.10595],[89.04555,47.99299],[89.0747,47.98426],[89.21872,47.97697],[89.24399,47.98022],[89.35427,48.03877],[89.42542,48.02164],[89.5418,48.03102],[89.57188,48.02046],[89.58324,47.96203],[89.62738,47.94395],[89.65528,47.89982],[89.70727,47.88904],[89.72339,47.87816],[89.7513,47.82432],[89.78354,47.8185],[89.88907,47.82432],[89.92136,47.83209],[89.93444,47.84426],[89.94669,47.88318],[89.96317,47.88865],[90.04461,47.87977],[90.05986,47.86881],[90.06435,47.85062],[90.05216,47.8107],[90.08285,47.7561],[90.16342,47.71001],[90.30212,47.67851],[90.3448,47.65864],[90.34955,47.64779],[90.32744,47.62304],[90.38159,47.53839],[90.44123,47.49305],[90.44815,47.40403],[90.48722,47.37819],[90.48557,47.34491],[90.46851,47.32352],[90.46872,47.30892],[90.71212,47.0147],[90.7424,46.99186],[90.82818,46.9823],[90.88513,46.94473],[90.91014,46.89238],[90.9365,46.86443],[90.91996,46.83363],[90.92533,46.81314],[91.00481,46.74043],[91.01556,46.7032],[90.99592,46.59462],[91.0475,46.56641],[91.03561,46.52907],[90.93577,46.34386],[90.89619,46.30203],[90.94879,46.16829],[90.99592,46.11372],[91.00243,46.02184],[90.98621,45.99311],[90.91924,45.95006],[90.71077,45.7522],[90.69661,45.73003],[90.65114,45.49314],[90.73795,45.44172],[90.75325,45.42095],[90.79046,45.3377],[90.79656,45.29284],[90.85443,45.27062],[90.86663,45.25357],[90.85764,45.21507],[90.87324,45.18618],[90.90549,45.18598],[90.97515,45.21486],[91.0568,45.21755],[91.13504,45.19786],[91.18434,45.15383],[91.24914,45.1297],[91.36655,45.11425],[91.41688,45.14567],[91.43848,45.14613],[91.53398,45.0711],[91.56395,45.07715],[91.66296,45.05952],[91.74699,45.07244],[91.91907,45.06557],[92.04299,45.07482],[92.10841,45.05818],[92.19368,45.01451],[92.2189,45.01012],[92.28535,45.01953],[92.33104,45.00785],[92.41382,45.01126],[92.47511,44.99746],[92.57205,45.01302],[92.63851,45.0156],[92.75272,45.03798],[92.79891,45.03317],[92.84759,45.03911],[92.94505,45.00583],[93.16571,45.00764],[93.24416,44.98154],[93.341,44.98485],[93.42058,44.95509],[93.52528,44.95126],[93.68827,44.89106],[93.714,44.87457],[93.87451,44.71422],[93.92742,44.67293],[93.97507,44.65996],[94.05858,44.65128],[94.10374,44.65164],[94.14901,44.6672],[94.18188,44.66084],[94.27748,44.58958],[94.33846,44.51212],[94.36636,44.50431],[94.43013,44.50447],[94.58806,44.4361],[94.6572,44.38882],[94.69823,44.3435],[94.90576,44.29425],[94.99382,44.25942],[95.03681,44.25497],[95.37943,44.28712],[95.39772,44.2805],[95.34749,44.21493],[95.32269,44.15824],[95.32827,44.09824],[95.31897,44.01711],[95.32755,44.00667],[95.51027,43.97913],[95.53528,43.95768],[95.58923,43.86949],[95.69248,43.63054],[95.83284,43.4089],[95.85495,43.28454],[95.87439,43.2471],[95.90849,43.21455],[96.3187,42.91007],[96.3372,42.86648],[96.35777,42.7245],[96.37926,42.72055],[97.19327,42.78726],[98.25611,42.68333],[99.47448,42.5642],[99.97155,42.67629],[100.01697,42.67652],[101.21871,42.52983],[101.41074,42.54487],[101.52494,42.53746],[101.6376,42.51544],[101.73537,42.46116],[101.88647,42.27801],[101.97422,42.20789],[102.03416,42.18461],[103.07348,42.00452],[103.69143,41.75924],[103.72099,41.75557],[104.50078,41.8706],[104.49799,41.66578],[104.50492,41.65655],[104.60124,41.64544],[104.89234,41.64477],[104.91368,41.63834],[104.97383,41.58614],[105.01481,41.59614],[105.2009,41.74347],[105.27448,41.75546],[105.3582,41.78585],[105.40274,41.81153],[105.86861,41.99348],[106.76783,42.28662],[108.17736,42.45431],[108.31978,42.43255],[108.53645,42.43511],[108.79685,42.39837],[108.86269,42.40886],[108.96129,42.44754],[109.28029,42.42832],[109.32855,42.44049],[109.48513,42.4493],[109.50001,42.46333],[109.66734,42.54898],[109.9127,42.62882],[110.04272,42.63595],[110.07486,42.64352],[110.13987,42.68262],[110.40673,42.76861],[110.42481,42.78524],[110.44941,42.83733],[110.56672,42.91056],[110.60816,42.94467],[110.6801,43.05766],[110.79699,43.14892],[110.93372,43.28777],[110.97341,43.3156],[111.09609,43.36666],[111.33856,43.43818],[111.4014,43.47551],[111.42868,43.48394],[111.53503,43.49073],[111.56769,43.50254],[111.75383,43.6632],[111.77264,43.6693],[111.84581,43.66692],[111.93335,43.69664],[111.94514,43.72387],[111.94431,43.78637],[111.93056,43.82014],[111.83879,43.93879],[111.7807,43.98621],[111.66815,44.04134],[111.63446,44.06594],[111.51943,44.18857],[111.49059,44.28262],[111.47323,44.29885],[111.41059,44.32608],[111.39644,44.3466],[111.39706,44.38737],[111.42413,44.44804],[111.48377,44.50643],[111.53824,44.58343],[111.54103,44.66823],[111.55136,44.69319],[111.73853,44.9663],[111.78649,45.00857],[111.84333,45.03953],[111.92674,45.06092],[111.95826,45.08454],[111.97335,45.08702],[112.01149,45.08748],[112.10761,45.06738],[112.37963,45.07074],[112.41281,45.06604],[112.52391,44.99328],[112.58603,44.92382],[112.7485,44.86527],[112.97319,44.82124],[113.0169,44.82109],[113.10486,44.79437],[113.47321,44.77071],[113.53243,44.74528],[113.60478,44.7397],[113.63506,44.74626],[113.73562,44.81592],[113.83763,44.86791],[113.88931,44.90827],[114.01705,44.92728],[114.08929,44.96175],[114.14934,45.03007],[114.21177,45.06216],[114.41889,45.20148],[114.50229,45.30323],[114.51945,45.37093],[114.53371,45.3855],[114.70331,45.42715],[114.73732,45.42503],[114.93885,45.37377],[115.12634,45.39444],[115.33728,45.3947],[115.47298,45.41278],[115.66739,45.45428],[115.76733,45.53014],[116.00215,45.67556],[116.09486,45.67654],[116.16989,45.7091],[116.23035,45.76977],[116.25164,45.80325],[116.2071,45.88087],[116.2132,45.90816],[116.35717,46.10556],[116.52511,46.22679],[116.56832,46.29087],[116.60356,46.30932],[116.722,46.3287],[116.81461,46.38673],[116.95785,46.36642],[117.30171,46.35014],[117.33747,46.35727],[117.35307,46.3795],[117.35752,46.44841],[117.3692,46.47569],[117.4125,46.52463],[117.3938,46.57137],[117.47286,46.58468],[117.51007,46.57848],[117.56815,46.60354],[117.6252,46.53566],[117.67336,46.51602],[117.69621,46.51225],[117.79759,46.52026],[117.81703,46.52747],[117.8593,46.58028],[117.90064,46.6076],[118.00554,46.62697],[118.08388,46.66826],[118.16905,46.6785],[118.23829,46.71539],[118.26899,46.72294],[118.33555,46.72216],[118.4728,46.68568],[118.55197,46.68576],[118.60938,46.70578],[118.72007,46.67674],[118.75382,46.69116],[118.81624,46.75818],[118.84652,46.76549],[118.86745,46.75834],[118.89055,46.71353],[118.90709,46.7094],[118.94703,46.73715],[118.96724,46.74046],[119.01406,46.6833],[119.06238,46.66095],[119.31693,46.61168],[119.50126,46.62801],[119.62348,46.61633],[119.68012,46.59163],[119.74027,46.61325],[119.78223,46.65563],[119.83442,46.65095],[119.85442,46.65966],[119.90418,46.70893],[119.90336,46.7264],[119.8831,46.75301],[119.90289,46.84241],[119.8831,46.85544],[119.88145,46.87285],[119.89643,46.89859],[119.89292,46.90551],[119.8523,46.91073],[119.83168,46.94215],[119.77014,46.993],[119.75396,47.09444],[119.69996,47.15953],[119.62942,47.21609],[119.58736,47.23836],[119.52509,47.25081],[119.47599,47.30921],[119.32065,47.40703],[119.2819,47.41486],[119.31776,47.46212],[119.31011,47.4761],[119.1339,47.52754],[119.11653,47.55604],[119.10423,47.62774],[119.08346,47.66156],[118.76741,47.75616],[118.7133,47.79362],[118.60525,47.91467],[118.54225,47.96625],[118.4728,47.98945],[118.28005,47.99813],[118.18248,48.02821],[118.06404,48.01958],[117.97278,47.9979],[117.81516,48.00482],[117.7669,47.99314],[117.52722,47.78649],[117.43648,47.7305],[117.36083,47.65087],[117.31711,47.65407],[117.06968,47.81016],[116.82205,47.8763],[116.75166,47.87413],[116.49969,47.83636],[116.42889,47.83514],[116.24389,47.86289],[116.18157,47.84959],[116.08431,47.80693],[115.9729,47.70905],[115.91451,47.68391],[115.8527,47.70556],[115.5999,47.88741],[115.56187,47.9332],[115.51422,48.13164],[115.53644,48.14916],[115.77085,48.22409],[115.79999,48.24233],[115.80929,48.27395],[115.78655,48.47301],[115.79121,48.51384],[116.02819,48.76746],[116.04804,48.79976],[116.03781,48.87014],[116.68428,49.82326],[116.6172,49.89732],[116.57545,49.92176],[116.21764,50.01385],[116.13537,50.01442],[116.05362,49.99845],[115.7509,49.88497],[115.71627,49.87778],[115.5782,49.89365],[115.50854,49.88678],[115.38782,49.89106],[115.21016,49.97168],[115.06339,50.07751],[114.99735,50.14433],[114.75375,50.23621],[114.6597,50.2514],[114.47304,50.23404],[114.42498,50.24184],[114.333,50.27233],[114.28628,50.27688],[114.20009,50.25621],[114.11823,50.22438],[114.05529,50.18381],[113.97313,50.16051],[113.84983,50.08072],[113.75226,50.0786],[113.57966,50.01995],[113.45853,49.95726],[113.41554,49.92238],[113.18268,49.80197],[113.08749,49.68741],[113.06083,49.59599],[112.94735,49.5761],[112.86808,49.53165],[112.77713,49.50137],[112.70147,49.4913],[112.58427,49.52633],[112.47327,49.53414],[112.43224,49.52917],[112.03019,49.41187],[111.66102,49.39637],[111.47912,49.34335],[111.42961,49.34639],[111.36274,49.36763],[111.33845,49.36474],[111.27355,49.32283],[111.13857,49.29157],[110.96556,49.20739],[110.84102,49.16243],[110.73136,49.13767],[110.64496,49.13674],[110.60362,49.14532],[110.50822,49.18434],[110.45127,49.19457],[110.37117,49.24175],[110.30937,49.19586],[110.26834,49.17705],[110.18142,49.16196],[109.81772,49.22775],[109.78496,49.25136],[109.72853,49.26645],[109.51624,49.25591],[109.47438,49.26914],[109.46208,49.30045],[109.45071,49.30593],[109.41123,49.30319],[109.28669,49.33854],[109.1606,49.34665],[109.03296,49.32789],[108.93049,49.34882],[108.85897,49.34056],[108.75107,49.34118],[108.60844,49.32366],[108.53806,49.32743],[108.33486,49.43636],[108.27714,49.48251],[108.23637,49.53248],[108.12645,49.54716],[108.03266,49.58933],[108.00527,49.6178],[108.01581,49.65573],[108.00279,49.66317],[107.93949,49.66322],[107.92745,49.67004],[107.95577,49.74554],[107.93003,49.85143],[107.95261,49.89747],[107.95649,49.92336],[107.94652,49.93349],[107.85097,49.94605],[107.80792,49.94388],[107.72932,49.97194],[107.36407,49.97612],[107.30485,50.01002],[107.22491,49.99705],[107.1922,50.00604],[107.05711,50.0741],[106.97366,50.19637],[106.93645,50.20913],[106.78829,50.29151],[106.65652,50.32701],[106.5482,50.33579],[106.43979,50.32794],[106.24486,50.29026],[106.22228,50.29238],[106.13531,50.32711],[106.05593,50.33357],[106.03893,50.3714],[105.98488,50.39977],[105.90421,50.4038],[105.77926,50.42891],[105.63937,50.42194],[105.32864,50.47645],[105.27846,50.47258],[105.24074,50.45801],[105.10576,50.39005],[105.0501,50.38349],[104.93425,50.39326],[104.90159,50.38979],[104.78955,50.35264],[104.67188,50.3483],[104.61044,50.31419],[104.47412,50.31326],[104.4058,50.30055],[104.26896,50.22887],[104.19811,50.17001],[104.12169,50.14826],[104.03952,50.14118],[103.97399,50.14872],[103.84542,50.18469],[103.78527,50.18614],[103.66807,50.1312],[103.60141,50.13353],[103.43873,50.1926],[103.4071,50.1973],[103.30659,50.19043],[103.27678,50.19756],[103.25311,50.21497],[103.20169,50.29698],[103.13001,50.30913],[102.97411,50.29564],[102.88714,50.31497],[102.7626,50.37481],[102.6178,50.3993],[102.58659,50.41527],[102.5131,50.50369],[102.47186,50.52493],[102.3727,50.53366],[102.32763,50.54555],[102.30293,50.56389],[102.27157,50.62094],[102.27591,50.65019],[102.32024,50.69613],[102.32939,50.71882],[102.30753,50.74822],[102.21679,50.79886],[102.20304,50.82935],[102.23947,50.91229],[102.21524,50.93818],[102.22966,50.97927],[102.16537,51.05756],[102.14651,51.09763],[102.15002,51.1854],[102.1353,51.24028],[102.19338,51.30721],[102.18387,51.3239],[102.07468,51.37482],[102.05122,51.38361],[101.97422,51.38723],[101.90187,51.41707],[101.82177,51.41358],[101.72369,51.45058],[101.6437,51.45009],[101.52639,51.47583],[101.48205,51.47288],[101.3878,51.45056],[101.35018,51.45045],[101.31545,51.4636],[101.24155,51.51518],[101.11701,51.52784],[101.06947,51.55344],[100.5109,51.7269],[100.2103,51.72622],[100.09826,51.73865],[100.00597,51.73173],[99.91791,51.74948],[99.70965,51.88058],[99.67932,51.88867],[99.55685,51.89146],[99.32389,51.93422],[99.29537,51.94355],[99.23284,51.99424],[98.99471,52.0583],[98.96247,52.11256],[98.92764,52.12958],[98.8864,52.12855],[98.8556,52.10669],[98.83855,52.02528],[98.8002,51.99274],[98.77664,51.93011],[98.68269,51.81947],[98.61871,51.78066],[98.42503,51.74622],[98.33222,51.71832],[98.27352,51.65483],[98.22825,51.58342],[98.23383,51.51652],[98.22039,51.47521],[98.11135,51.48471],[98.03973,51.4573],[97.97452,51.3686],[97.92284,51.31847],[97.91633,51.28589],[97.92904,51.21504],[97.87013,51.08681],[97.80636,51.00113],[97.80853,50.97048],[97.83571,50.94072],[97.91943,50.89741],[97.95302,50.86284],[97.98464,50.84692],[97.99023,50.83561],[97.94744,50.79597],[97.94403,50.77447],[98.03849,50.62296],[98.13595,50.57097],[98.25129,50.55056],[98.29346,50.51862],[98.29822,50.46013],[98.26628,50.4007],[98.27228,50.319],[98.26246,50.28381],[98.10557,50.06387],[98.048,50.02305],[97.9062,49.97307],[97.82992,49.92331],[97.75634,49.9615],[97.56658,49.9168],[97.58126,49.87794],[97.57361,49.8475],[97.54271,49.82275],[97.4746,49.78869],[97.34334,49.73417],[97.26231,49.72611],[97.15296,49.75025],[97.11989,49.79365],[97.05726,49.81272],[97.00589,49.86528],[96.9692,49.88667],[96.70193,49.91375],[96.68023,49.90972],[96.62597,49.87339],[96.58514,49.85753],[96.56809,49.86176],[96.52385,49.91577],[96.50329,49.92212],[96.47466,49.92166],[96.37286,49.88605],[96.34629,49.88858],[96.2356,49.9492],[96.05598,49.99881],[96.01195,49.98522],[95.94632,49.9385],[95.92265,49.9446],[95.86705,50.01498],[95.82788,50.02015],[95.78767,50.01173],[95.72142,49.9585],[95.6805,49.946],[95.58396,49.93669],[95.52061,49.88962],[95.50066,49.88672],[95.39979,49.93887],[95.35473,49.9477],[95.0764,49.94553],[95.02834,49.96341],[94.98059,50.02475],[94.95372,50.04062],[94.92158,50.04589],[94.74639,50.04036],[94.651,50.01783],[94.60346,50.01974],[94.56397,50.071],[94.50909,50.10986],[94.49173,50.15229],[94.39179,50.18557],[94.35448,50.2236],[94.33226,50.30101],[94.3275,50.40437],[94.27975,50.49268],[94.27335,50.54477],[94.25867,50.55754],[94.23759,50.56524],[93.53634,50.58472],[93.42151,50.60937],[93.10494,50.59882],[93.04262,50.60988],[93.01141,50.62332],[92.97337,50.69437],[92.97399,50.74218],[92.96169,50.77788],[92.92108,50.79246],[92.85772,50.79551],[92.79612,50.78801],[92.76026,50.77075],[92.73525,50.70523],[92.69525,50.68192],[92.64978,50.67407],[92.61185,50.68766],[92.55459,50.743],[92.44328,50.78631],[92.39987,50.85059],[92.38457,50.86558],[92.3609,50.86837],[92.31522,50.85586],[92.30168,50.84336],[92.29445,50.79127],[92.24277,50.72001],[92.15885,50.6891],[92.06273,50.68631],[91.89995,50.70724],[91.82419,50.70156],[91.74978,50.68409],[91.65314,50.64006],[91.60271,50.5796],[91.57573,50.56198],[91.47507,50.53599],[91.45037,50.51909],[91.41574,50.46137],[91.38215,50.45496],[91.26009,50.46658],[91.12977,50.42617],[91.01205,50.4253],[90.97515,50.41393],[90.87707,50.33936],[90.83996,50.32081],[90.72659,50.29187],[90.71263,50.23797],[90.6839,50.21621],[90.64845,50.20665],[90.60494,50.20598],[90.51895,50.21838],[90.47523,50.21461],[90.425,50.18691],[90.34387,50.17466],[90.22295,50.11441],[90.18243,50.10247],[90.05123,50.08418],[90.02053,50.07074],[90.00492,50.05074],[89.99624,49.99276],[89.96942,49.96708],[89.86643,49.94274],[89.7207,49.93974],[89.66768,49.92729],[89.62386,49.90269],[89.61534,49.84192],[89.64355,49.81887],[89.62645,49.78802],[89.63895,49.77546],[89.70153,49.75314],[89.71264,49.73516],[89.70241,49.71996],[89.61632,49.68544],[89.5203,49.66317],[89.47534,49.64343],[89.4416,49.64359],[89.37194,49.58168],[89.33944,49.5808],[89.25221,49.62943],[89.21645,49.63449],[89.18735,49.62199],[89.1782,49.59847],[89.21562,49.54545],[89.19526,49.52153],[89.16074,49.50272],[89.01408,49.46055],[88.97532,49.45585],[88.90835,49.53594],[88.88892,49.54168],[88.8682,49.53811],[88.85874,49.52737],[88.85487,49.47388],[88.87063,49.436],[88.69565,49.44696],[88.64868,49.4836],[88.61576,49.49295],[88.53876,49.46654],[88.47541,49.46365],[88.37877,49.47579],[88.19997,49.45435],[88.16173,49.43011],[88.11553,49.35658],[88.1484,49.29658],[88.14395,49.27074],[88.1085,49.24743],[88.02975,49.21555],[87.95678,49.16889],[87.85518,49.15896],[87.81632,49.16584]]},"properties":{"kind":"country_border"}},{"type":"Feature","geometry":{"type":"LineString","coordinates":[[70.64507,40.93518],[70.64342,40.95228],[70.61665,40.99352],[70.5659,41.01838],[70.54978,41.01522],[70.60838,40.95094],[70.64507,40.93518]]},"properties":{"kind":"country_border"}},{"type":"Feature","geometry":{"type":"LineString","coordinates":[[-55.989,-30.85556],[-56.01136,-30.79822],[-56.07686,-30.75233],[-56.13169,-30.67193],[-56.1708,-30.64578],[-56.18352,-30.61456],[-56.21509,-30.5819],[-56.38599,-30.47576],[-56.42464,-30.42357],[-56.52375,-30.35732],[-56.57502,-30.30244],[-56.63134,-30.28466],[-56.63259,-30.24745],[-56.64178,-30.23392],[-56.767,-30.16136],[-56.79516,-30.12384],[-56.83128,-30.10204],[-56.90637,-30.10855],[-56.97458,-30.09749],[-57.03788,-30.11465],[-57.07711,-30.10607],[-57.12956,-30.14999],[-57.15085,-30.18234],[-57.16382,-30.23929],[-57.18371,-30.26751],[-57.2126,-30.28735],[-57.24505,-30.29334],[-57.27038,-30.27515],[-57.29647,-30.29334],[-57.3343,-30.27267],[-57.35383,-30.27195],[-57.39926,-30.29913],[-57.41481,-30.29572],[-57.44313,-30.26947],[-57.53599,-30.27443],[-57.56746,-30.25634],[-57.58684,-30.20405],[-57.6117,-30.18296]]},"properties":{"kind":"country_border"}},{"type":"Feature","geometry":{"type":"LineString","coordinates":[[104.45135,10.41966],[104.48373,10.41805],[104.49427,10.42774],[104.55401,10.51833],[104.56683,10.52807],[104.62553,10.53336],[104.77384,10.51533],[104.8188,10.51719],[104.85441,10.53132],[104.93135,10.6307],[105.04246,10.69082],[105.06674,10.71395],[105.06623,10.74643],[105.01481,10.84921],[105.0114,10.88383],[105.02907,10.91409],[105.07791,10.9469],[105.09754,10.91435],[105.2533,10.88352],[105.31789,10.83885],[105.35727,10.90797],[105.4105,10.963],[105.47385,10.94091],[105.63219,10.97396],[105.6973,11.01023],[105.72614,11.01837],[105.7529,11.01561],[105.82143,10.91967],[105.84752,10.85541],[105.87868,10.82807],[105.89935,10.82838],[105.90866,10.83838],[105.93134,10.89636],[106.0179,10.81981],[106.07221,10.79686],[106.15505,10.78485],[106.17732,10.76686],[106.15159,10.86298],[106.12182,10.92523],[106.12249,10.95551],[106.13143,10.96928],[106.18084,10.97026],[106.18786,10.97631],[106.16032,11.05351],[106.13087,11.08423],[106.1135,11.08692],[106.0981,11.0779],[106.08663,11.05633],[106.0765,11.07703],[106.01315,11.13927],[105.98875,11.17697],[105.97398,11.19038],[105.92044,11.20332],[105.89987,11.21859],[105.88675,11.26794],[105.84442,11.28988],[105.87217,11.44346],[105.85667,11.49628],[105.85321,11.54687],[105.80334,11.56622],[105.79042,11.58741],[105.80489,11.62492],[105.84086,11.65815],[105.85791,11.66156],[105.9055,11.6443],[105.93408,11.64286],[105.95527,11.678],[105.98307,11.70668],[105.99211,11.74631],[106.01542,11.7705],[106.11319,11.74709],[106.15464,11.74631],[106.22362,11.72497],[106.24321,11.71458],[106.27411,11.67681],[106.35431,11.69014],[106.37809,11.68384],[106.41281,11.66177],[106.42583,11.66208],[106.43503,11.67727],[106.39886,11.74631],[106.39777,11.76213],[106.41829,11.80342],[106.42139,11.83757],[106.43875,11.86372],[106.394,11.96981],[106.44206,11.97488],[106.46051,11.95291],[106.47374,11.95209],[106.50454,11.97338],[106.63859,11.96113],[106.63063,11.97617],[106.6805,11.96506],[106.70158,11.97079],[106.74923,12.05234],[106.77196,12.06583],[106.87929,12.06273],[106.9163,12.06691],[106.9534,12.08107],[106.97769,12.09725],[107.07758,12.20277],[107.11623,12.23212],[107.15251,12.27703],[107.21188,12.30571],[107.27617,12.3254],[107.3202,12.32922],[107.34381,12.31512],[107.37379,12.26943],[107.39301,12.25284],[107.41585,12.25409],[107.44965,12.29904],[107.49957,12.32581],[107.51429,12.34385],[107.55667,12.47268],[107.54964,12.50921],[107.56344,12.54363],[107.56509,12.60642],[107.54008,12.71669],[107.53595,12.79963],[107.48737,12.87056],[107.46608,12.95218],[107.48107,12.98877],[107.46298,13.00732],[107.4604,13.02161],[107.60695,13.36975],[107.60432,13.49853],[107.59693,13.53507],[107.51429,13.69255],[107.44324,13.78348],[107.43854,13.80895],[107.44624,13.83939],[107.43538,13.8697],[107.44805,13.90931],[107.43104,13.956],[107.43073,13.98447],[107.40903,13.99992],[107.37156,13.99628],[107.35456,14.0024],[107.34314,14.02062],[107.34474,14.08131],[107.31994,14.11984],[107.35859,14.23862],[107.36376,14.28324],[107.34991,14.32156],[107.35177,14.34197],[107.38691,14.42191],[107.40779,14.43305],[107.42381,14.41897],[107.44314,14.42367],[107.46474,14.44904],[107.48572,14.50953],[107.50525,14.54103],[107.50401,14.60211],[107.53243,14.67794],[107.52039,14.70458],[107.52225,14.71869],[107.49807,14.74595],[107.50928,14.75864],[107.49089,14.80424],[107.5406,14.85685],[107.55817,14.88672],[107.46195,14.95681],[107.44991,14.9811],[107.44557,15.02539],[107.45507,15.03412],[107.519,15.04885],[107.57801,15.04725],[107.58907,15.05818],[107.58049,15.09675],[107.61579,15.13551],[107.62726,15.19652],[107.63672,15.20507],[107.65398,15.19956],[107.6641,15.26855],[107.64307,15.29785],[107.58659,15.34335],[107.57315,15.41123],[107.55558,15.41575],[107.51264,15.40942],[107.49393,15.42004],[107.48747,15.48141],[107.47378,15.48825],[107.46081,15.48438],[107.44298,15.50921],[107.43213,15.50389],[107.40505,15.50859],[107.38164,15.48854],[107.36934,15.49606],[107.31643,15.58874],[107.26542,15.61866],[107.23912,15.64512],[107.22568,15.71682],[107.16026,15.75873],[107.14879,15.77346],[107.15018,15.79428],[107.18625,15.85939],[107.23566,15.85552],[107.30506,15.89913],[107.37554,15.91908],[107.41802,15.98357],[107.44474,16.00998],[107.43213,16.0383],[107.43564,16.06884],[107.41151,16.07308],[107.32686,16.05608],[107.29896,16.06419],[107.23881,16.12982],[107.21281,16.14666],[107.16966,16.1569],[107.14202,16.177],[107.1275,16.20098],[107.11685,16.25462],[107.0891,16.28107],[107.05339,16.29523],[106.9673,16.29988],[106.95655,16.30707],[106.94601,16.34614],[106.89774,16.37854],[106.8763,16.41802],[106.85589,16.41466],[106.86684,16.46385],[106.86405,16.50406],[106.84669,16.53005],[106.82286,16.53098],[106.79734,16.47946],[106.75915,16.45249],[106.75253,16.42902],[106.7424,16.42153],[106.72571,16.41714],[106.72266,16.43249],[106.6929,16.42789],[106.67068,16.44442],[106.64117,16.51036],[106.64019,16.58664],[106.57244,16.61356],[106.54975,16.6378],[106.54066,16.65914],[106.53508,16.68353],[106.53342,16.97266],[106.52454,16.98925],[106.49684,16.96393],[106.4372,16.98046],[106.41136,16.99571],[106.38713,17.04718],[106.39493,17.068],[106.38465,17.08537],[106.33654,17.12857],[106.30636,17.17652],[106.30166,17.202],[106.31054,17.22711],[106.28796,17.25378],[106.28455,17.28479],[106.25995,17.28923],[106.24791,17.26623],[106.22182,17.24489],[106.18544,17.2574],[106.0193,17.39449],[105.81988,17.62156],[105.72309,17.6735],[105.70123,17.7276],[105.64397,17.8201],[105.60521,17.85426],[105.59415,17.88811],[105.60604,17.96412],[105.58981,17.99575],[105.55932,18.01534],[105.54651,18.05895],[105.5125,18.08283],[105.49607,18.11815],[105.47602,18.12732],[105.48088,18.14481],[105.46672,18.18096],[105.43137,18.20054],[105.41003,18.20189],[105.392,18.19421],[105.37747,18.15569],[105.36554,18.15104],[105.32187,18.17008],[105.29505,18.19561],[105.30084,18.23093],[105.29252,18.25274],[105.23593,18.24946],[105.21475,18.27785],[105.16617,18.30679],[105.15666,18.31984],[105.16286,18.36601],[105.09077,18.42652],[105.07997,18.45435],[105.08524,18.49577],[105.11361,18.58083],[105.12814,18.59892],[105.16209,18.59819],[105.16948,18.61486],[105.16948,18.63057],[105.14111,18.65307],[105.11268,18.69834],[105.06457,18.69664],[104.99016,18.73302],[104.91972,18.73558],[104.89936,18.77061],[104.87291,18.77798],[104.80164,18.77513],[104.71028,18.79609],[104.68558,18.82477],[104.6462,18.83255],[104.58967,18.87911],[104.55608,18.89647],[104.49768,18.96799],[104.46213,18.98241],[104.41324,18.98311],[104.35516,19.04788],[104.30286,19.06866],[104.25992,19.10405],[104.23956,19.10889],[104.21062,19.10075],[104.20184,19.10917],[104.19811,19.14695],[104.14773,19.18289],[104.03673,19.23025],[103.99518,19.23384],[103.97275,19.22529],[103.91095,19.26301],[103.89266,19.29389],[103.84842,19.29991],[103.87002,19.32688],[103.92128,19.35277],[103.95281,19.39096],[104.0204,19.41499],[104.03828,19.41292],[104.0605,19.47129],[104.08996,19.48367],[104.09414,19.49553],[104.08251,19.5093],[104.07156,19.55914],[104.01735,19.60041],[103.99766,19.65252],[104.00097,19.68074],[104.02174,19.68144],[104.08872,19.6519],[104.10923,19.65487],[104.13631,19.68746],[104.22897,19.70601],[104.27702,19.68389],[104.29527,19.65487],[104.34188,19.68301],[104.38007,19.68529],[104.41541,19.65082],[104.50585,19.60281],[104.54616,19.60193],[104.57923,19.61803],[104.61427,19.60743],[104.65478,19.69797],[104.67597,19.72469],[104.69168,19.73546],[104.73674,19.74567],[104.805,19.79089],[104.81663,19.84809],[104.75555,19.86701],[104.78066,19.90809],[104.85792,19.95522],[104.87384,19.98266],[104.93569,19.98416],[104.94949,19.9955],[104.94396,20.0671],[104.96442,20.07609],[104.95688,20.0918],[104.91838,20.11572],[104.90489,20.13464],[104.90799,20.17533],[104.81916,20.22099],[104.7788,20.21903],[104.69085,20.19655],[104.65705,20.2127],[104.65199,20.2461],[104.65736,20.27962],[104.68186,20.28747],[104.68863,20.30104],[104.68093,20.34098],[104.6123,20.37674],[104.58936,20.40682],[104.57551,20.41405],[104.43236,20.41105],[104.39154,20.42067],[104.35981,20.43974],[104.36643,20.45849],[104.42379,20.49544],[104.44497,20.53461],[104.46967,20.51616],[104.49582,20.51193],[104.52073,20.51927],[104.54264,20.5357],[104.60724,20.61905],[104.6152,20.64649],[104.60073,20.66055],[104.49231,20.7021],[104.47567,20.71822],[104.46616,20.74964],[104.45262,20.76359],[104.38906,20.77098],[104.36798,20.80312],[104.33635,20.81904],[104.29527,20.87981],[104.27894,20.89154],[104.26002,20.89893],[104.22106,20.89201],[104.19388,20.92989],[104.12262,20.94317],[104.09228,20.9612],[104.05668,20.95883],[104.01058,20.90808],[103.95219,20.90028],[103.8586,20.86958],[103.82682,20.84767],[103.78532,20.84596],[103.75675,20.79599],[103.75458,20.74292],[103.70724,20.72184],[103.70362,20.69925],[103.71427,20.67171],[103.67634,20.65652],[103.66115,20.66076],[103.59738,20.72235],[103.57795,20.7329],[103.48937,20.75248],[103.44044,20.81573],[103.42659,20.82069],[103.39088,20.79475],[103.35832,20.78772],[103.31982,20.79785],[103.26339,20.82638],[103.24711,20.83072],[103.20691,20.82457],[103.17523,20.84121],[103.13637,20.85046],[103.08671,20.90198],[103.01452,21.04053],[102.99917,21.05737],[102.97411,21.06766],[102.95948,21.0658],[102.94682,21.07587],[102.92563,21.14166],[102.91442,21.1584],[102.8891,21.16641],[102.883,21.17643],[102.89297,21.21509],[102.88786,21.22692],[102.85019,21.25168],[102.8013,21.25483],[102.82915,21.28589],[102.863,21.29379],[102.8752,21.30532],[102.88383,21.38836],[102.91804,21.45011],[102.90419,21.4527],[102.84967,21.42541],[102.89499,21.49528],[102.97411,21.57533],[102.96083,21.63284],[102.9599,21.71304],[102.9478,21.73712],[102.84719,21.70446],[102.83515,21.71645],[102.82647,21.8213],[102.80673,21.83608],[102.78916,21.82032],[102.78668,21.73991],[102.77469,21.70788],[102.75216,21.6809],[102.72115,21.66168],[102.65066,21.6578],[102.63191,21.70627],[102.63459,21.78777],[102.62514,21.82864],[102.59103,21.90135],[102.56023,21.92543],[102.47806,21.95758],[102.46639,21.99535],[102.48287,22.0214],[102.42215,22.06222],[102.38944,22.1171],[102.35807,22.13472],[102.28645,22.20004],[102.22625,22.22841],[102.20697,22.24541],[102.20056,22.26546],[102.15436,22.30469],[102.15612,22.3281],[102.14139,22.34215],[102.11866,22.39755],[102.10735,22.39755],[102.09535,22.42313],[102.01458,22.44607],[101.90937,22.43589],[101.89164,22.42969],[101.86792,22.37884],[101.8426,22.38334],[101.8178,22.40633],[101.78488,22.47222],[101.75506,22.49553],[101.71315,22.49155],[101.68912,22.47889],[101.65455,22.44612],[101.64509,22.42421],[101.6437,22.36468],[101.6237,22.34665],[101.60122,22.27699],[101.58799,22.27135],[101.55099,22.27668],[101.51575,22.24536],[101.51823,22.22821],[101.56153,22.17612],[101.56696,22.14935],[101.55543,22.09033],[101.59218,22.02811],[101.6068,21.9676],[101.63812,21.94088],[101.67367,21.93138],[101.68587,21.89861],[101.72126,21.84435],[101.75108,21.81614],[101.72855,21.71754],[101.7548,21.68979],[101.75594,21.64865],[101.80384,21.62592],[101.80617,21.60597],[101.79356,21.58824],[101.7362,21.57088],[101.73475,21.5544],[101.74824,21.5145],[101.72969,21.47425],[101.72555,21.37539],[101.71511,21.32113],[101.73651,21.29229],[101.80116,21.26708],[101.82374,21.23447],[101.81929,21.21597],[101.80524,21.20449],[101.77356,21.20739],[101.76007,21.19597],[101.7702,21.17044],[101.76674,21.15065],[101.75599,21.14326],[101.70426,21.13509],[101.65512,21.1892],[101.63595,21.18946],[101.59652,21.17339],[101.58179,21.17566],[101.57724,21.18517],[101.58665,21.20424],[101.58396,21.22439],[101.51761,21.24263],[101.38149,21.22248],[101.29271,21.17607],[101.25974,21.17948],[101.24434,21.19287],[101.20899,21.24553],[101.22036,21.29627],[101.20744,21.31482],[101.22284,21.33508],[101.23313,21.37172],[101.17143,21.4034],[101.16827,21.42453],[101.18776,21.50587],[101.18657,21.53533],[101.17453,21.55166],[101.15902,21.55269],[101.15422,21.56804],[101.17386,21.61191],[101.16672,21.62328],[101.16884,21.63785],[101.14926,21.67677],[101.12766,21.69516],[101.11887,21.75981],[101.0828,21.76673],[100.99278,21.71144],[100.87749,21.67733],[100.83491,21.65754],[100.79703,21.62612],[100.75662,21.56985],[100.70396,21.51641],[100.62174,21.46908],[100.57182,21.45507],[100.4971,21.46179],[100.45669,21.45502],[100.44346,21.4635],[100.4293,21.49538],[100.39912,21.51889],[100.38367,21.52783],[100.34197,21.53037],[100.32652,21.52427],[100.28952,21.48313],[100.24409,21.46453],[100.19789,21.43321],[100.18715,21.42789],[100.1625,21.43637],[100.12834,21.48236],[100.09728,21.5083],[100.08607,21.55093],[100.08865,21.58184],[100.10395,21.61563],[100.11573,21.62948],[100.14374,21.64002],[100.14281,21.65491],[100.12053,21.67367],[100.08235,21.68447],[99.99672,21.68612],[99.9607,21.70477],[99.95026,21.72116],[99.9392,21.77702],[99.91796,21.82916],[99.92018,21.852],[99.95527,21.92455],[99.96566,21.963],[99.93434,22.01886],[99.94241,22.04553],[99.86685,22.05788],[99.84784,22.05504],[99.84174,22.02708],[99.82102,22.01778],[99.79988,22.03747],[99.72366,22.07059],[99.70382,22.06124],[99.68387,22.03902],[99.66382,22.04873],[99.63354,22.08475],[99.53897,22.10671],[99.49039,22.10434],[99.43861,22.12423],[99.36492,22.09886],[99.32999,22.09555],[99.25289,22.10279],[99.16638,22.13209],[99.14447,22.15353],[99.17506,22.16867],[99.15935,22.18469],[99.16638,22.20464],[99.19935,22.24526],[99.21837,22.31001],[99.24369,22.34122],[99.24638,22.36592],[99.23738,22.38013],[99.24307,22.39316],[99.28276,22.41191],[99.34508,22.47284],[99.35779,22.49548],[99.34415,22.53325],[99.35738,22.5871],[99.355,22.60854],[99.30787,22.7196],[99.30797,22.74518],[99.35903,22.77489],[99.37887,22.81323],[99.41443,22.8569],[99.41339,22.93075],[99.42993,22.93674],[99.4845,22.91026],[99.5153,22.90881],[99.53804,22.92643],[99.53463,22.94932],[99.49039,23.01201],[99.49308,23.05738],[99.4782,23.06575],[99.40327,23.06833],[99.38104,23.08164],[99.35097,23.11926],[99.33381,23.12962],[99.31407,23.12647],[99.28482,23.08815],[99.21661,23.05738],[99.20214,23.06728],[99.19418,23.09577],[99.13,23.10624],[99.07491,23.10167],[99.05507,23.1096],[99.03926,23.12714],[99.02644,23.16045],[98.97073,23.1622],[98.85901,23.17939],[98.86015,23.21228],[98.91069,23.2976],[98.89653,23.32328],[98.85343,23.32488],[98.85322,23.33499],[98.88185,23.34969],[98.89012,23.3679],[98.8896,23.40679],[98.86397,23.4666],[98.84888,23.4804],[98.80981,23.4741],[98.79999,23.48074],[98.78087,23.53285],[98.79627,23.55792],[98.85022,23.59063],[98.85601,23.61001],[98.8003,23.69272],[98.79317,23.75847],[98.77788,23.7693],[98.68496,23.7848],[98.66367,23.79695],[98.67142,23.81674],[98.66481,23.90337],[98.67452,23.93689],[98.65881,23.96112],[98.66326,23.96955],[98.7168,23.98841],[98.85622,24.0838],[98.87348,24.1145],[98.86573,24.14568],[98.81808,24.12897],[98.71618,24.12135],[98.68176,24.10688],[98.64042,24.10075],[98.58523,24.07572],[98.50327,24.12127],[98.43495,24.13026],[98.39557,24.12806],[98.33067,24.09949],[98.18153,24.11866],[98.10505,24.10153],[97.88997,24.02262],[97.81783,23.95815],[97.76781,23.94647],[97.69681,23.88712],[97.63707,23.86356],[97.62467,23.84671],[97.60989,23.88314],[97.53299,23.92371],[97.51646,23.94283],[97.70766,24.1253],[97.72306,24.17126],[97.70156,24.21093],[97.72409,24.24152],[97.71841,24.27767],[97.64451,24.30239],[97.63821,24.3281],[97.6536,24.33872],[97.68957,24.34647],[97.68833,24.36771],[97.6626,24.39006],[97.6473,24.43233],[97.62436,24.44228],[97.51956,24.43078],[97.51325,24.43859],[97.53857,24.59726],[97.53609,24.74503],[97.66394,24.82978],[97.68595,24.83352],[97.74848,24.82647],[97.76523,24.83466],[97.77298,24.85469],[97.72409,24.89722],[97.70828,24.92729],[97.70363,25.07392],[97.73753,25.09051],[97.75406,25.11356],[97.77701,25.15862],[97.80099,25.23763],[97.82362,25.26161],[97.86031,25.24409],[97.88894,25.20565],[97.90992,25.20756],[97.9308,25.21851],[97.97627,25.27226],[98.03353,25.3013],[98.0757,25.37607],[98.10836,25.38889],[98.11197,25.44847],[98.09978,25.50005],[98.1342,25.53462],[98.14009,25.61146],[98.23238,25.58655],[98.27662,25.55245],[98.31207,25.55746],[98.3471,25.57782],[98.37521,25.64929],[98.41325,25.69208],[98.41873,25.72422],[98.43929,25.7436],[98.46131,25.79465],[98.4981,25.83072],[98.52683,25.83879],[98.56239,25.81636],[98.61003,25.8006],[98.68486,25.8531],[98.68982,25.8916],[98.66729,25.90576],[98.61623,25.9794],[98.58244,25.98229],[98.57262,26.03557],[98.54554,26.10564],[98.56301,26.13122],[98.61933,26.14574],[98.62574,26.14435],[98.62429,26.10849],[98.63081,26.09691],[98.64445,26.09789],[98.68083,26.12497],[98.68651,26.15412],[98.70553,26.17494],[98.677,26.23933],[98.66822,26.24822],[98.64817,26.24481],[98.64217,26.25452],[98.65778,26.31163],[98.69768,26.35405],[98.71349,26.38945],[98.72114,26.5389],[98.72796,26.57259],[98.75555,26.62504],[98.74646,26.68106],[98.73199,26.71351],[98.75039,26.79201],[98.71814,26.8425],[98.71452,26.86203],[98.73633,26.89826],[98.71266,26.99515],[98.73778,27.04869],[98.73137,27.06879],[98.69137,27.0924],[98.67256,27.1756],[98.67359,27.2079],[98.70419,27.30417],[98.7077,27.33725],[98.69737,27.36892],[98.67731,27.37611],[98.67442,27.3866],[98.66832,27.47525],[98.67928,27.57734],[98.64724,27.61173],[98.60455,27.59274],[98.57841,27.59173],[98.54337,27.64253],[98.52218,27.6563],[98.49231,27.64343],[98.41025,27.68425],[98.40002,27.67573],[98.39816,27.61981],[98.38328,27.55579],[98.36395,27.53217],[98.3286,27.52287],[98.2947,27.53661],[98.27569,27.5701],[98.25439,27.64813],[98.20437,27.7273],[98.2115,27.76032],[98.19786,27.78063],[98.19662,27.82319],[98.16241,27.84285],[98.14009,27.87856],[98.17667,27.89812],[98.17729,27.91292],[98.14898,27.94455],[98.11353,27.96171],[98.10712,27.97307],[98.12252,28.01545],[98.12799,28.10547],[98.11869,28.14079],[98.04862,28.19962],[97.99105,28.21402],[97.98485,28.22422],[97.99291,28.26892],[97.94475,28.29884],[97.89752,28.35532],[97.85907,28.37013],[97.79727,28.34393],[97.76533,28.35243],[97.74001,28.38261],[97.6996,28.48803],[97.67045,28.51128],[97.61361,28.48198],[97.58994,28.4947],[97.56751,28.5255],[97.54622,28.53847],[97.52772,28.52953],[97.48814,28.44193],[97.44535,28.38297],[97.45238,28.35548],[97.44783,28.2976],[97.43667,28.28641],[97.38437,28.28484],[97.36959,28.25347],[97.33383,28.23525],[97.3235,28.21748],[97.32866,28.19001],[97.2989,28.12924],[97.2929,28.09508],[97.30655,28.06966],[97.35512,28.02305],[97.36225,27.99488],[97.34003,27.95181],[97.33352,27.89416],[97.2929,27.87755],[97.27637,27.91034],[97.26066,27.91204],[97.22293,27.89972],[97.13178,27.81686],[97.10604,27.80554],[97.09219,27.78549],[97.06532,27.77399],[97.05674,27.74678],[96.99091,27.72663],[96.95701,27.68808],[96.88352,27.63632],[96.86213,27.5993],[96.86203,27.57837],[96.87732,27.55307],[96.88848,27.50719],[96.89024,27.49248],[96.87701,27.46308],[96.88135,27.44411],[96.90512,27.40841],[97.10129,27.1833],[97.10439,27.15602],[97.13477,27.12734],[97.11917,27.08729],[97.10604,27.08259],[97.07721,27.09649],[97.03804,27.08703],[97.003,27.11452],[96.86533,27.17162],[96.8427,27.18852],[96.84177,27.20439],[96.85965,27.24072],[96.85376,27.24873],[96.82172,27.27307],[96.77635,27.33063],[96.70524,27.36076],[96.67589,27.35766],[96.64901,27.33621],[96.5869,27.35358],[96.54732,27.30645],[96.51094,27.2925],[96.40779,27.29818],[96.14259,27.25751],[96.07417,27.22986],[96.01319,27.1908],[95.91645,27.05137],[95.88885,27.02703],[95.86147,27.01422],[95.77796,26.99515],[95.69931,26.89619],[95.62427,26.88074],[95.5913,26.82374],[95.57477,26.81614],[95.53136,26.82028],[95.48981,26.81072],[95.41064,26.70163],[95.26057,26.64763],[95.23908,26.64964],[95.22326,26.67036],[95.20487,26.66757],[95.17324,26.63383],[95.14141,26.62499],[95.1228,26.61161],[95.10957,26.5513],[95.04064,26.47559],[95.06606,26.40743],[95.04363,26.3277],[95.04177,26.2876],[95.05872,26.21768],[95.09448,26.19504],[95.07836,26.17132],[95.08818,26.10409],[95.13748,26.08296],[95.15009,26.07097],[95.15123,26.04994],[95.06586,25.95382],[95.00064,25.92204],[94.9932,25.88095],[95.01346,25.7777],[95.0088,25.73714],[94.96147,25.71797],[94.87166,25.59803],[94.85347,25.58604],[94.86029,25.56717],[94.82236,25.55911],[94.78236,25.50459],[94.76438,25.49168],[94.69203,25.47633],[94.65947,25.4555],[94.608,25.39463],[94.55012,25.24528],[94.55333,25.20415],[94.57689,25.17361],[94.68913,25.13852],[94.70681,25.10994],[94.71384,25.06826],[94.70856,25.02589],[94.67353,24.97481],[94.65482,24.88915],[94.59901,24.81347],[94.58154,24.73012],[94.55571,24.70885],[94.51633,24.70495],[94.47499,24.59739],[94.41845,24.56031],[94.39706,24.49507],[94.36368,24.46582],[94.3612,24.42541],[94.32874,24.39448],[94.33071,24.36286],[94.29536,24.3326],[94.28275,24.26643],[94.23397,24.16034],[94.21412,24.06918],[94.19914,24.04809],[94.19025,23.99528],[94.13506,23.91901],[94.13186,23.85697],[94.11687,23.84165],[94.09971,23.84263],[94.05506,23.88795],[93.99791,23.91697],[93.91233,23.93901],[93.88319,23.94531],[93.80371,23.93606],[93.78283,23.94546],[93.74304,23.99528],[93.71111,24.00546],[93.6124,24.00905],[93.58801,23.99523],[93.57106,23.96802],[93.56135,23.9657],[93.54347,23.98089],[93.49572,23.95913],[93.45665,23.95996],[93.43919,23.99523],[93.3965,24.03753],[93.36828,24.07848],[93.34854,24.08889],[93.32219,24.08006],[93.30297,24.04114],[93.30297,23.99528],[93.31609,23.9611],[93.35599,23.90699],[93.3748,23.73902],[93.40632,23.71912],[93.42596,23.6908],[93.43236,23.64732],[93.40022,23.45402],[93.40725,23.34726],[93.3779,23.29682],[93.3749,23.12973],[93.31826,23.03366],[93.27279,23.00591],[93.24654,23.00449],[93.19651,23.05384],[93.17708,23.05844],[93.15238,23.04994],[93.14008,23.0319],[93.13822,23.00526],[93.14318,22.97751],[93.17739,22.90021],[93.17553,22.88171],[93.1253,22.82155],[93.1159,22.7984],[93.07952,22.77272],[93.07394,22.6719],[93.11052,22.59635],[93.09915,22.51196],[93.11786,22.46287],[93.15352,22.42752],[93.16592,22.38659],[93.17367,22.25942],[93.16902,22.24691],[93.12355,22.23069],[93.12313,22.21839],[93.14174,22.18728],[93.11951,22.18097],[93.07249,22.20247],[93.04582,22.20686],[93.02453,22.2019],[93.02546,22.11291],[92.98547,22.09597],[92.96717,22.06269],[92.97988,22.00228],[92.9681,21.98724],[92.9556,21.98961],[92.93741,22.01302],[92.92097,22.02181],[92.90619,22.01731],[92.88924,21.96672],[92.87746,21.95701],[92.86702,21.96652],[92.8539,22.02413],[92.83612,22.04651],[92.77163,22.10418],[92.70807,22.14795],[92.68378,22.15431],[92.67107,22.1339],[92.67396,22.09524],[92.66207,22.09478],[92.65618,22.07529],[92.65835,22.03282],[92.65091,22.01917],[92.61526,22.00879],[92.57588,21.97757]]},"properties":{"kind":"country_border"}},{"type":"Feature","geometry":{"type":"LineString","coordinates":[[-51.68322,4.03937],[-51.75795,4.00252],[-51.78319,3.98095],[-51.80624,3.91751],[-51.83541,3.86754],[-51.89972,3.79667],[-51.93866,3.77357],[-51.94008,3.73396],[-51.94871,3.7251],[-51.97284,3.72169],[-51.98842,3.70456],[-52.01276,3.61911],[-52.07418,3.51663],[-52.09359,3.50687],[-52.09276,3.48139],[-52.22792,3.26011],[-52.2512,3.24306],[-52.27947,3.24249],[-52.2991,3.22533],[-52.31936,3.17764],[-52.35533,3.15159],[-52.36111,3.10932],[-52.35155,3.06596],[-52.4222,2.92747],[-52.40928,2.89734],[-52.44163,2.88132],[-52.45527,2.86505],[-52.5333,2.68986],[-52.54296,2.65152],[-52.57578,2.63374],[-52.5519,2.58656],[-52.5904,2.50471],[-52.61919,2.46347],[-52.65608,2.43091],[-52.6906,2.37298],[-52.81969,2.29154],[-52.86274,2.27423],[-52.88015,2.26038],[-52.90671,2.20498],[-52.92315,2.19367],[-52.93906,2.19573],[-52.95968,2.17522],[-53.06123,2.18628],[-53.09223,2.21191],[-53.11337,2.21935],[-53.2685,2.19573],[-53.27971,2.20498],[-53.27222,2.21997],[-53.23465,2.24126],[-53.23419,2.25097],[-53.29744,2.30368],[-53.32255,2.33857],[-53.3441,2.34963],[-53.37852,2.30756],[-53.42544,2.28601],[-53.46213,2.25898],[-53.53179,2.24705],[-53.57902,2.27041],[-53.646,2.27847],[-53.71318,2.30735],[-53.74217,2.30854],[-53.74816,2.31934],[-53.73736,2.34906],[-53.74826,2.36466],[-53.7648,2.36869],[-53.80097,2.35381],[-53.8309,2.31014],[-53.86681,2.30493],[-53.90123,2.26451],[-53.9329,2.26963],[-53.94613,2.22198],[-53.96391,2.20932],[-54.00598,2.19434],[-54.02799,2.17858],[-54.04845,2.18881],[-54.07667,2.18369],[-54.09842,2.12796],[-54.1114,2.11429],[-54.13491,2.11067],[-54.15739,2.12165],[-54.18855,2.16132],[-54.26379,2.14819],[-54.31402,2.15486],[-54.33505,2.1639],[-54.37391,2.19651],[-54.47664,2.21413],[-54.54579,2.2686],[-54.54915,2.27945],[-54.52641,2.28265],[-54.56465,2.31485],[-54.58816,2.32436],[-54.61529,2.32627],[-54.67286,2.31598],[-54.70412,2.32482],[-54.7157,2.37593],[-54.70996,2.39479],[-54.6956,2.40352],[-54.70319,2.44585],[-54.74304,2.46652],[-54.75981,2.46579],[-54.84192,2.4335],[-54.88029,2.44735],[-54.97858,2.54305],[-54.97956,2.5661],[-54.95367,2.59907],[-54.9591,2.60899],[-55.01775,2.59059],[-55.0763,2.54522],[-55.12089,2.52481],[-55.1366,2.5338],[-55.13779,2.56217],[-55.17195,2.55933],[-55.25192,2.49788],[-55.27525,2.49933],[-55.28698,2.5139],[-55.3028,2.51969],[-55.32052,2.5183],[-55.35452,2.49489],[-55.37106,2.44254],[-55.39959,2.43019],[-55.60831,2.43396],[-55.64538,2.41665],[-55.72429,2.39691],[-55.7546,2.40941],[-55.77357,2.44006],[-55.85377,2.46264],[-55.92503,2.51566],[-55.9472,2.52817],[-55.97102,2.53034],[-55.98924,2.52083],[-55.99691,2.50326],[-56.01335,2.39882],[-56.05024,2.34704],[-56.06215,2.34156],[-56.09146,2.3519],[-56.10378,2.34906],[-56.132,2.30436],[-56.14677,2.25619],[-56.13525,2.24855],[-56.07293,2.24152],[-56.05402,2.22405],[-56.04484,2.18473],[-56.03133,2.16349],[-55.99578,2.13739],[-55.91826,2.05039],[-55.92203,1.88622],[-55.95382,1.85327],[-56.01965,1.83351],[-56.08264,1.84656],[-56.20977,1.88854],[-56.2738,1.88751],[-56.34795,1.9266],[-56.41518,1.9197],[-56.48182,1.94161],[-56.55892,1.90665],[-56.57486,1.90547],[-56.62023,1.93456],[-56.63956,1.93686],[-56.68395,1.91211],[-56.73764,1.91299],[-56.78064,1.87906],[-56.80648,1.87358],[-56.89071,1.8902],[-56.92192,1.9181],[-57.01117,1.91857],[-57.05597,1.94807],[-57.07406,1.99717],[-57.10449,2.02145],[-57.15291,2.0022],[-57.23844,1.94854],[-57.25864,1.95223],[-57.29482,1.97484],[-57.31942,1.97714],[-57.34148,1.96885],[-57.38453,1.92521],[-57.42949,1.9003],[-57.46478,1.81573],[-57.53129,1.73155],[-57.56116,1.70897],[-57.63857,1.69618],[-57.75882,1.71346],[-57.79076,1.70494],[-57.92222,1.64248],[-57.98501,1.6577],[-57.991,1.65042],[-57.98697,1.58683],[-58.02723,1.51686],[-58.06914,1.509],[-58.14862,1.51908],[-58.16288,1.54918],[-58.18727,1.56761],[-58.21967,1.55606],[-58.26055,1.56032],[-58.2992,1.57518],[-58.32049,1.60122],[-58.33191,1.59339],[-58.35139,1.55332],[-58.39026,1.53076],[-58.38638,1.49019],[-58.41346,1.47203],[-58.49888,1.45738],[-58.51366,1.43888],[-58.48808,1.37888],[-58.4811,1.33387],[-58.51893,1.26726],[-58.54306,1.27439],[-58.55696,1.2869],[-58.58053,1.27274],[-58.69773,1.28106],[-58.75282,1.21497],[-58.77194,1.20127],[-58.834,1.18582],[-58.87214,1.19724],[-58.89787,1.21781],[-58.91172,1.26023],[-58.92748,1.28421],[-58.9665,1.31015],[-59.0111,1.32757],[-59.17796,1.35713],[-59.25992,1.38744],[-59.29382,1.45211],[-59.32033,1.47353],[-59.32694,1.50952],[-59.33857,1.52464],[-59.38017,1.52334],[-59.39464,1.54944],[-59.41683,1.55528],[-59.44551,1.60101],[-59.50282,1.65765],[-59.53073,1.70308],[-59.55148,1.72052],[-59.57272,1.72716],[-59.63966,1.72176],[-59.68085,1.75739],[-59.68248,1.7656],[-59.64548,1.82769],[-59.64646,1.83997],[-59.70558,1.85741],[-59.74968,1.85131],[-59.76356,1.88257],[-59.76454,1.92053],[-59.74382,1.96185],[-59.74534,1.99717],[-59.7371,2.03042],[-59.75296,2.07546],[-59.73539,2.11352],[-59.74498,2.15351],[-59.7417,2.26379],[-59.76325,2.28798],[-59.8012,2.29273],[-59.88407,2.34601],[-59.90313,2.3596],[-59.91344,2.37872],[-59.90151,2.40451],[-59.90678,2.45877],[-59.93585,2.52388],[-59.94073,2.563],[-59.95313,2.58393],[-59.97099,2.59256],[-59.96504,2.61343],[-60.00008,2.69405],[-59.99372,2.85729],[-59.97298,2.9393],[-59.96923,3.04271],[-59.93267,3.11004],[-59.91161,3.12643],[-59.92156,3.15009],[-59.90321,3.15867],[-59.91685,3.18115],[-59.91667,3.19417],[-59.89763,3.21738],[-59.88401,3.26254],[-59.85373,3.31538],[-59.84319,3.34902],[-59.82177,3.35659],[-59.82849,3.38341],[-59.82404,3.43168],[-59.84136,3.4254],[-59.82136,3.48439],[-59.82955,3.50976],[-59.86303,3.55237],[-59.86288,3.58172],[-59.83766,3.60929],[-59.75555,3.63813],[-59.71764,3.67321],[-59.68622,3.69022],[-59.67181,3.75623],[-59.59861,3.8024],[-59.60251,3.85568],[-59.58178,3.89919],[-59.56316,3.91819],[-59.53471,3.9271],[-59.52765,3.93953],[-59.53683,3.95769],[-59.59628,3.97064],[-59.59538,3.99637],[-59.66325,4.07973],[-59.64617,4.13404],[-59.66736,4.15057],[-59.72674,4.17646],[-59.73847,4.20277],[-59.73795,4.24],[-59.72449,4.26406],[-59.73847,4.28659],[-59.69361,4.34069],[-59.68674,4.38118],[-59.71351,4.38937],[-59.73795,4.41557],[-59.79627,4.44821],[-59.80963,4.46575],[-59.82624,4.45461],[-59.86324,4.46066],[-59.87169,4.46823],[-59.87293,4.48469],[-59.91456,4.47435],[-59.9343,4.49825],[-59.95313,4.50588],[-59.97455,4.50371],[-59.98455,4.4888],[-60.0207,4.49887],[-60.05561,4.49159],[-60.06625,4.49433],[-60.07155,4.51254],[-60.08777,4.52554],[-60.0986,4.526],[-60.1062,4.5066],[-60.12093,4.50236],[-60.14878,4.51301],[-60.15999,4.52779],[-60.16154,4.5652],[-60.13483,4.59355],[-60.10615,4.59535],[-60.0877,4.60752],[-60.07563,4.65029],[-60.03245,4.72542],[-60.03452,4.7878],[-60.02047,4.83229],[-60.01796,4.89223],[-60.00021,4.95833],[-59.99928,4.99688],[-59.9815,5.05742],[-59.9831,5.08594],[-60.07573,5.14082],[-60.09124,5.15824],[-60.13173,5.2434],[-60.17655,5.22715],[-60.19095,5.23994],[-60.2003,5.26345],[-60.21343,5.26722],[-60.27373,5.24736],[-60.33308,5.19377],[-60.4198,5.20723],[-60.44897,5.17423],[-60.49741,5.19594],[-60.55384,5.18806],[-60.61356,5.20893],[-60.69518,5.21193],[-60.73985,5.20214],[-60.68487,5.18831],[-60.6643,5.17025],[-60.59867,4.99688],[-60.59193,4.94972],[-60.61263,4.90058],[-60.68006,4.81795],[-60.71815,4.78428],[-60.76368,4.75509],[-60.86003,4.71243],[-60.89581,4.70853],[-60.93106,4.63739],[-60.9478,4.5736],[-60.97728,4.53497],[-61.01196,4.5183],[-61.16859,4.49024],[-61.23807,4.51588],[-61.31558,4.52078],[-61.32294,4.50885],[-61.29584,4.469],[-61.29305,4.44805],[-61.30824,4.43332],[-61.33323,4.42387],[-61.45818,4.41914],[-61.50187,4.40185],[-61.51642,4.37477],[-61.52236,4.29777],[-61.5335,4.27359],[-61.55216,4.25496],[-61.56727,4.24853],[-61.59908,4.25439],[-61.64052,4.24191],[-61.71889,4.25465],[-61.75635,4.24636],[-61.7792,4.23269],[-61.83103,4.17693],[-61.88813,4.15016],[-61.93149,4.14641],[-61.99019,4.16641],[-62.03505,4.15988],[-62.11111,4.10484],[-62.15359,4.09029],[-62.19266,4.09474],[-62.38417,4.17347],[-62.4281,4.18318],[-62.46298,4.17471],[-62.46985,4.15161],[-62.4837,4.13918],[-62.53698,4.12541],[-62.54644,4.11391],[-62.56096,4.03779],[-62.58866,4.03071],[-62.67067,4.04366],[-62.74436,4.03402],[-62.76622,4.02071],[-62.76627,3.96469],[-62.7888,3.8994],[-62.74043,3.74194],[-62.73991,3.70045],[-62.74958,3.66037],[-62.78632,3.60441],[-62.79645,3.5973],[-62.82234,3.59883],[-62.872,3.56547],[-62.88941,3.56082],[-62.95106,3.57017],[-62.99705,3.59914],[-63.13084,3.76212],[-63.19322,3.80675],[-63.2512,3.88656],[-63.28598,3.92082],[-63.35171,3.95873],[-63.39145,3.97157],[-63.4254,3.96836],[-63.44824,3.93937],[-63.46886,3.86723],[-63.51067,3.85455],[-63.55423,3.87537],[-63.6228,3.93521],[-63.67159,3.94625],[-63.77101,3.92881],[-63.83111,3.94945],[-63.87514,3.94981],[-63.99642,3.8808],[-64.03766,3.8825],[-64.06381,3.9116],[-64.10815,4.0581],[-64.1467,4.11055],[-64.2406,4.14202],[-64.36498,4.15187],[-64.58967,4.11887],[-64.60822,4.12649],[-64.66098,4.22747],[-64.69987,4.26416],[-64.74594,4.28762],[-64.79162,4.28442],[-64.80506,4.27189],[-64.81555,4.23103],[-64.80126,4.18853],[-64.74191,4.15719],[-64.7271,4.14078],[-64.70744,4.08296],[-64.6629,3.99699],[-64.6429,3.97296],[-64.57497,3.91421],[-64.53143,3.85351],[-64.43454,3.77848],[-64.32416,3.72411],[-64.26556,3.65221],[-64.20298,3.59472],[-64.19574,3.57007],[-64.19786,3.51508],[-64.24215,3.44297],[-64.24561,3.41894],[-64.21631,3.25143],[-64.22538,3.1656],[-64.22292,3.124],[-64.2053,3.08917],[-64.17347,3.05191],[-64.1375,2.98726],[-64.10595,2.94721],[-64.02908,2.79797],[-63.99756,2.71493],[-64.01219,2.60377],[-64.05782,2.51044],[-64.04797,2.47132],[-64.0325,2.463],[-64.01079,2.46817],[-63.95183,2.4615],[-63.83132,2.42864],[-63.70409,2.43758],[-63.38483,2.42058],[-63.36489,2.41308],[-63.36111,2.40001],[-63.37279,2.34911],[-63.37264,2.26684],[-63.4006,2.20462],[-63.4022,2.17051],[-63.41176,2.14938],[-63.51067,2.1246],[-63.56198,2.12636],[-63.61753,2.10116],[-63.78321,1.975],[-63.95834,1.97071],[-63.99503,1.95802],[-64.03663,1.92727],[-64.0536,1.89371],[-64.0603,1.80746],[-64.07595,1.74537],[-64.07254,1.68458],[-64.09296,1.62262],[-64.12972,1.57807],[-64.17709,1.55115],[-64.23215,1.49714],[-64.30152,1.44666],[-64.32188,1.42444],[-64.35294,1.36584],[-64.3701,1.35873],[-64.38958,1.3693],[-64.39477,1.39219],[-64.38503,1.4364],[-64.36382,1.47735],[-64.36459,1.49709],[-64.38643,1.51024],[-64.40901,1.50751],[-64.5512,1.41953],[-64.60422,1.33129],[-64.73088,1.24757],[-64.77131,1.24675],[-64.82144,1.27057],[-64.83929,1.27083],[-64.8974,1.21967],[-64.96647,1.2006],[-65.01745,1.16298],[-65.02249,1.13998],[-65.05962,1.13239],[-65.10052,1.13611],[-65.13677,1.12691],[-65.16018,1.08019],[-65.17899,0.9554],[-65.20304,0.92382],[-65.22315,0.91436],[-65.31027,0.91865],[-65.3272,0.91028],[-65.40001,0.81654],[-65.40962,0.79215],[-65.41388,0.74161],[-65.45122,0.69014],[-65.49783,0.65872],[-65.54266,0.64932],[-65.56049,0.65603],[-65.58522,0.69148],[-65.58734,0.73913],[-65.53318,0.81633],[-65.517,0.86279],[-65.5185,0.88651],[-65.53581,0.92847],[-65.57085,0.96857],[-65.59604,0.98361],[-65.70105,0.98439],[-65.74544,0.97415],[-65.89176,0.89561],[-65.97408,0.80698],[-65.99418,0.79473],[-66.05746,0.78698],[-66.07919,0.77758],[-66.11113,0.74182],[-66.13438,0.73112],[-66.15634,0.73303],[-66.20874,0.76311],[-66.28507,0.74585],[-66.3462,0.75939],[-66.40708,0.80207],[-66.87506,1.22251],[-67.06523,1.17269],[-67.08611,1.176],[-67.0982,1.25336],[-67.0736,1.5412],[-67.08295,1.60463],[-67.11716,1.70979],[-67.15572,1.78808],[-67.26475,1.93254],[-67.34061,2.09011],[-67.36578,2.11496],[-67.42464,2.13811],[-67.43973,2.13956],[-67.47533,2.11186],[-67.51027,2.10742],[-67.5544,2.07313],[-67.59295,2.05481],[-67.66974,1.97334],[-67.79046,1.81258],[-67.82084,1.784],[-67.86053,1.76152],[-67.92885,1.74129],[-67.96486,1.74015],[-67.99825,1.74997],[-68.03179,1.77752],[-68.05866,1.8164],[-68.11111,1.94241],[-68.12615,1.95621],[-68.1771,1.97319],[-68.18516,1.98076],[-68.19219,2.01489],[-68.20082,2.00784],[-68.26082,1.85821],[-68.28025,1.8294],[-68.24831,1.82211],[-68.23896,1.81025],[-68.23896,1.77028],[-68.19353,1.76374],[-68.18878,1.73584],[-68.1633,1.72129],[-69.3524,1.72021],[-69.39338,1.72527],[-69.46919,1.75739],[-69.54195,1.77271],[-69.5803,1.77023],[-69.64905,1.73894],[-69.72915,1.73899],[-69.80754,1.70736],[-69.85617,1.70767],[-69.84881,1.66889],[-69.85219,1.05942],[-69.82935,1.05725],[-69.78767,1.08422],[-69.76256,1.0911],[-69.72806,1.08298],[-69.72651,1.06102],[-69.71602,1.05859],[-69.61991,1.07275],[-69.54296,1.0556],[-69.47826,1.06066],[-69.41816,1.02862],[-69.37085,1.06299],[-69.35496,1.06707],[-69.28882,1.03844],[-69.23285,0.98836],[-69.22618,0.9572],[-69.20432,0.94366],[-69.20998,0.90754],[-69.15239,0.8678],[-69.15234,0.85426],[-69.17539,0.84445],[-69.16776,0.75603],[-69.19226,0.72895],[-69.18926,0.71515],[-69.15208,0.69055],[-69.13745,0.65014],[-69.14366,0.63753],[-69.16234,0.63144],[-69.2006,0.6395],[-69.22618,0.6148],[-69.29706,0.6181],[-69.29282,0.64559],[-69.30215,0.65655],[-69.36256,0.64094],[-69.43971,0.71577],[-69.47808,0.73282],[-69.50371,0.72962],[-69.55565,0.70017],[-69.59412,0.68931],[-69.61916,0.65066],[-69.67949,0.67004],[-69.69468,0.66875],[-69.73287,0.63898],[-69.80532,0.60694],[-69.95286,0.58575],[-69.99924,0.58978],[-70.03942,0.57459],[-70.05425,0.58813],[-70.07381,-0.1249],[-70.06804,-0.16014],[-70.01756,-0.22567],[-69.96665,-0.27228],[-69.93363,-0.31435],[-69.85811,-0.34143],[-69.83478,-0.38318],[-69.79145,-0.40819],[-69.74646,-0.45305],[-69.64952,-0.49201],[-69.61975,-0.52457],[-69.60706,-0.56684],[-69.60453,-0.60632],[-69.58422,-0.64456],[-69.59076,-0.66823],[-69.62838,-0.73344],[-69.61836,-0.7569],[-69.57273,-0.81354],[-69.57324,-0.8492],[-69.53733,-0.88951],[-69.53924,-0.92061],[-69.5326,-0.93405],[-69.49314,-0.95617],[-69.47123,-0.988],[-69.44997,-0.99679],[-69.44286,-1.00836],[-69.43976,-1.04867],[-69.44816,-1.09208],[-69.39945,-1.18272],[-69.42111,-1.23863],[-69.41832,-1.28411],[-69.4347,-1.3764],[-69.43395,-1.42219],[-69.46643,-1.56109],[-69.9472,-4.20114],[-69.96495,-4.23648],[-69.96257,-4.26429],[-69.97182,-4.29095],[-69.98939,-4.31462],[-70.0229,-4.33891],[-70.03704,-4.34087],[-70.07561,-4.31617],[-70.09662,-4.26573],[-70.11652,-4.25829],[-70.13889,-4.26046],[-70.15726,-4.27018],[-70.18656,-4.3263],[-70.20563,-4.34294],[-70.23132,-4.30366],[-70.25759,-4.29922],[-70.31671,-4.24703],[-70.3111,-4.17086],[-70.33061,-4.14316],[-70.34307,-4.13944],[-70.36144,-4.16817],[-70.39867,-4.14233],[-70.42993,-4.13417],[-70.46001,-4.1446],[-70.51598,-4.18233],[-70.52639,-4.17602],[-70.53411,-4.14677],[-70.54969,-4.14068],[-70.56564,-4.14884],[-70.58527,-4.19452],[-70.63253,-4.16682],[-70.63106,-4.11897],[-70.64677,-4.11566],[-70.66289,-4.12218],[-70.68307,-4.16383],[-70.69405,-4.1723],[-70.77425,-4.15504],[-70.83224,-4.17943],[-70.84518,-4.19101],[-70.84831,-4.20445],[-70.84275,-4.23814],[-70.87371,-4.25075],[-70.89639,-4.29984],[-70.96869,-4.38531],[-71.00545,-4.34759],[-71.00998,-4.36981],[-71.02933,-4.38583],[-71.08157,-4.36413],[-71.10604,-4.37384],[-71.1285,-4.40185],[-71.15247,-4.39172],[-71.16968,-4.36278],[-71.18617,-4.37219],[-71.21407,-4.41084],[-71.24167,-4.38004],[-71.26482,-4.37549],[-71.28849,-4.38077],[-71.30461,-4.39492],[-71.30538,-4.42707],[-71.31515,-4.43999],[-71.33076,-4.43513],[-71.36326,-4.45921],[-71.38698,-4.43492],[-71.47742,-4.44061],[-71.50615,-4.44856],[-71.5246,-4.48515],[-71.57157,-4.48071],[-71.61715,-4.50034],[-71.61343,-4.47926],[-71.64381,-4.50231],[-71.66521,-4.50758],[-71.69931,-4.48164],[-71.74019,-4.49559],[-71.78484,-4.4805],[-71.80065,-4.50241],[-71.90721,-4.51843],[-71.98028,-4.5823],[-72.00984,-4.5916],[-72.03552,-4.61186],[-72.07113,-4.60514],[-72.10802,-4.66426],[-72.25106,-4.75883],[-72.2693,-4.76493],[-72.33194,-4.76327],[-72.3447,-4.7826],[-72.38609,-4.79397],[-72.39684,-4.80565],[-72.40413,-4.86022],[-72.41467,-4.87634],[-72.4526,-4.89918],[-72.47648,-4.90249],[-72.49513,-4.94698],[-72.54645,-4.95825],[-72.5866,-4.9967],[-72.61435,-5.00972],[-72.62727,-5.02243],[-72.63507,-5.05178],[-72.64479,-5.06057],[-72.70799,-5.06315],[-72.74757,-5.05509],[-72.77294,-5.08114],[-72.83113,-5.09664],[-72.85397,-5.0925],[-72.85893,-5.11607],[-72.91795,-5.13209],[-72.92198,-5.14687],[-72.90033,-5.19462],[-72.89666,-5.27162],[-72.92399,-5.31358],[-72.93479,-5.37218],[-72.9735,-5.46613],[-72.96048,-5.55925],[-72.97691,-5.65175],[-73.00135,-5.7088],[-73.10564,-5.84698],[-73.14,-5.8785],[-73.23478,-6.07756],[-73.23529,-6.12366],[-73.22599,-6.14794],[-73.17767,-6.20241],[-73.15571,-6.32271],[-73.12698,-6.39134],[-73.13178,-6.43526],[-73.1478,-6.47619],[-73.17147,-6.51743],[-73.19896,-6.54565],[-73.23359,-6.56404],[-73.27849,-6.57572],[-73.34919,-6.57645],[-73.37068,-6.58389],[-73.51321,-6.69778],[-73.59388,-6.74398],[-73.67196,-6.80072],[-73.70679,-6.84961],[-73.75942,-6.88743],[-73.76771,-6.95926],[-73.81234,-7.10292],[-73.80355,-7.12649],[-73.73454,-7.22509],[-73.71309,-7.30467],[-73.72475,-7.32482],[-73.74126,-7.33443],[-73.82585,-7.33743],[-73.90202,-7.3734],[-73.9829,-7.35645],[-73.94432,-7.44874],[-73.97142,-7.52398],[-74.01847,-7.54352],[-74.00966,-7.56109],[-73.96938,-7.58465],[-73.8388,-7.72056],[-73.81115,-7.73927],[-73.74224,-7.76407],[-73.71216,-7.78815],[-73.70255,-7.82784],[-73.71371,-7.86629],[-73.74611,-7.88644],[-73.79464,-7.87414],[-73.78495,-7.94039],[-73.7788,-7.95414],[-73.74849,-7.97698],[-73.66803,-8.01377],[-73.64472,-8.06834],[-73.60111,-8.13614],[-73.60328,-8.21159],[-73.56173,-8.27267],[-73.54083,-8.35908],[-73.44727,-8.41613],[-73.41022,-8.4555],[-73.37053,-8.46522],[-73.35642,-8.47979],[-73.34826,-8.51834],[-73.35766,-8.56299],[-73.35058,-8.59834],[-73.28986,-8.67048],[-73.26914,-8.68164],[-73.211,-8.69394],[-73.17457,-8.72071],[-73.14584,-8.7822],[-73.06864,-8.89372],[-73.0167,-8.93041],[-72.97608,-8.98539],[-72.95939,-9.08565],[-72.972,-9.13443],[-73.02786,-9.18311],[-73.03437,-9.22259],[-73.09024,-9.24419],[-73.14083,-9.32284],[-73.19354,-9.37565],[-73.21498,-9.40904],[-72.8133,-9.4109],[-72.69171,-9.43508],[-72.67228,-9.44666],[-72.65595,-9.43901],[-72.63652,-9.44294],[-72.53565,-9.48159],[-72.4095,-9.48634],[-72.34455,-9.53285],[-72.31266,-9.53254],[-72.30677,-9.54092],[-72.30413,-9.60086],[-72.26765,-9.64954],[-72.26166,-9.66742],[-72.277,-9.72426],[-72.26522,-9.76219],[-72.19474,-9.80581],[-72.1629,-9.87723],[-72.1627,-9.90007],[-72.18394,-9.92901],[-72.18461,-9.98461],[-72.19567,-10.00559],[-71.39143,-10.00683],[-71.37339,-10.00228],[-71.35406,-9.9813],[-71.33965,-9.97975],[-71.31345,-9.99422],[-71.2997,-9.99339],[-71.24513,-9.95608],[-71.1965,-9.93986],[-71.16105,-9.87557],[-71.14426,-9.86307],[-71.07747,-9.83382],[-71.01543,-9.81749],[-70.99721,-9.80353],[-70.96905,-9.75486],[-70.92027,-9.72013],[-70.87549,-9.66049],[-70.82518,-9.63362],[-70.74728,-9.56458],[-70.68085,-9.52769],[-70.60638,-9.44883],[-70.58688,-9.43953],[-70.52499,-9.43095],[-70.52375,-9.44397],[-70.54326,-9.49348],[-70.56194,-9.50174],[-70.55512,-9.51601],[-70.57615,-9.52913],[-70.57806,-9.54185],[-70.56453,-9.56541],[-70.62442,-9.56582],[-70.6008,-9.63528],[-70.56021,-9.67331],[-70.54187,-9.70824],[-70.54342,-9.72695],[-70.56915,-9.77914],[-70.57956,-9.78565],[-70.59525,-9.77904],[-70.61509,-9.79227],[-70.62902,-9.8116],[-70.63845,-9.8518],[-70.64134,-11.0108],[-70.55556,-10.94279],[-70.53411,-10.93814],[-70.43727,-11.03674],[-70.39131,-11.05907],[-70.34102,-11.06723],[-70.2894,-11.06475],[-70.19873,-11.04119],[-69.95611,-10.91933],[-69.80832,-10.92719],[-69.75344,-10.9583],[-69.72021,-10.96491],[-69.57763,-10.9523],[-68.68425,-12.50249],[-68.69438,-12.50683],[-68.72606,-12.56595],[-68.77011,-12.59437],[-68.79342,-12.62021],[-68.79461,-12.63654],[-68.78533,-12.64595],[-68.75298,-12.65473],[-68.74296,-12.66579],[-68.76613,-12.71054],[-68.77373,-12.71943],[-68.85621,-12.74144],[-68.87657,-12.75498],[-68.90463,-12.80397],[-68.92661,-12.80097],[-68.94943,-12.84387],[-68.98095,-12.86795],[-68.98622,-12.93337],[-68.97214,-13.04613],[-68.97966,-13.16457],[-68.96279,-13.28358],[-68.97075,-13.50145],[-68.98566,-13.55023],[-69.0232,-13.59695],[-69.02384,-13.63498],[-69.04402,-13.648],[-69.08759,-13.64387],[-69.10159,-13.66661],[-69.08105,-13.69544],[-69.01596,-13.75311],[-69.02309,-13.80603],[-69.01015,-13.84437],[-68.99299,-13.8698],[-68.98297,-13.97222],[-68.96971,-13.99051],[-68.91618,-14.02493],[-68.90576,-14.0393],[-68.86889,-14.15619],[-68.86445,-14.19123],[-68.88372,-14.21148],[-68.98491,-14.22833],[-69.01015,-14.2459],[-69.01617,-14.32114],[-68.99025,-14.37902],[-69.09456,-14.4464],[-69.13402,-14.49074],[-69.16427,-14.50304],[-69.16451,-14.5664],[-69.1704,-14.57756],[-69.23466,-14.57425],[-69.2475,-14.59368],[-69.25383,-14.72184],[-69.26763,-14.75067],[-69.33904,-14.77476],[-69.37054,-14.80152],[-69.36775,-14.90054],[-69.39067,-14.96441],[-69.38431,-14.98177],[-69.3461,-15.0165],[-69.28858,-15.10197],[-69.21267,-15.1613],[-69.1481,-15.23333],[-69.15043,-15.25163],[-69.16614,-15.26393],[-69.20913,-15.26362],[-69.22259,-15.30217],[-69.2559,-15.31333],[-69.29117,-15.35084],[-69.29695,-15.36697],[-69.28592,-15.40542],[-69.33036,-15.42423],[-69.34341,-15.44221],[-69.35641,-15.50143],[-69.42118,-15.59641],[-69.43002,-15.62628],[-69.42434,-15.65625],[-69.21965,-16.15276],[-69.18487,-16.19503],[-69.14469,-16.22345],[-69.12081,-16.2312],[-69.09518,-16.2312],[-69.05356,-16.20836],[-69.01015,-16.21911],[-68.98204,-16.21002],[-68.95951,-16.22335],[-68.91876,-16.26665],[-68.84365,-16.302],[-68.83349,-16.32898],[-68.85584,-16.36319],[-69.00173,-16.42282],[-69.02787,-16.45414],[-69.03888,-16.49186],[-69.04012,-16.58136],[-69.00834,-16.63418],[-69.03707,-16.67025],[-69.11206,-16.71149],[-69.16637,-16.71913],[-69.18236,-16.72875],[-69.22445,-16.81825],[-69.32594,-16.92222],[-69.36431,-16.99116],[-69.41359,-17.02227],[-69.41656,-17.03198],[-69.40126,-17.04718],[-69.40602,-17.06299],[-69.42744,-17.08686],[-69.51009,-17.11208],[-69.59505,-17.17967],[-69.6228,-17.18556],[-69.64941,-17.26277],[-69.66649,-17.2883],[-69.59727,-17.30049],[-69.5226,-17.36912],[-69.51139,-17.39868],[-69.51004,-17.50659]]},"properties":{"kind":"country_border"}},{"type":"Feature","geometry":{"type":"LineString","coordinates":[[13.81572,48.76643],[13.78358,48.71527],[13.81686,48.69558],[13.80095,48.67522],[13.80239,48.61171],[13.77428,48.56921],[13.73387,48.55978],[13.71651,48.52169],[13.67336,48.53549],[13.65806,48.55109],[13.62437,48.56536],[13.5207,48.58458],[13.45456,48.57344],[13.44009,48.56096],[13.45921,48.51639],[13.43823,48.47854],[13.43616,48.43059],[13.40557,48.37658],[13.27421,48.3071],[13.13644,48.29106],[13.03278,48.26357],[12.93304,48.20925],[12.86255,48.19665],[12.82214,48.16068],[12.73894,48.11345],[12.74204,48.08678],[12.76023,48.06487],[12.83062,48.01547],[12.86204,47.96255],[12.93108,47.92488],[12.99123,47.84711],[12.92674,47.77739],[12.91723,47.75016],[12.89201,47.72355],[12.90834,47.71236],[12.96405,47.70536],[13.01986,47.71293],[13.04456,47.69657],[13.07205,47.65947],[13.07205,47.62242],[13.03825,47.58402],[13.04125,47.5619],[13.02812,47.54165],[13.03732,47.49305],[13.00187,47.46602],[12.96973,47.47573],[12.93159,47.47351],[12.82845,47.53725],[12.77894,47.55482],[12.77367,47.5795],[12.78587,47.60268],[12.81315,47.61182],[12.75166,47.64939],[12.76199,47.66686],[12.65306,47.67513],[12.59838,47.66288],[12.53823,47.63133],[12.49658,47.6289],[12.4447,47.65629],[12.42413,47.69156],[12.35147,47.68169],[12.2937,47.69001],[12.23872,47.6789],[12.22332,47.6959],[12.24223,47.73202],[12.1766,47.70582],[12.20513,47.67229],[12.20678,47.64557],[12.20213,47.62983],[12.1736,47.60508],[11.93589,47.61074],[11.85197,47.59916],[11.82034,47.57529],[11.62046,47.58965],[11.58914,47.57038],[11.5694,47.52738],[11.55121,47.51369],[11.48259,47.50258],[11.43535,47.50971],[11.41262,47.50609],[11.36549,47.46933],[11.38864,47.46222],[11.38388,47.44486],[11.30565,47.4354],[11.25883,47.40073],[11.23702,47.39396],[11.21304,47.39582],[11.21521,47.423],[11.19382,47.42894],[11.08375,47.38951],[10.97946,47.39055],[10.95528,47.40961],[10.95983,47.43251],[10.90991,47.46899],[10.85844,47.48516],[10.85162,47.4931],[10.89223,47.51488],[10.85864,47.53067],[10.76077,47.51364],[10.73989,47.52847],[10.60791,47.56227],[10.58373,47.56247],[10.53691,47.52986],[10.48254,47.53286],[10.4535,47.54625],[10.45712,47.57924],[10.42921,47.57702],[10.41423,47.57301],[10.43097,47.54216],[10.4196,47.49305],[10.44761,47.47258],[10.45195,47.43876],[10.42828,47.39605],[10.41164,47.38104],[10.37165,47.36739],[10.34343,47.33076],[10.30591,47.30218],[10.23935,47.27774],[10.15988,47.27112],[10.16866,47.29042],[10.19078,47.29825],[10.20928,47.37248],[10.19088,47.37923],[10.14696,47.3738],[10.13083,47.36267],[10.11037,47.36739],[10.08288,47.35907],[10.05322,47.40486],[10.07595,47.41687],[10.07182,47.43912],[10.02262,47.48796],[9.99358,47.47659],[9.98263,47.48103],[9.97167,47.5064],[9.94873,47.52423],[9.94594,47.54077],[9.91875,47.53219],[9.85891,47.54134],[9.83349,47.53462],[9.81313,47.54175],[9.80796,47.57632],[9.78212,47.58841],[9.75267,47.58206],[9.70399,47.53142],[9.6767,47.52263],[9.61262,47.52188],[9.54989,47.53353],[9.27321,47.65009],[9.19694,47.65614],[9.1834,47.67042],[9.01659,47.6789],[8.94538,47.6543],[8.88171,47.65614],[8.83779,47.68084],[8.83768,47.68779],[8.85608,47.69068],[8.79758,47.72003],[8.77071,47.72086],[8.76172,47.70125],[8.76988,47.69507],[8.71707,47.69456],[8.70043,47.7235],[8.71976,47.74732],[8.71314,47.75742],[8.68193,47.75874],[8.65702,47.78812],[8.6441,47.79101],[8.62984,47.7628],[8.61744,47.75732],[8.60762,47.76225],[8.60162,47.7946],[8.58312,47.80024],[8.5423,47.79502],[8.5516,47.77926],[8.53651,47.77409],[8.46365,47.76391],[8.43791,47.72319],[8.40195,47.70709],[8.39099,47.69213],[8.3913,47.66546],[8.45827,47.63988],[8.56824,47.66293],[8.60731,47.65629],[8.60162,47.6326],[8.59356,47.64257],[8.58033,47.63901],[8.57413,47.59244],[8.5607,47.5894],[8.52235,47.6219],[8.49238,47.61983],[8.46179,47.60614],[8.44887,47.58428],[8.35409,47.58102],[8.30635,47.59219],[8.28857,47.6158],[8.23296,47.62195],[8.17901,47.6158],[8.1139,47.58785],[8.08724,47.56738],[8.04228,47.56056],[7.91216,47.56056],[7.8982,47.58785],[7.81966,47.59534],[7.78555,47.5632],[7.76674,47.55596],[7.66142,47.54625],[7.60975,47.56475],[7.6359,47.56459],[7.65967,47.59658],[7.58603,47.58462],[7.59032,47.60795],[7.51466,47.6858],[7.51187,47.70732],[7.53781,47.73182],[7.52593,47.78316],[7.54288,47.82943],[7.562,47.83923],[7.559,47.88271],[7.57895,47.90633],[7.58494,47.94041],[7.62112,47.97144],[7.61895,48.00265],[7.57574,48.05371],[7.57895,48.11448],[7.61336,48.17921],[7.68716,48.25292],[7.70245,48.31119],[7.75072,48.34137],[7.73832,48.40661],[7.77646,48.49818],[7.81346,48.51947],[7.80167,48.54758],[7.81025,48.61502],[7.85242,48.65868],[7.89593,48.67651],[7.95918,48.72137],[7.97014,48.75728],[8.01727,48.76183],[8.03876,48.79077],[8.09034,48.80751],[8.14811,48.90373],[8.20031,48.95856],[8.18873,48.96575],[8.09044,48.97918],[7.9319,49.03484],[7.85686,49.03225],[7.77366,49.04812],[7.72695,49.03566],[7.68509,49.0428],[7.63497,49.03778],[7.60861,49.06197],[7.52086,49.08367],[7.47105,49.12832],[7.48273,49.13705],[7.47611,49.15152],[7.41482,49.15778],[7.41048,49.16894],[7.35095,49.15917],[7.334,49.13416],[7.2971,49.12811],[7.27437,49.10501],[7.24119,49.1139],[7.15499,49.11442],[7.07986,49.14201],[7.07076,49.13612],[7.07324,49.12031],[7.04255,49.1076],[7.02053,49.11897],[7.00947,49.1817],[6.98787,49.18243],[6.91439,49.20666],[6.83346,49.20945],[6.82768,49.19555],[6.83904,49.16279],[6.82178,49.14775],[6.71378,49.15886],[6.70097,49.17287],[6.70882,49.19777],[6.70252,49.21364],[6.6806,49.20749],[6.66376,49.24387],[6.6403,49.25276],[6.63968,49.27115],[6.55643,49.3264],[6.5556,49.34717],[6.57338,49.34774],[6.57772,49.3558],[6.51881,49.40215],[6.51167,49.42474],[6.40274,49.46546],[6.34531,49.45535],[6.35075,49.56659],[6.41793,49.63914],[6.40274,49.65578],[6.41824,49.66989],[6.49173,49.70079],[6.48635,49.71294],[6.49969,49.71221],[6.48553,49.73376],[6.50258,49.79567],[6.46248,49.80549],[6.39706,49.80859],[6.33442,49.84021],[6.30259,49.83494],[6.28678,49.86104],[6.2227,49.88714],[6.18983,49.9383],[6.17268,49.95623],[6.16193,49.94248],[6.11718,50.00439],[6.11377,50.03638],[6.0964,50.04863],[6.10943,50.06356],[6.0994,50.06413],[6.11749,50.12046],[6.1026,50.12475],[6.09713,50.15131],[6.08421,50.15932],[6.03863,50.14841],[6.01413,50.15358],[5.99832,50.17497],[5.96163,50.16562],[5.94106,50.12831],[5.87244,50.09689],[5.86438,50.06749],[5.83771,50.04744],[5.83637,50.01855],[5.80267,50.00248],[5.8126,49.97757],[5.80164,49.96382],[5.76371,49.94682],[5.71493,49.88187],[5.75813,49.8582],[5.73188,49.85996],[5.72692,49.84523],[5.73653,49.83944],[5.7202,49.82471],[5.72774,49.80022],[5.77849,49.77304],[5.80205,49.74286],[5.80536,49.72188],[5.85022,49.71402],[5.85735,49.70043],[5.84577,49.66658],[5.87988,49.65775],[5.88546,49.64353],[5.82996,49.58276],[5.84691,49.57672],[5.8374,49.56111],[5.79068,49.53775],[5.74635,49.54943],[5.71028,49.53109],[5.64465,49.5438],[5.61974,49.53553],[5.60227,49.51372],[5.5476,49.52344],[5.47773,49.49522],[5.45613,49.49894],[5.45024,49.54576],[5.40208,49.60245],[5.3411,49.62514],[5.31454,49.61113],[5.29304,49.61718],[5.29376,49.64054],[5.30637,49.64751],[5.29945,49.6625],[5.25924,49.69133],[5.19248,49.68281],[5.16943,49.6872],[5.08189,49.75273],[5.02629,49.76673],[4.97099,49.79706],[4.88418,49.78415],[4.85803,49.78657],[4.84904,49.79417],[4.84924,49.83158],[4.83488,49.85303],[4.85937,49.89168],[4.8602,49.91334],[4.84459,49.93173],[4.79726,49.94429],[4.78392,49.9583],[4.82671,50.03602],[4.82723,50.06408],[4.84604,50.09069],[4.86289,50.08408],[4.87188,50.13978],[4.86268,50.14759],[4.8201,50.14645],[4.81555,50.16133],[4.78858,50.15337],[4.68192,50.08392],[4.67292,50.01638],[4.6567,49.98909],[4.60419,49.98021],[4.46477,49.93561],[4.43511,49.93225],[4.2776,49.96016],[4.20112,49.95302],[4.13166,49.97499],[4.13962,49.97452],[4.12815,50.00579],[4.13735,50.02506],[4.21001,50.06015],[4.18055,50.12723],[4.12577,50.12816],[4.15275,50.20453],[4.20132,50.24153],[4.1976,50.25848],[4.16277,50.27295],[4.15027,50.26954],[4.14365,50.25161],[4.12526,50.25714],[4.09787,50.29481],[4.0033,50.34406],[3.89592,50.3253],[3.84021,50.3452],[3.75505,50.34633],[3.73345,50.33724],[3.69686,50.29822],[3.66172,50.31931],[3.64436,50.4455],[3.60829,50.47651],[3.56374,50.48653],[3.49915,50.48679],[3.48674,50.49268],[3.49801,50.51185],[3.47713,50.51986],[3.42918,50.50183],[3.36107,50.48979],[3.29988,50.50746],[3.27105,50.52694],[3.22981,50.65541],[3.24376,50.6721],[3.23239,50.69592],[3.22443,50.70517],[3.18898,50.7151],[3.12925,50.77907],[3.1033,50.78408],[2.97143,50.75783],[2.93019,50.73623],[2.88688,50.69665],[2.78673,50.72336],[2.69186,50.80884],[2.62044,50.81649],[2.58675,50.84542],[2.59667,50.86765],[2.57693,50.91152],[2.61165,50.94123],[2.60845,50.96113],[2.55698,51.00118],[2.5218,51.08754]]},"properties":{"kind":"country_border"}},{"type":"Feature","geometry":{"type":"LineString","coordinates":[[56.0774,26.06105],[56.1627,26.07355],[56.18347,26.01454],[56.17056,25.87682],[56.13965,25.82297],[56.172,25.76525],[56.1412,25.73269],[56.14513,25.67084],[56.15082,25.65885],[56.18885,25.64541],[56.2058,25.61777],[56.22151,25.61384],[56.27906,25.62745]]},"properties":{"kind":"country_border"}},{"type":"Feature","geometry":{"type":"LineString","coordinates":[[48.57895,41.84528],[48.45542,41.71441],[48.41325,41.62762],[48.37015,41.58015],[48.20184,41.49349],[48.08655,41.47664],[48.05353,41.46129],[48.00165,41.36208],[47.97917,41.35241],[47.95323,41.35577],[47.92946,41.31355],[47.89215,41.28327],[47.89463,41.21929],[47.82874,41.19842],[47.74373,41.19268],[47.6225,41.22906],[47.56777,41.2055],[47.54731,41.20565],[47.50096,41.24632],[47.37559,41.25945],[47.34448,41.26823],[47.25084,41.31603],[47.24092,41.33892],[47.23906,41.41572],[47.20051,41.45685],[47.18707,41.48563],[47.15932,41.50351],[47.14139,41.5524],[47.12558,41.5663],[47.10749,41.56992],[47.02703,41.55695],[47.00393,41.60542],[46.97923,41.6355],[46.91598,41.68095],[46.90223,41.71275],[46.83479,41.73024],[46.76911,41.77572],[46.7408,41.85125],[46.69749,41.82822],[46.63651,41.81652],[46.58659,41.78678],[46.56758,41.78668],[46.54985,41.79776],[46.54432,41.81476],[46.54355,41.87429],[46.52551,41.8823],[46.43089,41.89044],[46.40655,41.91504],[46.38206,41.92525],[46.32263,41.92902],[46.29416,41.93863],[46.22434,41.99348],[46.09918,41.98506],[46.075,41.99348],[46.06828,42.01532],[46.05846,42.02033],[46.02673,42.01679],[45.99516,42.03346],[45.96637,42.02206],[45.94756,42.02291],[45.92348,42.03963],[45.89516,42.09188],[45.88136,42.10203],[45.8116,42.11549],[45.63141,42.20117],[45.62138,42.22448],[45.73641,42.44754],[45.73962,42.47147],[45.69869,42.50759],[45.62066,42.53038],[45.47927,42.54234],[45.35597,42.51996],[45.32269,42.53012],[45.28269,42.58639],[45.15536,42.69326],[45.12296,42.70228],[45.067,42.68845],[45.02979,42.68876],[44.90297,42.75308],[44.85936,42.75951],[44.83368,42.73409],[44.77347,42.60965],[44.76107,42.61923],[44.73637,42.67755],[44.67942,42.72367],[44.60098,42.74912],[44.50811,42.75029],[44.36068,42.70375],[44.27201,42.70238],[44.19738,42.6291],[44.15082,42.61867],[44.05507,42.61531],[44.0115,42.60032],[43.97321,42.56399],[43.93973,42.55221],[43.88536,42.57921],[43.75111,42.59874],[43.72258,42.62487],[43.72568,42.6544],[43.78873,42.69308],[43.81177,42.71726],[43.80061,42.74646],[43.75596,42.76313],[43.66284,42.77984],[43.58626,42.83563],[43.51743,42.86046],[43.19434,42.92676],[43.15559,42.94239],[43.04826,43.01696],[42.99885,43.04221],[42.98976,43.05267],[43.00009,43.09866],[42.91483,43.12194],[42.82977,43.16876],[42.75153,43.17695],[42.6736,43.16589],[42.61521,43.13698],[42.5349,43.16507],[42.42287,43.22899],[42.35455,43.23602],[42.18536,43.22548],[42.07529,43.18527],[42.04336,43.18057],[42.01132,43.18186],[41.91933,43.20594],[41.82032,43.20124],[41.68741,43.22021],[41.57754,43.2153],[41.50613,43.25979],[41.41311,43.29129],[41.38066,43.33477],[41.35027,43.34335],[41.27875,43.3332],[41.18077,43.37469],[41.14667,43.37986],[41.04249,43.36983],[41.01179,43.37542],[40.87495,43.45564],[40.74018,43.49528],[40.65192,43.53897],[40.61554,43.53585],[40.51962,43.50518],[40.47983,43.50874],[40.23313,43.57577],[40.1643,43.57584],[40.0967,43.56264],[40.07283,43.55106],[39.98598,43.38899]]},"properties":{"kind":"country_border"}},{"type":"Feature","geometry":{"type":"LineString","coordinates":[[19.99991,39.6935],[20.01607,39.7014],[20.08935,39.6828],[20.18412,39.63701],[20.19993,39.64006],[20.21203,39.66704],[20.24603,39.6629],[20.24903,39.68481],[20.28272,39.7044],[20.29946,39.72822],[20.27569,39.76005],[20.28468,39.78031],[20.27301,39.79649],[20.28003,39.80398],[20.29833,39.80543],[20.3716,39.78429],[20.38897,39.79814],[20.39703,39.81809],[20.393,39.83545],[20.3469,39.89426],[20.31796,39.91839],[20.29791,39.98691],[20.37646,39.99374],[20.40044,40.04526],[20.43279,40.06381],[20.46596,40.06081],[20.49986,40.07146],[20.57779,40.06727],[20.64756,40.09404],[20.66823,40.13807],[20.66037,40.17889],[20.68528,40.19119],[20.69644,40.21507],[20.69913,40.27837],[20.73665,40.30364],[20.77044,40.36255],[20.77065,40.42198],[20.8092,40.4366],[20.82667,40.46482],[20.84,40.47164],[20.86677,40.47205],[20.91193,40.45955],[20.93684,40.47252],[20.95792,40.51494],[20.98149,40.52326],[21.01353,40.5489],[21.03317,40.6214],[21.02882,40.67685],[20.96351,40.73607],[20.94366,40.76526],[20.96092,40.78077],[20.96702,40.80201],[20.96485,40.87596],[20.95668,40.89477],[20.93994,40.90706],[20.83741,40.92407],[20.7661,40.89373],[20.74088,40.89797],[20.71722,40.91321],[20.65386,41.07527],[20.57697,41.09351],[20.56549,41.14741],[20.50007,41.23552],[20.47775,41.3196],[20.48167,41.3412],[20.49604,41.33779],[20.52343,41.3568],[20.54017,41.40068],[20.52219,41.42569],[20.49087,41.43602],[20.48353,41.46548],[20.45201,41.49359],[20.44416,41.54966],[20.50741,41.56227],[20.53469,41.58527],[20.50834,41.66175],[20.50038,41.73409],[20.51134,41.75794],[20.55092,41.79352],[20.54172,41.86158],[20.56715,41.87318],[20.56725,41.91217],[20.59929,41.94788],[20.58968,41.99364],[20.55216,42.07379],[20.54937,42.12348],[20.50079,42.21122],[20.45697,42.2505],[20.33336,42.31788],[20.24965,42.31861],[20.2296,42.32672],[20.21885,42.37145],[20.1928,42.39369],[20.20469,42.4201],[20.18081,42.4431],[20.1526,42.49371],[20.06496,42.54676],[20.07705,42.55991],[20.0757,42.60309],[20.10392,42.65311],[20.02475,42.72341],[20.03467,42.75142],[20.07632,42.77344],[20.1834,42.74251],[20.20841,42.76328],[20.20924,42.7917],[20.22608,42.80677],[20.42803,42.84064],[20.4763,42.85552],[20.49883,42.87787],[20.48891,42.89919],[20.45098,42.92203],[20.45945,42.95002],[20.4764,42.96637],[20.53046,42.97516],[20.56239,43.00949],[20.5964,43.00709],[20.64384,43.05226],[20.66492,43.08541],[20.66916,43.1098],[20.66182,43.11595],[20.63205,43.11727],[20.62058,43.13334],[20.60012,43.17383],[20.60404,43.19796],[20.66699,43.20966],[20.74533,43.25286],[20.79442,43.26307],[20.83845,43.24586],[20.8647,43.21734],[20.85147,43.21982],[20.84,43.21209],[20.83204,43.17861],[20.83855,43.17047],[21.00516,43.09913],[21.09259,43.09068],[21.12401,43.05828],[21.14789,42.99262],[21.16535,42.9851],[21.19305,42.99789],[21.2098,42.99588],[21.2253,42.97355],[21.23243,42.9109],[21.26054,42.88656],[21.30633,42.88245],[21.34674,42.86085],[21.39893,42.85457],[21.40844,42.847],[21.4041,42.80398],[21.37867,42.74414],[21.40555,42.7353],[21.56523,42.72018],[21.62941,42.6722],[21.68739,42.68683],[21.73865,42.68215],[21.76439,42.66962],[21.77276,42.6475],[21.73472,42.62425],[21.72883,42.59831],[21.71829,42.59102],[21.7277,42.57415],[21.71767,42.55115],[21.66786,42.49009],[21.61897,42.44924],[21.61742,42.38664],[21.59665,42.37209],[21.53732,42.35863],[21.51603,42.34194],[21.51489,42.31783],[21.55386,42.27398],[21.56407,42.24629],[21.49929,42.23866],[21.48151,42.24778],[21.46756,42.23512],[21.43634,42.24688],[21.41991,42.24006],[21.42983,42.21585],[21.36679,42.22386],[21.29496,42.14898],[21.2993,42.09141],[21.2378,42.09735],[21.19987,42.14115],[21.16442,42.16704],[21.09848,42.19595],[21.00392,42.14195],[20.81054,42.09294],[20.76538,42.06433],[20.75535,42.04278],[20.74181,41.97077],[20.75442,41.9309],[20.7505,41.9068],[20.72331,41.86662],[20.70295,41.84959],[20.68146,41.84401],[20.64342,41.87365],[20.61872,41.85052],[20.60239,41.84988],[20.56715,41.87318]]},"properties":{"kind":"country_border"}},{"type":"Feature","geometry":{"type":"LineString","coordinates":[[44.97946,41.08204],[45.01888,41.07491],[45.03,41.04628],[45.01573,41.02323],[44.97946,41.03264],[44.96695,41.04483],[44.96395,41.07377],[44.97946,41.08204]]},"properties":{"kind":"country_border"}},{"type":"Feature","geometry":{"type":"LineString","coordinates":[[41.52076,41.51423],[41.63997,41.47871],[41.7026,41.48904],[41.70684,41.46316],[41.761,41.45354],[41.81298,41.42181],[41.86269,41.45179],[41.89401,41.48553],[41.94796,41.50558],[42.01958,41.48507],[42.0694,41.49861],[42.11178,41.49349],[42.15839,41.4999],[42.18929,41.48171],[42.26246,41.48233],[42.43785,41.43086],[42.46307,41.43184],[42.48385,41.44217],[42.53552,41.49349],[42.55495,41.55033],[42.58523,41.57876],[42.66099,41.58826],[42.80093,41.57922],[42.81995,41.57235],[42.80682,41.543],[42.76652,41.50434],[42.82997,41.47251],[42.86801,41.50021],[42.88899,41.46998],[42.92609,41.45907],[42.95772,41.43701],[43.00206,41.38269],[43.12391,41.31293],[43.18401,41.29898],[43.15724,41.26973],[43.10314,41.2488],[43.17202,41.24234],[43.19223,41.22498],[43.2162,41.18054],[43.23062,41.17263],[43.32261,41.19206],[43.38327,41.1872],[43.43759,41.1562],[43.4518,41.13258],[43.44043,41.10659],[43.45045,41.10468],[43.52414,41.12281],[43.56662,41.12405],[43.75416,41.10824],[43.82035,41.1455],[43.86324,41.15899],[43.95585,41.16049],[44.06127,41.18415],[44.10364,41.17516],[44.12473,41.17806],[44.16007,41.1979],[44.16845,41.22358],[44.18033,41.22994],[44.21811,41.22157],[44.28498,41.19087],[44.30849,41.19382],[44.34492,41.21325],[44.4106,41.18772],[44.45494,41.18048],[44.51664,41.20684],[44.53101,41.18147],[44.55152,41.17702],[44.59137,41.21578],[44.61286,41.22312],[44.67493,41.20849],[44.84778,41.20891],[44.85771,41.21935],[44.84706,41.23077],[44.80954,41.24441],[44.80128,41.25852],[44.82071,41.27335],[44.95517,41.2627],[45.0024,41.29045],[45.0394,41.23118],[45.02932,41.2101],[45.03485,41.19769],[45.13443,41.18787],[45.19975,41.14266],[45.20104,41.12674],[45.16673,41.10778],[45.06782,41.11093],[45.05718,41.07879],[45.07004,41.06209],[45.11102,41.04954],[45.12002,41.07961],[45.22161,41.01445],[45.26874,41.01026],[45.31256,40.99662],[45.33535,40.99383],[45.39152,41.01507],[45.41912,41.01734],[45.42522,40.99367],[45.41643,40.96133],[45.47927,40.92991],[45.53787,40.8759],[45.59916,40.86267],[45.60097,40.84056],[45.58221,40.79937],[45.55585,40.77658],[45.43793,40.73338],[45.39881,40.70894],[45.37364,40.6753],[45.37354,40.63271],[45.3878,40.60951],[45.44465,40.56636],[45.45545,40.52363],[45.48542,40.50528],[45.52619,40.44105],[45.58541,40.39872],[45.81837,40.2978],[45.86168,40.26126],[45.92462,40.26617],[45.97924,40.22359],[45.96296,40.14169],[45.95077,40.11719],[45.90953,40.08267],[45.89403,40.02908],[45.87377,40.00976],[45.8039,40.00448],[45.63957,40.02541],[45.57627,39.99389],[45.57942,39.97017],[45.61115,39.95916],[45.71543,39.9509],[45.74277,39.94051],[45.76442,39.92206],[45.81682,39.83917],[45.86188,39.80455],[45.97924,39.76848],[46.00658,39.74791],[46.04513,39.68755],[46.07655,39.66812],[46.13169,39.65215],[46.18424,39.59324],[46.20646,39.58792],[46.24119,39.5935],[46.3095,39.62053],[46.34371,39.61862],[46.39642,39.57666],[46.49544,39.57593],[46.52427,39.55464],[46.52727,39.53816],[46.51828,39.52544],[46.49202,39.5102],[46.49859,39.48312],[46.4914,39.46643],[46.40573,39.45118],[46.374,39.43599],[46.36087,39.41026],[46.37462,39.37884],[46.49528,39.32401],[46.51766,39.27884],[46.59114,39.23107],[46.60261,39.21549],[46.5728,39.21151],[46.51414,39.18443],[46.45337,39.20841],[46.41833,39.21192],[46.39529,39.19518],[46.39627,39.16443],[46.47931,39.11477],[46.49192,39.08191],[46.49461,39.02553],[46.47507,38.95106],[46.51404,38.88218],[46.37823,38.92471],[46.29131,38.91393],[46.20248,38.87055],[46.13587,38.8637],[46.07758,38.95049],[46.02549,39.06377],[45.9581,39.15151],[45.94901,39.17779],[45.95511,39.20324],[45.98601,39.23469],[45.9858,39.24944],[45.95883,39.27244],[45.8872,39.29967],[45.82375,39.34308],[45.767,39.35439],[45.75863,39.36948],[45.80307,39.44819],[45.79403,39.49387],[45.79708,39.53635],[45.76545,39.56157],[45.71466,39.56947],[45.58645,39.54539],[45.47927,39.49718],[45.43483,39.48886],[45.37488,39.52586],[45.31298,39.53382],[45.25996,39.5997],[45.23319,39.59273],[45.20476,39.57231],[45.16792,39.56554],[45.14833,39.57526],[45.15154,39.66771],[45.06751,39.75721],[45.03351,39.77039],[44.99599,39.76047],[44.92716,39.72471],[44.80293,39.71241],[44.77456,39.7028],[44.69203,39.79302],[44.64769,39.80512],[44.61152,39.83731],[44.59819,39.83101],[44.59106,39.85783],[44.56749,39.87302],[44.55912,39.89689],[44.52217,39.93353],[44.46434,39.97229],[44.32565,40.03466],[44.25526,40.0434],[44.13548,40.02231],[44.10447,40.03596],[44.03243,40.00862],[43.91213,40.02433],[43.80278,40.07073],[43.71121,40.09073],[43.66543,40.11016],[43.65251,40.139],[43.66636,40.14892],[43.71163,40.15646],[43.72139,40.16938],[43.67308,40.22773],[43.69137,40.23863],[43.67597,40.26597],[43.59422,40.34545],[43.62533,40.42017],[43.56362,40.46471],[43.55949,40.47789],[43.5937,40.509],[43.6153,40.52042],[43.63897,40.52259],[43.63148,40.53685],[43.65251,40.52941],[43.65147,40.55339],[43.66481,40.57406],[43.70718,40.61194],[43.69953,40.63458],[43.72935,40.6771],[43.72062,40.76289],[43.65954,40.85198],[43.63618,40.93352],[43.56543,40.98815],[43.52239,41.00447],[43.4796,41.00913],[43.46048,41.02287],[43.43629,41.08323],[43.44043,41.10659]]},"properties":{"kind":"country_border"}},{"type":"Feature","geometry":{"type":"LineString","coordinates":[[6.34531,49.45535],[6.29877,49.46623],[6.24936,49.49031],[6.19355,49.49941],[6.13609,49.49527],[6.1426,49.48608],[6.10725,49.48251],[6.09981,49.46463],[6.07801,49.45202],[5.9607,49.44132],[5.94695,49.46995],[5.92814,49.4823],[5.83957,49.49987],[5.79068,49.53775]]},"properties":{"kind":"country_border"}},{"type":"Feature","geometry":{"type":"LineString","coordinates":[[-5.34073,35.84737],[-5.3784,35.88169],[-5.39886,35.9245]]},"properties":{"kind":"country_border"}},{"type":"Feature","geometry":{"type":"LineString","coordinates":[[8.60251,36.93951],[8.60824,36.89072],[8.64255,36.8485],[8.64173,36.83636],[8.5545,36.80365],[8.44401,36.7962],[8.41311,36.78391],[8.4067,36.76799],[8.44163,36.75321],[8.46179,36.7328],[8.45321,36.69766],[8.43037,36.66262],[8.40794,36.64262],[8.28691,36.5834],[8.19348,36.54898],[8.16992,36.52583],[8.16785,36.49137],[8.20878,36.47783],[8.2956,36.46868],[8.33384,36.45638],[8.34924,36.44878],[8.35771,36.43039],[8.3544,36.35091],[8.30707,36.24363],[8.30231,36.20234],[8.31709,36.14591],[8.29673,36.11041],[8.27565,36.03682],[8.27245,35.98173],[8.24723,35.90732],[8.24144,35.82774],[8.25767,35.75033],[8.32361,35.65219],[8.33704,35.53794],[8.33673,35.50838],[8.29002,35.40259],[8.29436,35.32508],[8.3174,35.28947],[8.39688,35.26369],[8.4313,35.24173],[8.36092,35.14592],[8.31368,35.10308],[8.30045,35.06768],[8.24888,34.90195],[8.26655,34.75028],[8.22521,34.71168],[8.21064,34.68119],[8.23648,34.64765],[8.22883,34.63644],[8.19286,34.61773],[8.16723,34.57856],[8.09406,34.53014],[7.87061,34.4379],[7.83154,34.41439],[7.81191,34.37927],[7.76529,34.24471],[7.73387,34.22378],[7.67031,34.2153],[7.63145,34.1991],[7.51745,34.09503],[7.50371,34.06797],[7.50061,33.99426],[7.47983,33.8939],[7.4849,33.85501],[7.50546,33.78285],[7.5342,33.73624],[7.55301,33.65875],[7.69315,33.45411],[7.70824,33.41486],[7.70969,33.27815],[7.72499,33.23141],[7.75072,33.20766],[7.87195,33.18413],[8.00218,33.10837],[8.04362,33.10183],[8.0645,33.10578],[8.08682,33.09429],[8.28288,32.83637],[8.29642,32.80441],[8.31957,32.5606],[8.33125,32.52763],[8.35999,32.50101],[8.48267,32.43479],[9.01989,32.10486],[9.04501,32.07184],[9.51971,30.22891],[9.74347,30.33133],[9.84579,30.34228],[9.87131,30.35515],[9.99565,30.49452],[10.10117,30.6417],[10.19222,30.73125],[10.25393,30.84179],[10.26974,30.88215],[10.27015,30.91563],[10.24504,30.98571],[10.24483,31.07816],[10.21321,31.13536],[10.18272,31.24078],[10.10624,31.42919],[10.11688,31.49441],[10.19646,31.57859],[10.26395,31.6805],[10.31542,31.71584],[10.42777,31.7146],[10.49887,31.74432],[10.52554,31.77207],[10.54238,31.80664],[10.58455,31.84028],[10.59757,31.87351],[10.60595,31.95361],[10.62848,31.97412],[10.68356,31.95702],[10.7031,31.96218],[10.77286,32.00451],[10.80562,32.03236],[10.84593,32.11179],[10.87322,32.1367],[11.44403,32.36849],[11.54635,32.43427],[11.56413,32.46549],[11.56062,32.50758],[11.53736,32.54352],[11.47039,32.59928],[11.44993,32.63796],[11.4492,32.69302],[11.46378,32.79846],[11.45654,32.9021],[11.47442,32.96987],[11.47742,33.04121],[11.50605,33.13638],[11.50511,33.18123]]},"properties":{"kind":"country_border"}},{"type":"Feature","geometry":{"type":"LineString","coordinates":[[-7.2471,55.06933],[-7.29115,55.04662],[-7.35502,55.04093],[-7.40525,55.00357],[-7.40866,54.95112],[-7.44525,54.93215],[-7.45507,54.86301],[-7.54338,54.79309],[-7.5517,54.7547],[-7.54307,54.74167],[-7.61537,54.73935],[-7.64968,54.74488],[-7.7366,54.70746],[-7.7705,54.70602],[-7.8459,54.73103],[-7.88011,54.71103],[-7.92967,54.69671],[-7.90714,54.68669],[-7.91484,54.67165],[-7.90662,54.66132],[-7.86435,54.64907],[-7.84642,54.63145],[-7.815,54.63946],[-7.75355,54.6145],[-7.71056,54.62426],[-7.70787,54.60416],[-7.74926,54.59615],[-7.84884,54.54091],[-7.88714,54.53212],[-8.00219,54.54344],[-8.07245,54.48706],[-8.17384,54.46174],[-8.15603,54.43906],[-8.05648,54.36588],[-8.00219,54.35792],[-7.9508,54.30087],[-7.88026,54.28702],[-7.86967,54.22687],[-7.85644,54.21142],[-7.78208,54.2],[-7.70477,54.20036],[-7.63268,54.16853],[-7.60901,54.1399],[-7.5023,54.12512],[-7.43962,54.14693],[-7.41466,54.14569],[-7.42577,54.13696],[-7.40396,54.13504],[-7.39466,54.12192],[-7.31032,54.11468],[-7.33317,54.14941],[-7.29554,54.16512],[-7.29735,54.1259],[-7.28004,54.12615],[-7.26351,54.14099],[-7.26537,54.16114],[-7.24578,54.16698],[-7.26113,54.18088],[-7.24909,54.19742],[-7.15333,54.22424],[-7.15974,54.24067],[-7.14589,54.25209],[-7.18149,54.26976],[-7.1755,54.28366],[-7.20904,54.29343],[-7.21147,54.30418],[-7.19917,54.30346],[-7.18465,54.31663],[-7.19245,54.33472],[-7.15989,54.33519],[-7.12703,54.34976],[-7.0785,54.39472],[-7.04925,54.41151],[-7.01784,54.41317],[-6.92203,54.3727],[-6.90596,54.34904],[-6.8797,54.34159],[-6.85666,54.29281],[-6.88219,54.27726],[-6.83774,54.26051],[-6.82395,54.23235],[-6.78782,54.203],[-6.74478,54.18419],[-6.69465,54.19798],[-6.64034,54.16801],[-6.63455,54.15013],[-6.66644,54.11479],[-6.65708,54.09194],[-6.67253,54.06843],[-6.63062,54.04182],[-6.61646,54.03727],[-6.59507,54.05241],[-6.56401,54.04895],[-6.47854,54.06771],[-6.45089,54.06843],[-6.43389,54.05531],[-6.37751,54.06326],[-6.35483,54.11065],[-6.32713,54.09789],[-6.28465,54.10523],[-6.26989,54.09793]]},"properties":{"kind":"country_border"}},{"type":"Feature","geometry":{"type":"LineString","coordinates":[[71.17693,40.042],[71.07884,40.07864],[71.0312,40.1469],[71.00856,40.15776],[70.97715,40.14458],[70.95405,40.0958],[70.95844,40.06309],[70.99451,40.00888],[71.04582,39.99203],[71.05037,39.96288],[71.00763,39.91116],[71.00929,39.88573],[71.0219,39.88082],[71.06096,39.90413],[71.07998,39.90341],[71.09889,39.8755],[71.20845,39.88878],[71.21909,39.90092],[71.22106,39.93172],[71.17703,39.96816],[71.1747,39.99399],[71.23728,40.0311],[71.244,40.04676],[71.22375,40.05787],[71.17693,40.042]]},"properties":{"kind":"country_border"}},{"type":"Feature","geometry":{"type":"LineString","coordinates":[[30.39626,-15.636],[30.4127,-15.62793],[30.39595,-15.59062],[30.36743,-15.56127],[30.36526,-15.54742],[30.39285,-15.48076],[30.37177,-15.43983],[30.36495,-15.35415],[30.33487,-15.30475],[30.28795,-15.27891],[30.26314,-15.23127],[30.22583,-15.10631],[30.21447,-14.98146],[30.31844,-14.96699],[30.48556,-14.88596],[30.81577,-14.76824],[31.41088,-14.63358],[31.49666,-14.60257],[31.65841,-14.51958],[32.03327,-14.39876],[32.10877,-14.36486],[32.22737,-14.33902],[33.20271,-14.01387],[33.15454,-13.93656],[33.14028,-13.92499],[33.13026,-13.93057],[33.1116,-13.96457],[33.06297,-13.98173],[33.01817,-14.04622],[32.99983,-14.05046],[32.9713,-14.00591],[32.97626,-13.94452],[32.96251,-13.93202],[32.94443,-13.93295],[32.93616,-13.92623],[32.92391,-13.88044],[32.87415,-13.8206],[32.85942,-13.8081],[32.76304,-13.77719],[32.75736,-13.75022],[32.81338,-13.71115],[32.76986,-13.64687],[32.74341,-13.63539],[32.67509,-13.62806],[32.66331,-13.59633],[32.66765,-13.57555],[32.67726,-13.5678],[32.72284,-13.57338],[32.7632,-13.54248],[32.80004,-13.53711],[32.81307,-13.52822],[32.81906,-13.47168],[32.82743,-13.46083],[32.87425,-13.44316],[32.89213,-13.40481],[32.91962,-13.29485],[32.93787,-13.25588],[32.96272,-13.22498],[32.9928,-13.2164],[32.99817,-13.20245],[32.9713,-13.15093],[32.96593,-13.11682],[32.98153,-13.00613],[33.00892,-12.94505],[33.01357,-12.91725],[33.00504,-12.89296],[32.94701,-12.84325],[32.94112,-12.76987],[32.95807,-12.72522],[33.02484,-12.61267],[33.0577,-12.58342],[33.08127,-12.60481],[33.107,-12.58869],[33.13036,-12.58373],[33.1469,-12.59324],[33.16302,-12.62042],[33.17325,-12.62],[33.18731,-12.60233],[33.22699,-12.57908],[33.25511,-12.53195],[33.28973,-12.5242],[33.32828,-12.53763],[33.3504,-12.53267],[33.37324,-12.51851],[33.42078,-12.46497],[33.45112,-12.45299],[33.45995,-12.4411],[33.46533,-12.40906],[33.48052,-12.40637],[33.48775,-12.38984],[33.51814,-12.37175],[33.52713,-12.35563],[33.52558,-12.33527],[33.4583,-12.31811],[33.38461,-12.34002],[33.34947,-12.32793],[33.33014,-12.29827],[33.29996,-12.19595],[33.26027,-12.15574],[33.25273,-12.13952],[33.2549,-12.07265],[33.29423,-11.98128],[33.31267,-11.8987],[33.29738,-11.84651],[33.31061,-11.80879],[33.31402,-11.7722],[33.29676,-11.59361],[33.28322,-11.57841],[33.23268,-11.57769],[33.21263,-11.56384],[33.23382,-11.51402],[33.2303,-11.41656],[33.23971,-11.4024],[33.26518,-11.42307],[33.27361,-11.40943],[33.2735,-11.36964],[33.29893,-11.3531],[33.29831,-11.32923],[33.36848,-11.22267],[33.39091,-11.1648],[33.30368,-11.03457],[33.28032,-10.91334],[33.26586,-10.90114],[33.2396,-10.90311],[33.2317,-10.89763],[33.23258,-10.88326],[33.24141,-10.86569],[33.2734,-10.86559],[33.28813,-10.8567],[33.31908,-10.81815],[33.38554,-10.80089],[33.43401,-10.80812],[33.46533,-10.78435],[33.50098,-10.76916],[33.52827,-10.71159],[33.57695,-10.65764],[33.65777,-10.60132],[33.6742,-10.57703],[33.67265,-10.55956],[33.66542,-10.51512],[33.63818,-10.51161],[33.62273,-10.49404],[33.6032,-10.44918],[33.55917,-10.40433],[33.53292,-10.34262],[33.53328,-10.23121],[33.48052,-10.17705],[33.45458,-10.16806],[33.39918,-10.11793],[33.31753,-10.08207],[33.3041,-10.06378],[33.30999,-10.01272],[33.36559,-9.89883],[33.34347,-9.83144],[33.28777,-9.80384],[33.25273,-9.75403],[33.21671,-9.72705],[33.20457,-9.69811],[33.21578,-9.6699],[33.21428,-9.65471],[33.19542,-9.61626],[33.17542,-9.60231],[33.12147,-9.59952],[33.09832,-9.58846],[33.08044,-9.66225],[33.05832,-9.65429],[33.04675,-9.62205],[33.03574,-9.61698],[33.00014,-9.6328],[32.98691,-9.62846],[32.97471,-9.60127],[32.99238,-9.52913],[32.99197,-9.50185],[32.96189,-9.48035],[32.9375,-9.48779],[32.92779,-9.47983],[32.92086,-9.4079],[32.83074,-9.37018],[32.78433,-9.33969],[32.75229,-9.33741],[32.73969,-9.30734],[32.71323,-9.28584],[32.51805,-9.25825],[32.49009,-9.22734],[32.4597,-9.16802],[32.42343,-9.14383],[32.38302,-9.13391],[32.23145,-9.13381],[32.21129,-9.12678],[32.13414,-9.06415],[32.09642,-9.06911],[32.05725,-9.04958],[32.03172,-9.04596],[31.98056,-9.0719],[31.93808,-9.06177],[31.91772,-9.0225],[31.91782,-8.97309],[31.93663,-8.93258],[31.7876,-8.89217],[31.76434,-8.89413],[31.70977,-8.91966],[31.67267,-8.91305],[31.57645,-8.83967],[31.55335,-8.80907],[31.53904,-8.70355],[31.51909,-8.68701],[31.48064,-8.67616],[31.42752,-8.63348],[31.38597,-8.63255],[31.37264,-8.62387],[31.36592,-8.59865],[31.35331,-8.58717],[31.26091,-8.62397],[31.23735,-8.61394],[31.20676,-8.58077],[31.18268,-8.58077],[31.11984,-8.61663],[31.07782,-8.61632],[31.03364,-8.6003],[30.95954,-8.55048],[30.89189,-8.47917],[30.82828,-8.38812],[30.77826,-8.28911],[30.72813,-8.1041],[30.65496,-7.92737],[30.44163,-7.59633],[30.3696,-7.31025],[30.29446,-7.14943],[30.23467,-7.05714],[30.09086,-6.89002],[30.01272,-6.82522],[29.87309,-6.75421],[29.73863,-6.65241],[29.707,-6.61934],[29.68437,-6.58151],[29.63393,-6.44694],[29.53771,-6.31238],[29.52552,-6.2731],[29.50882,-6.15373],[29.4787,-6.0418],[29.47611,-6.00211],[29.49606,-5.93865],[29.57089,-5.83799],[29.60303,-5.78166],[29.61243,-5.70435],[29.59352,-5.62033],[29.49637,-5.39171],[29.45565,-5.22996],[29.37782,-5.08754],[29.34423,-5.006],[29.32377,-4.92016],[29.32103,-4.83634],[29.34082,-4.7517],[29.40134,-4.58685],[29.4109,-4.50231],[29.40418,-4.4498],[29.63827,-4.44681],[29.73284,-4.46334],[29.74436,-4.45446],[29.75165,-4.41611],[29.77501,-4.40226],[29.7841,-4.37384],[29.80033,-4.36392],[29.84736,-4.37053],[29.90048,-4.34563],[29.93634,-4.31204],[30.00301,-4.27193],[30.05148,-4.18016],[30.11959,-4.12352],[30.14977,-4.08683],[30.19142,-4.00249],[30.20878,-3.93046],[30.27327,-3.85625],[30.31172,-3.7899],[30.33699,-3.77377],[30.38159,-3.78835],[30.385,-3.77078],[30.37311,-3.7036],[30.42887,-3.60221],[30.42686,-3.56386],[30.43228,-3.55188],[30.46014,-3.53193],[30.46892,-3.51301],[30.50716,-3.51105],[30.5115,-3.49772],[30.54499,-3.48914],[30.56597,-3.46671],[30.61289,-3.4449],[30.63914,-3.41948],[30.64043,-3.39282],[30.60328,-3.37256],[30.64054,-3.33287],[30.71201,-3.30186],[30.72146,-3.28099],[30.74792,-3.29411],[30.77567,-3.29101],[30.79975,-3.27458],[30.81484,-3.24771],[30.80936,-3.21681],[30.83221,-3.17278],[30.83293,-3.14766],[30.81226,-3.12348],[30.81768,-3.09909],[30.78322,-3.06209],[30.77826,-3.04741],[30.82549,-2.97858],[30.73206,-2.99346],[30.68369,-2.97],[30.63759,-2.97444],[30.62953,-2.94767],[30.53889,-2.899],[30.51305,-2.91398],[30.48845,-2.94354],[30.46964,-2.91419],[30.47419,-2.90323],[30.456,-2.89827],[30.4158,-2.85166],[30.41363,-2.8344],[30.44691,-2.78272],[30.45052,-2.7418],[30.5161,-2.66831],[30.52256,-2.6494],[30.44267,-2.68113],[30.42324,-2.68092],[30.41213,-2.67017],[30.416,-2.64557],[30.45765,-2.59803],[30.50809,-2.46347],[30.5546,-2.40063],[30.52173,-2.39939],[30.48845,-2.38378],[30.43414,-2.33924],[30.41848,-2.31185],[30.37859,-2.30306],[30.36252,-2.30782],[30.33115,-2.34027],[30.27885,-2.35763],[30.25033,-2.35557],[30.20749,-2.33924],[30.20134,-2.36239],[30.15617,-2.41902],[30.13912,-2.43081],[30.1168,-2.43153],[30.07298,-2.40879],[30.01334,-2.34833],[29.97613,-2.34368],[29.94993,-2.32115],[29.93169,-2.31691],[29.92239,-2.38295],[29.92957,-2.45985],[29.90792,-2.5354],[29.8979,-2.6711],[29.87619,-2.71358],[29.8424,-2.75244],[29.80338,-2.76732],[29.74473,-2.75999],[29.72964,-2.79957],[29.71992,-2.80546],[29.67868,-2.80536],[29.61926,-2.78768],[29.57409,-2.80608],[29.54184,-2.80856],[29.50412,-2.82685],[29.48087,-2.81373],[29.42537,-2.80339],[29.33969,-2.82644],[29.31809,-2.76257],[29.33752,-2.72381],[29.30971,-2.69105],[29.30661,-2.66015],[29.29442,-2.65105],[29.27612,-2.64061],[29.19045,-2.62346],[29.11345,-2.59462],[29.05526,-2.59844],[29.03257,-2.62067],[29.01537,-2.72071],[29.02859,-2.7449],[29.00823,-2.74748],[28.99552,-2.75844],[28.98689,-2.79678],[28.9949,-2.81363],[29.04906,-2.82747],[29.08172,-2.89393],[29.08978,-2.92607],[29.13841,-2.95036],[29.15675,-3.00483],[29.21153,-3.02116],[29.23463,-3.04658],[29.24233,-3.11077],[29.22502,-3.12937],[29.21411,-3.16647],[29.2169,-3.23313],[29.22383,-3.25267],[29.24088,-3.26631],[29.21308,-3.29194],[29.20667,-3.33452],[29.22517,-3.58857],[29.22326,-3.66701],[29.20657,-3.78194],[29.21504,-3.89986],[29.22455,-3.92653],[29.27773,-3.98895],[29.33948,-4.09324],[29.37276,-4.20817],[29.40418,-4.4498]]},"properties":{"kind":"country_border"}},{"type":"Feature","geometry":{"type":"LineString","coordinates":[[-13.3011,9.04149],[-13.27738,9.0586],[-13.20754,9.07671],[-13.15384,9.04932],[-13.13105,9.04146],[-13.11591,9.04395],[-13.02886,9.09598],[-12.98416,9.17231],[-12.95915,9.17784],[-12.97835,9.21285],[-12.97375,9.24158],[-12.95791,9.27243],[-12.93701,9.28708],[-12.91753,9.26701],[-12.89564,9.2785],[-12.83583,9.28197],[-12.81914,9.29579],[-12.79526,9.33509],[-12.76415,9.34767],[-12.76779,9.37232],[-12.75976,9.38284],[-12.73723,9.39723],[-12.72294,9.39209],[-12.7016,9.42023],[-12.66752,9.5287],[-12.66863,9.54236],[-12.64992,9.55211],[-12.63385,9.59786],[-12.60682,9.60071],[-12.60155,9.65171],[-12.58225,9.68336],[-12.53876,9.71191],[-12.53569,9.73279],[-12.52246,9.73447],[-12.52727,9.75362],[-12.51432,9.85131],[-12.47233,9.88126],[-12.42699,9.89761],[-12.27674,9.92927],[-12.25359,9.92841],[-12.19364,9.88606],[-12.14135,9.87488],[-11.92177,9.92221],[-11.91495,9.93149],[-11.9101,9.99252],[-11.27267,9.99601],[-11.1996,9.98216],[-11.18854,9.9726],[-11.16027,9.87276],[-11.08596,9.82617],[-11.04493,9.78713],[-11.0101,9.74274],[-10.9685,9.65424],[-10.94013,9.6397],[-10.92168,9.5959],[-10.88633,9.56841],[-10.8777,9.53268],[-10.85259,9.51208],[-10.8591,9.47299],[-10.85486,9.45526],[-10.81145,9.40826],[-10.83176,9.39214],[-10.76546,9.38522],[-10.74154,9.35705],[-10.67513,9.30646],[-10.68805,9.25928],[-10.68521,9.2245],[-10.72474,9.1945],[-10.74257,9.16329],[-10.75347,9.12012],[-10.74634,9.08381],[-10.71043,9.07299],[-10.62935,9.07035],[-10.5941,9.0541],[-10.59178,9.03906],[-10.61188,8.94514],[-10.61012,8.8723],[-10.59968,8.81538],[-10.53023,8.73916],[-10.48186,8.67247],[-10.50331,8.63157],[-10.52212,8.61857],[-10.56542,8.61278],[-10.58465,8.59684],[-10.63188,8.53201],[-10.64387,8.48687],[-10.65467,8.4855],[-10.66909,8.39908],[-10.725,8.31986],[-10.73528,8.2873],[-10.71518,8.2696],[-10.70789,8.30314],[-10.68815,8.32407],[-10.65978,8.33327],[-10.62671,8.33151],[-10.57266,8.30458],[-10.55436,8.31185],[-10.51928,8.33479],[-10.46021,8.39215],[-10.41406,8.47018],[-10.37474,8.49478],[-10.33758,8.49855],[-10.28224,8.48463],[-10.28291,8.43295],[-10.31366,8.31035],[-10.33128,8.27229],[-10.33329,8.24976],[-10.31815,8.20165],[-10.32094,8.18312],[-10.34554,8.15935],[-10.38456,8.14211],[-10.48574,8.13886],[-10.52925,8.12429],[-10.56718,8.0632],[-10.61214,8.03186],[-10.61767,8.01078],[-10.61519,7.76904],[-10.64542,7.76304],[-10.6926,7.73757],[-10.73058,7.70547],[-10.8746,7.53086],[-10.9779,7.48492],[-11.12632,7.36803],[-11.21789,7.25408],[-11.31721,7.21357],[-11.35204,7.15925],[-11.37323,7.13884],[-11.35643,7.10536],[-11.35514,7.08406],[-11.38971,7.07352],[-11.39772,7.0128],[-11.40728,6.99637],[-11.43467,6.98082],[-11.43674,6.93854],[-11.47619,6.91942]]},"properties":{"kind":"country_border"}},{"type":"Feature","geometry":{"type":"LineString","coordinates":[[27.4413,5.07073],[27.43634,5.01316],[27.50135,4.96329],[27.51458,4.92244],[27.55272,4.90053],[27.64098,4.89094],[27.65876,4.87965],[27.67188,4.85591],[27.68594,4.7979],[27.69906,4.78743],[27.73482,4.7932],[27.7526,4.77767],[27.76686,4.73545],[27.7588,4.67716],[27.76077,4.636],[27.77244,4.59582],[27.80924,4.58799],[27.84913,4.55321],[27.88551,4.55667],[27.91404,4.54931],[27.9161,4.56215],[27.92923,4.56998],[27.94453,4.55729],[28.01403,4.55003],[28.01124,4.48014],[28.04974,4.41914],[28.05976,4.42007],[28.08555,4.44332],[28.10173,4.44213],[28.11237,4.41464],[28.14023,4.37932],[28.17759,4.34723],[28.21696,4.34204],[28.30316,4.35224],[28.33685,4.32749],[28.35742,4.28287],[28.3815,4.2753],[28.40414,4.27783],[28.42543,4.29082],[28.49684,4.36901],[28.55731,4.37353],[28.57053,4.40511],[28.63864,4.43208],[28.69518,4.53259],[28.72453,4.53399],[28.75543,4.55399],[28.76918,4.54978],[28.78365,4.53037],[28.78995,4.48859],[28.81527,4.47828],[28.92555,4.48081],[28.98622,4.49593],[29.05319,4.45079],[29.05598,4.4365],[29.10983,4.41237],[29.1735,4.348],[29.19613,4.33707],[29.2213,4.34069],[29.23158,4.37555],[29.24285,4.38736],[29.30393,4.38715],[29.33886,4.44955],[29.39023,4.49376],[29.4173,4.55549],[29.44273,4.58344],[29.44924,4.65706],[29.45761,4.66954],[29.4941,4.66829],[29.51327,4.65215],[29.53502,4.6607],[29.57667,4.64445],[29.61853,4.64158],[29.66029,4.62212],[29.71532,4.57967],[29.75175,4.58127],[29.79671,4.55603],[29.7777,4.52386],[29.787,4.48968],[29.77677,4.44934],[29.7762,4.40562],[29.78782,4.3688],[29.81485,4.34676],[29.8827,4.34403],[29.93035,4.30865],[29.94012,4.28834],[29.92322,4.25775],[29.92415,4.24558],[29.93216,4.23615],[29.96601,4.23181],[29.98936,4.21778],[30.0429,4.13311],[30.12269,4.10246],[30.14749,4.03665],[30.17809,3.9971],[30.18935,3.95609],[30.27095,3.94945],[30.33792,3.92788],[30.41895,3.87971],[30.45683,3.86759],[30.52525,3.86754],[30.53889,3.84155],[30.56287,3.69487],[30.55491,3.63639],[30.54302,3.61291],[30.56225,3.60136],[30.59243,3.60353],[30.65377,3.63061],[30.69335,3.63195],[30.74694,3.67487],[30.76513,3.66172],[30.77908,3.6026],[30.82321,3.58043],[30.83768,3.56268],[30.82766,3.5111],[30.83954,3.4902],[30.86569,3.54896],[30.93173,3.6451],[30.94445,3.67929],[30.966,3.69262],[31.00956,3.69978],[31.04036,3.72422],[31.07767,3.7353],[31.14149,3.78512],[31.16759,3.79241],[31.25575,3.78667],[31.29502,3.77419],[31.50545,3.65986],[31.52374,3.65608],[31.56477,3.6898],[31.68683,3.71282],[31.78098,3.81581],[31.8307,3.78388],[31.90191,3.7043],[31.91627,3.68027],[31.93002,3.59836],[31.94366,3.59125],[32.03017,3.58593],[32.04154,3.57986],[32.07616,3.53317],[32.15585,3.51178],[32.16799,3.51224],[32.17455,3.5209],[32.17595,3.60559],[32.18778,3.61916],[32.3718,3.73107],[32.41557,3.7413],[32.75643,3.76902],[32.84035,3.79429],[32.9189,3.83416],[32.99724,3.88553],[33.01724,3.87718],[33.16447,3.76305],[33.44734,3.74437],[33.49065,3.74975],[33.53261,3.77429],[34.38119,4.62016]]},"properties":{"kind":"country_border"}},{"type":"Feature","geometry":{"type":"LineString","coordinates":[[43.11769,12.70791],[42.90036,12.61639],[42.86884,12.62616],[42.85209,12.61174],[42.82884,12.55763],[42.78522,12.51722],[42.79804,12.45609],[42.79225,12.42916],[42.74988,12.41707],[42.72776,12.38881],[42.69148,12.37883],[42.67825,12.36002],[42.52157,12.49624],[42.47568,12.51634],[42.4485,12.52337],[42.43093,12.52032],[42.37946,12.46591],[42.3192,12.38638],[42.28872,12.32101],[42.15549,12.14226],[42.13234,12.09347],[42.09772,12.07017],[42.05731,11.99627],[41.93639,11.82744],[41.91148,11.80595],[41.87778,11.79013],[41.86228,11.76306],[41.80823,11.73624],[41.79241,11.70445],[41.77867,11.62865],[41.74911,11.53795],[41.74983,11.48338],[41.77567,11.36843],[41.78797,11.25973],[41.78559,11.06739],[41.77929,11.02468],[41.76131,10.9962],[41.77381,10.98005],[41.79872,10.97068],[41.91685,10.94706],[41.92285,10.93603],[41.93752,10.92982],[41.95416,10.94127],[42.03839,10.95044],[42.0694,10.9815],[42.09627,10.99026],[42.15136,10.9962],[42.22164,10.98434],[42.27084,11.00352],[42.30587,11.0046],[42.33853,11.0155],[42.39176,11.00589],[42.47971,11.05912],[42.56973,11.08615],[42.61562,11.08966],[42.72962,11.06501],[42.75484,11.01054],[42.77179,10.99646],[42.87328,10.97825],[42.88806,10.98357],[42.90811,11.00419],[42.92372,10.99879],[43.24073,11.48786]]},"properties":{"kind":"country_border"}},{"type":"Feature","geometry":{"type":"LineString","coordinates":[[7.50229,43.79222],[7.47787,43.86551],[7.55693,43.94409],[7.63093,43.99354],[7.65336,44.03969],[7.68995,44.06734],[7.69191,44.08465],[7.64189,44.14356],[7.65564,44.17606],[7.62473,44.1801],[7.5836,44.16072],[7.38082,44.12294],[7.331,44.12527],[7.3093,44.14749],[7.25132,44.16004],[7.14497,44.20723],[7.04606,44.2403],[6.98281,44.24175],[6.95924,44.27735],[6.92121,44.30215],[6.86612,44.37212],[6.87718,44.4144],[6.9178,44.43631],[6.86127,44.47491],[6.83884,44.50292],[6.83574,44.53403],[6.84638,44.54746],[6.89734,44.57542],[6.9456,44.62544],[6.93434,44.64668],[6.94147,44.66699],[6.95986,44.68317],[6.98281,44.69216],[7.05516,44.68487],[7.01898,44.73887],[6.99841,44.79375],[7.0071,44.82207],[6.98281,44.84698],[6.93268,44.86166],[6.84711,44.85907],[6.74541,44.9078],[6.72794,44.92873],[6.7235,45.01338],[6.69724,45.02692],[6.65167,45.03565],[6.63658,45.07446],[6.60273,45.10345],[6.66738,45.13962],[6.70221,45.14123],[6.73642,45.15735],[6.84411,45.13011],[6.87667,45.14123],[6.87346,45.16593],[6.91377,45.17016],[6.95873,45.2098],[7.02973,45.2282],[7.05547,45.21368],[7.0812,45.24308],[7.10838,45.2592],[7.09257,45.32395],[7.15076,45.38323],[7.16068,45.41092],[7.09681,45.43542],[7.072,45.47004],[6.98281,45.51112],[6.96979,45.56699],[6.95294,45.59427],[6.96948,45.62585],[6.96338,45.64073],[6.91863,45.65256],[6.88256,45.67551],[6.84308,45.68274],[6.8161,45.69685],[6.79595,45.71814],[6.78468,45.75959],[6.78809,45.81173],[6.8162,45.83291],[6.84336,45.83864],[6.86444,45.82689],[6.87346,45.8448],[6.90509,45.84537],[6.94901,45.85782],[6.96917,45.86976],[6.99717,45.91131],[7.02208,45.92526],[7.09019,45.88051],[7.15355,45.87653],[7.28667,45.91343],[7.3618,45.90784],[7.39384,45.9157],[7.45296,45.94588],[7.50371,45.95673],[7.54112,45.98412],[7.64303,45.96634],[7.70628,45.92572],[7.73201,45.93038],[7.78007,45.91813],[7.83123,45.91446],[7.84374,45.91921],[7.84962,45.93971],[7.8702,45.94037],[7.88378,45.97387],[7.98585,45.99931],[8.01065,46.0297],[8.02533,46.09114],[8.06688,46.1006],[8.11059,46.12695],[8.1323,46.15935],[8.12951,46.19604],[8.09995,46.23563],[8.07308,46.25361],[8.08734,46.2718],[8.10687,46.28555],[8.19255,46.30916],[8.24175,46.35412],[8.28154,46.37012],[8.29746,46.38751],[8.2866,46.40536],[8.31627,46.43365],[8.39916,46.45218],[8.42789,46.44869],[8.44163,46.43494],[8.44577,46.41236],[8.44287,46.35337],[8.42324,46.27583],[8.43812,46.23537],[8.51026,46.20788],[8.60183,46.12282],[8.67749,46.09579],[8.69506,46.09517],[8.72389,46.10954],[8.74715,46.09445],[8.80895,46.08975],[8.83438,46.06639],[8.76792,45.98309],[8.80037,45.97854],[8.87096,45.94707],[8.9121,45.8834],[8.9,45.8264],[8.93959,45.83483],[9.00243,45.82072],[9.05927,45.88196],[9.06309,45.89896],[9.05173,45.91554],[9.0108,45.92666],[8.98052,45.96438],[9.01555,45.99311],[8.99778,46.02794],[9.00212,46.03931],[9.06713,46.07114],[9.07209,46.11889],[9.09059,46.13817],[9.16324,46.17227],[9.18133,46.20405],[9.22484,46.23118],[9.27518,46.33138],[9.2604,46.37973],[9.26091,46.41665],[9.23797,46.43655],[9.26319,46.48512],[9.28231,46.49737],[9.35083,46.49786],[9.35155,46.48548],[9.38463,46.46642],[9.43465,46.49833],[9.44436,46.37528],[9.4826,46.35681],[9.50255,46.32074],[9.53645,46.29862],[9.55971,46.29273],[9.67432,46.2918],[9.70843,46.31175],[9.70926,46.34239],[9.72011,46.35089],[9.76806,46.33862],[9.8554,46.36696],[9.91844,46.37115],[9.96402,46.35609],[9.97756,46.29811],[10.03172,46.26007],[10.04267,46.22049],[10.07575,46.22002],[10.14582,46.24333],[10.15895,46.26245],[10.09177,46.32896],[10.09745,46.35164],[10.13321,46.3811],[10.14076,46.40291],[10.13342,46.41402],[10.04205,46.43272],[10.02634,46.44626],[10.04402,46.46698],[10.0281,46.48393],[10.03275,46.53297],[10.0712,46.56439],[10.08784,46.60439],[10.19212,46.62682],[10.21786,46.62697],[10.23377,46.61798],[10.2347,46.5753],[10.27594,46.56553],[10.29537,46.55109],[10.44399,46.53773],[10.4659,46.57848],[10.45908,46.62356],[10.4382,46.63566],[10.39562,46.63881],[10.36917,46.6724],[10.39438,46.70082],[10.39965,46.73555],[10.4287,46.75565],[10.41722,46.79885],[10.44854,46.83223],[10.46384,46.91975],[10.45846,46.93662],[10.41557,46.96241],[10.38436,46.99315],[10.36792,46.9955],[10.31366,46.96432],[10.2962,46.94137],[10.29568,46.92269],[10.23512,46.92331],[10.20142,46.86683],[10.15781,46.85161],[10.1113,46.84712],[10.04557,46.86556],[10.00691,46.89076],[9.89994,46.9144],[9.87514,46.92742],[9.86243,46.93977],[9.87059,46.99884],[9.85633,47.00408],[9.85798,47.01548],[9.66905,47.0562],[9.5812,47.05687],[9.6088,47.08077],[9.61572,47.10676],[9.60559,47.13227],[9.58182,47.1549],[9.55206,47.16689],[9.56291,47.19774],[9.54038,47.22911],[9.5471,47.24303],[9.52115,47.2628],[9.5874,47.32781],[9.60105,47.36127],[9.6398,47.39452],[9.64952,47.40972],[9.65035,47.45209],[9.58451,47.48072],[9.55495,47.5109],[9.54748,47.53455]]},"properties":{"kind":"country_border"}},{"type":"Feature","geometry":{"type":"LineString","coordinates":[[44.76614,37.14192],[44.77234,37.16125],[44.75353,37.21533],[44.7605,37.23323],[44.79848,37.26031],[44.80159,37.29269],[44.77895,37.3138],[44.72138,37.34328],[44.69803,37.38005],[44.66165,37.37565],[44.63818,37.4126],[44.62278,37.4219],[44.57214,37.43079],[44.56594,37.44717],[44.57927,37.47696],[44.56992,37.5144],[44.58744,37.58401],[44.58351,37.60109],[44.54088,37.63272],[44.54527,37.66303],[44.58816,37.69398],[44.59612,37.71638],[44.55938,37.75201],[44.50646,37.77935],[44.43644,37.7678],[44.4291,37.77914],[44.43303,37.80612],[44.4044,37.80973],[44.36714,37.86022],[44.31924,37.87686],[44.25444,37.87084],[44.21961,37.87531],[44.20209,37.89717],[44.2255,37.92931],[44.21966,37.95608],[44.22756,37.98099],[44.26952,38.03001],[44.29588,38.07902],[44.33381,38.10088],[44.32709,38.1284],[44.36058,38.14785],[44.3767,38.20155],[44.37241,38.2495],[44.43675,38.29694],[44.45918,38.32242],[44.45876,38.33833],[44.43882,38.36756],[44.40905,38.38179],[44.36337,38.36461],[44.3134,38.37182],[44.28952,38.38226],[44.28751,38.45373],[44.30136,38.51119],[44.29216,38.56204],[44.29702,38.62232],[44.28255,38.64539],[44.24431,38.65896],[44.26048,38.67924],[44.24865,38.72182],[44.27981,38.81422],[44.275,38.84357],[44.20576,38.87566],[44.17816,38.9207],[44.17465,38.94576],[44.15196,38.96463],[44.1392,38.99395],[44.17914,39.03493],[44.16989,39.07436],[44.1948,39.12053],[44.18664,39.14513],[44.0777,39.20006],[44.08266,39.23567],[44.06716,39.26401],[44.06943,39.28701],[44.04721,39.33791],[44.01486,39.37408],[44.02603,39.38618],[44.06137,39.40028],[44.12225,39.40044],[44.17651,39.41155],[44.20043,39.40948],[44.26952,39.38287],[44.29495,39.38121],[44.38797,39.41449],[44.40481,39.43439],[44.40171,39.47134],[44.4168,39.50555],[44.41401,39.56089],[44.45763,39.63872],[44.45949,39.69846],[44.56573,39.76589],[44.59044,39.77153],[44.6465,39.71954],[44.70629,39.69804],[44.82784,39.6288],[44.87228,39.62508],[44.86535,39.61758],[44.88644,39.60596],[44.89843,39.58435],[44.9284,39.48824],[44.96163,39.45377],[44.95703,39.43449],[44.9825,39.42018],[45.00638,39.41796],[45.08798,39.35073],[45.13583,39.27848],[45.15273,39.21352],[45.17893,39.21983],[45.28311,39.19306],[45.31111,39.20053],[45.31111,39.17629],[45.34822,39.16392],[45.3539,39.15319],[45.34527,39.13844],[45.37933,39.11115],[45.39638,39.07333],[45.43452,39.05279],[45.42527,39.02563],[45.4386,39.00424],[45.53084,38.96928],[45.62779,38.9555],[45.71688,38.95478],[45.79109,38.9321],[46.00182,38.89747],[46.06797,38.87411],[46.13587,38.8637]]},"properties":{"kind":"country_border"}},{"type":"Feature","geometry":{"type":"LineString","coordinates":[[23.48563,53.93929],[23.49038,53.95061],[23.46289,53.97252],[23.45927,53.99231],[23.49648,54.02197],[23.49617,54.04456],[23.46299,54.13494],[23.4325,54.1693],[23.39147,54.1801],[23.35447,54.21705],[23.31602,54.23628],[23.23541,54.25416],[23.13526,54.29829],[23.11707,54.30346],[23.0501,54.29483],[23.03211,54.30955],[23.04162,54.34097],[22.98974,54.35338],[22.96266,54.38169],[22.91884,54.38113],[22.8376,54.40092],[22.81269,54.3941],[22.76722,54.35627],[22.70696,54.41875],[22.6804,54.45321],[22.67462,54.49228],[22.68175,54.5699],[22.7081,54.63563],[22.70087,54.67956],[22.72702,54.70534],[22.72485,54.72338],[22.76484,54.73713],[22.83285,54.77867],[22.84835,54.81381],[22.82127,54.88549],[22.74924,54.90988],[22.74097,54.91763],[22.75213,54.93112],[22.71554,54.95138],[22.63348,54.95794],[22.58067,55.05762],[22.56547,55.0678],[22.54108,55.07576],[22.43628,55.05778],[22.25128,55.07085],[22.14266,55.05463],[22.09987,55.02992],[22.07682,55.02858],[22.02773,55.04439],[22.01543,55.08842],[22.00344,55.09349],[21.9775,55.09199],[21.94277,55.07829],[21.87322,55.09493],[21.81989,55.11932],[21.75064,55.12795],[21.64584,55.18103],[21.60512,55.1925],[21.50394,55.19441],[21.46766,55.21115],[21.40555,55.27239],[21.37485,55.28996],[21.34984,55.28779],[21.2676,55.24867]]},"properties":{"kind":"country_border"}},{"type":"Feature","geometry":{"type":"LineString","coordinates":[[7.19459,53.24502],[7.19541,53.185],[7.17194,53.13771],[7.18507,53.10544],[7.19282,52.99801],[7.16192,52.93264],[7.07986,52.85442],[7.06198,52.82401],[7.03666,52.64738],[7.01847,52.62599],[6.96772,52.63666],[6.91842,52.63219],[6.8654,52.64196],[6.73704,52.6347],[6.70179,52.61911],[6.71016,52.60865],[6.70396,52.58307],[6.74375,52.55971],[6.67172,52.54168],[6.69507,52.47561],[6.71481,52.46155],[6.90023,52.43192],[6.95149,52.43747],[6.9733,52.45137],[7.04823,52.36507],[7.03976,52.32862],[7.01247,52.28495],[7.02632,52.23064],[6.98188,52.214],[6.92772,52.17191],[6.88483,52.16033],[6.83067,52.11289],[6.74985,52.10287],[6.7114,52.06729],[6.67988,52.06047],[6.67296,52.05005],[6.67502,52.03481],[6.77817,52.00127],[6.80918,51.97954],[6.81073,51.96058],[6.74375,51.90833],[6.71667,51.89926],[6.62815,51.89751],[6.52862,51.87642],[6.46289,51.84836],[6.37845,51.86012],[6.38248,51.82759],[6.34497,51.8211],[6.34197,51.83668],[6.2874,51.84616],[6.26466,51.86619],[6.22518,51.86255],[6.127,51.89673],[6.09299,51.88531],[6.15614,51.84206],[6.084,51.85366],[5.94809,51.82296],[5.92804,51.80674],[5.95078,51.79591],[5.96411,51.77656],[5.96235,51.75635],[5.94013,51.74263],[5.93931,51.73188],[5.97827,51.72979],[6.01207,51.71586],[6.02199,51.70951],[6.00855,51.68119],[6.0315,51.663],[6.09919,51.64447],[6.08214,51.60781],[6.08648,51.59553],[6.19335,51.50934],[6.20534,51.45844],[6.19273,51.39896],[6.20782,51.38767],[6.19355,51.34452],[6.14777,51.31816],[6.06519,51.23163],[6.05661,51.21171],[6.06085,51.17091],[6.08431,51.16269],[6.13413,51.18422],[6.15707,51.17925],[6.12627,51.16458],[6.14725,51.15225],[5.98292,51.07469],[5.93796,51.03094],[5.91957,51.0297],[5.8805,51.05205],[5.85249,51.04275],[5.87461,50.96537],[5.92773,50.97766],[5.96783,50.971],[6.0037,50.97374],[5.99987,50.9294],[6.06374,50.90754],[6.05672,50.85266],[6.04555,50.84418],[6.00928,50.84046],[5.99832,50.80072],[5.98395,50.7922],[5.96876,50.79463],[5.99708,50.76295],[5.99274,50.74445],[6.01083,50.73706],[6.01155,50.70853],[6.081,50.71349],[6.1611,50.64218],[6.14777,50.63676],[6.15945,50.62239],[6.18002,50.61552],[6.24905,50.61443],[6.23293,50.58715],[6.17908,50.56198],[6.16069,50.54358],[6.17733,50.5302],[6.17082,50.51795],[6.19056,50.51521],[6.1826,50.50658],[6.2072,50.48633],[6.25557,50.49459],[6.3369,50.481],[6.32326,50.46602],[6.33163,50.4469],[6.35117,50.43356],[6.33773,50.36809],[6.37453,50.31548],[6.36202,50.30696],[6.28595,50.30386],[6.26942,50.28649],[6.27179,50.26742],[6.2534,50.25678],[6.18963,50.24272],[6.15717,50.22272],[6.14684,50.21404],[6.16017,50.20453],[6.16513,50.1819],[6.1517,50.16934],[6.12317,50.1649],[6.11583,50.14547],[6.12948,50.13405],[6.11749,50.12046]]},"properties":{"kind":"country_border"}},{"type":"Feature","geometry":{"type":"LineString","coordinates":[[-7.54067,4.35284],[-7.57377,4.37539],[-7.5792,4.38715],[-7.56431,4.42583],[-7.57687,4.50934],[-7.57248,4.72336],[-7.57956,4.78428],[-7.60602,4.81619],[-7.59883,4.85709],[-7.6055,4.89743],[-7.57496,4.92156],[-7.54953,4.91389],[-7.55532,4.94843],[-7.5716,4.97538],[-7.57579,5.07207],[-7.56323,5.09016],[-7.54685,5.0977],[-7.51584,5.09181],[-7.48892,5.14067],[-7.48225,5.17506],[-7.49047,5.22219],[-7.47569,5.26423],[-7.43993,5.29017],[-7.42851,5.28815],[-7.43517,5.27929],[-7.42851,5.25614],[-7.41879,5.26046],[-7.38975,5.31714],[-7.39693,5.36644],[-7.41487,5.36598],[-7.4297,5.3743],[-7.44995,5.42277],[-7.45021,5.43871],[-7.43621,5.43132],[-7.43238,5.47956],[-7.40815,5.51178],[-7.41998,5.52313],[-7.39363,5.52398],[-7.41192,5.56036],[-7.4051,5.5724],[-7.38412,5.56896],[-7.43104,5.65397],[-7.44949,5.73236],[-7.44205,5.81127],[-7.44654,5.84595],[-7.47858,5.85988],[-7.48168,5.83021],[-7.4944,5.80618],[-7.5039,5.8121],[-7.51558,5.83923],[-7.53109,5.84202],[-7.52778,5.85884],[-7.55915,5.83985],[-7.58721,5.86677],[-7.57909,5.87719],[-7.58416,5.8837],[-7.63061,5.90861],[-7.64834,5.91129],[-7.68048,5.94093],[-7.70322,5.90788],[-7.71717,5.90075],[-7.74715,5.9376],[-7.78663,5.95816],[-7.80068,5.98173],[-7.79996,6.01015],[-7.78647,6.02511],[-7.80244,6.03924],[-7.80967,6.07121],[-7.82838,6.08072],[-7.85091,6.06756],[-7.86182,6.08149],[-7.86202,6.12438],[-7.84414,6.18396],[-7.84662,6.19748],[-7.90657,6.252],[-7.91437,6.27174],[-7.99938,6.2867],[-8.03302,6.30176],[-8.10661,6.29468],[-8.14061,6.27758],[-8.17058,6.27401],[-8.20849,6.29254],[-8.29507,6.31336],[-8.30272,6.34065],[-8.31,6.34463],[-8.32236,6.33646],[-8.35295,6.36106],[-8.36597,6.35008],[-8.38881,6.35509],[-8.41181,6.34003],[-8.42369,6.35199],[-8.40597,6.37225],[-8.41904,6.40765],[-8.40509,6.43633],[-8.41827,6.45121],[-8.44963,6.46793],[-8.46751,6.48707],[-8.48477,6.44157],[-8.49723,6.43137],[-8.51563,6.43759],[-8.5565,6.48702],[-8.61872,6.49283],[-8.59412,6.52389],[-8.57273,6.53084],[-8.5672,6.55061],[-8.54715,6.56004],[-8.46131,6.63342],[-8.35176,6.75535],[-8.31662,6.83628],[-8.31572,6.86382],[-8.33367,6.88258],[-8.32091,6.91017],[-8.31998,6.95999],[-8.28665,6.99379],[-8.28411,7.01787],[-8.30262,7.1376],[-8.32975,7.17832],[-8.32897,7.20401],[-8.38767,7.31496],[-8.40514,7.43128],[-8.42561,7.50192],[-8.44364,7.53711],[-8.48545,7.55799],[-8.44002,7.5999],[-8.4148,7.61292],[-8.39088,7.58579],[-8.33677,7.59783],[-8.30324,7.58931],[-8.26536,7.56006],[-8.22898,7.5443],[-8.20024,7.57633],[-8.19787,7.61855],[-8.15802,7.65824],[-8.15952,7.67633],[-8.12738,7.71302],[-8.11513,7.77689],[-8.09826,7.79188],[-8.10144,7.81281],[-8.1312,7.84242],[-8.12888,7.88257],[-8.07911,7.95765],[-8.06888,7.99657],[-8.06909,8.02928],[-8.01199,8.03556],[-7.98036,8.01657],[-7.96264,8.01517],[-7.98041,8.05899],[-8.01571,8.08847],[-8.02129,8.10266],[-8.00331,8.18405],[-8.08552,8.16204],[-8.18293,8.19167],[-8.26598,8.24598],[-8.24531,8.28508],[-8.24763,8.32257],[-8.23528,8.37952],[-8.2544,8.44651],[-8.2003,8.49183],[-8.15053,8.48649],[-8.07663,8.50325],[-8.05067,8.48767],[-8.01571,8.48721],[-7.97054,8.49695],[-7.94388,8.48463],[-7.92383,8.44378],[-7.89858,8.42628],[-7.86559,8.42088],[-7.84859,8.42863],[-7.84574,8.47432],[-7.82383,8.47786],[-7.77102,8.38652],[-7.74833,8.37231],[-7.72074,8.36853],[-7.66245,8.37486],[-7.68958,8.43866],[-7.67924,8.50509],[-7.6917,8.54666],[-7.69681,8.62485],[-7.73182,8.65208],[-7.76513,8.70608],[-7.81019,8.75337],[-7.83102,8.74766],[-7.95892,8.782],[-7.96894,8.81285],[-7.94646,8.9486],[-7.93184,8.99656],[-7.91675,9.01235],[-7.82704,9.05782],[-7.7642,9.06361],[-7.74678,9.07645],[-7.75939,9.09167],[-7.82337,9.13198],[-7.84791,9.16856],[-7.87871,9.16391],[-7.92956,9.18388],[-7.93065,9.22029],[-7.89494,9.30713],[-7.86538,9.40992],[-7.8706,9.4186],[-7.93303,9.41426],[-7.99157,9.38532],[-8.05405,9.38909],[-8.08718,9.4154],[-8.14536,9.49715],[-8.15761,9.53087],[-8.16159,9.57564],[-8.1235,9.84485],[-8.1281,9.86625],[-8.151,9.86614],[-8.15508,9.87524],[-8.14567,9.8825],[-8.14955,9.90534],[-8.16789,9.91469],[-8.17384,9.94187],[-8.14009,9.9597],[-8.13627,9.96944],[-8.15849,9.98492],[-8.12754,10.03711],[-8.10878,10.05419],[-8.03488,10.08579],[-7.98966,10.16199],[-7.9709,10.15507],[-7.92905,10.16096],[-7.88285,10.19083],[-7.84742,10.19793],[-7.829,10.21165],[-7.79774,10.26028],[-7.77825,10.27834],[-7.76441,10.31291],[-7.77758,10.32986],[-7.73534,10.3471],[-7.72399,10.36361],[-7.73603,10.37828],[-7.70865,10.40247],[-7.67904,10.40593],[-7.66441,10.43714],[-7.64369,10.44047],[-7.60777,10.41872],[-7.55638,10.41727],[-7.51584,10.45781],[-7.48985,10.45611],[-7.46618,10.42949],[-7.46546,10.39862],[-7.44468,10.36082],[-7.44442,10.3342],[-7.39502,10.34622],[-7.37234,10.34477],[-7.36634,10.32945],[-7.37182,10.26452],[-7.3634,10.25219],[-7.20475,10.23449],[-7.10636,10.20726],[-7.08946,10.19757],[-7.04052,10.14005],[-6.99241,10.1491],[-6.97164,10.16442],[-6.95939,10.1855],[-6.96161,10.21103],[-6.99489,10.2394],[-6.99711,10.25276],[-6.97314,10.33229],[-6.96125,10.34487],[-6.86275,10.34384],[-6.8039,10.37087],[-6.78209,10.37304],[-6.72256,10.34405],[-6.70034,10.34167],[-6.67739,10.34903],[-6.66892,10.36102],[-6.66396,10.398],[-6.64778,10.4327],[-6.68308,10.45169],[-6.69579,10.4712],[-6.68282,10.56597],[-6.69109,10.58943],[-6.68421,10.62656],[-6.66917,10.65416],[-6.64711,10.66134],[-6.63398,10.65302],[-6.61362,10.61847],[-6.57807,10.59114],[-6.52138,10.56421],[-6.44598,10.55225],[-6.42149,10.55659],[-6.40278,10.56912],[-6.39922,10.59248],[-6.43069,10.61496],[-6.43586,10.62871],[-6.42702,10.68609],[-6.40981,10.69439],[-6.3417,10.69144],[-6.28,10.72327],[-6.25597,10.72648],[-6.24584,10.72074],[-6.24662,10.65762],[-6.2169,10.64509],[-6.20445,10.62961],[-6.20977,10.61775],[-6.23866,10.59798],[-6.23137,10.56024],[-6.25623,10.53724],[-6.26129,10.51409],[-6.23866,10.51274],[-6.22243,10.49463],[-6.19029,10.49114],[-6.18579,10.48133],[-6.20037,10.44877],[-6.18057,10.42022],[-6.19876,10.37082],[-6.18393,10.35885],[-6.20832,10.33198],[-6.20615,10.31082],[-6.21437,10.3078],[-6.22832,10.31609],[-6.24067,10.30258],[-6.24,10.25193],[-6.22481,10.25503],[-6.18088,10.21584],[-6.10533,10.18928],[-6.01593,10.18987],[-5.98524,10.22728],[-5.97475,10.27364],[-5.96302,10.28273],[-5.9164,10.26664],[-5.90473,10.27529],[-5.90896,10.33007],[-5.8933,10.36503],[-5.80628,10.41347],[-5.59405,10.45394],[-5.57172,10.44988],[-5.50511,10.41557],[-5.47529,10.36771],[-5.47416,10.35033],[-5.43783,10.34002],[-5.42698,10.31686],[-5.40253,10.30056],[-5.36553,10.2957],[-5.35334,10.30826],[-5.32709,10.30258],[-5.29665,10.32304],[-5.23355,10.31568],[-5.21758,10.31994],[-5.16844,10.29134],[-5.1595,10.29232],[-5.15206,10.30563],[-5.13568,10.30428],[-5.11919,10.29353],[-5.1118,10.27865],[-5.11707,10.20803],[-5.09785,10.20927],[-5.08441,10.22744],[-5.0816,10.2069],[-5.09072,10.17793],[-5.06395,10.17904],[-5.07072,10.16101],[-5.03946,10.13434],[-5.03759,10.12649],[-5.0701,10.11016],[-5.04287,10.10334],[-5.05648,10.09711],[-5.04834,10.08535],[-5.03723,10.08375],[-5.01558,10.09711],[-5.01052,10.07905],[-4.97452,10.05554],[-4.96334,10.04032],[-4.95641,10.022],[-4.96021,10.00849],[-4.9814,10.00774],[-4.95295,9.95337],[-4.96607,9.90102],[-4.92801,9.87095],[-4.91709,9.88648],[-4.89802,9.88891],[-4.89006,9.8795],[-4.83846,9.86945],[-4.82427,9.85697],[-4.81756,9.83645],[-4.79846,9.84253],[-4.77591,9.78801],[-4.81012,9.78178],[-4.79645,9.7545],[-4.78319,9.75837],[-4.76996,9.73737],[-4.75477,9.74021],[-4.75859,9.75331],[-4.73834,9.75315],[-4.71281,9.72685],[-4.70547,9.7021],[-4.68108,9.68207],[-4.66483,9.69086],[-4.65581,9.70608],[-4.62873,9.7077],[-4.60403,9.72716],[-4.57832,9.69652],[-4.5522,9.69646],[-4.5391,9.7447],[-4.50396,9.74202],[-4.51592,9.67569],[-4.50171,9.65502],[-4.40911,9.64773],[-4.39159,9.60029],[-4.37118,9.58296],[-4.36503,9.62417],[-4.32255,9.6089],[-4.31593,9.61662],[-4.30048,9.6543],[-4.3033,9.68672],[-4.26751,9.72726],[-4.28364,9.73202],[-4.27033,9.74393],[-4.21542,9.75486],[-4.19697,9.76496],[-4.16829,9.80483],[-4.15026,9.81829],[-4.13305,9.82041],[-4.05368,9.79762],[-4.05032,9.81031],[-4.03497,9.81762],[-3.99461,9.82077],[-3.98404,9.85116],[-3.94774,9.86436],[-3.91009,9.88849],[-3.82348,9.8957],[-3.80426,9.90139],[-3.76961,9.93133],[-3.70646,9.94182],[-3.67964,9.93221],[-3.66166,9.94893],[-3.62334,9.92175],[-3.60626,9.91818],[-3.54647,9.92614],[-3.38917,9.91325],[-3.34834,9.88699],[-3.31718,9.90133],[-3.31181,9.85413],[-3.30173,9.84113],[-3.27786,9.84346],[-3.21476,9.91562],[-3.20256,9.90823],[-3.20001,9.84537],[-3.18257,9.83516],[-3.13694,9.82953],[-3.11691,9.80529],[-3.09456,9.73385],[-3.07709,9.71941],[-3.02464,9.72861],[-3.00568,9.72416],[-2.98999,9.70843],[-2.91015,9.54273],[-2.81042,9.41111],[-2.7876,9.39372],[-2.76368,9.39188],[-2.74492,9.40811],[-2.72048,9.45922],[-2.68921,9.48872],[-2.67567,9.47172],[-2.67242,9.37403],[-2.67753,9.357],[-2.71334,9.32992],[-2.715,9.31106],[-2.69298,9.28533],[-2.65981,9.2729],[-2.66115,9.25391],[-2.67309,9.23489],[-2.70482,9.2184],[-2.73391,9.16484],[-2.7552,9.14314],[-2.7613,9.0848],[-2.77484,9.05498],[-2.75081,9.03741],[-2.68606,9.02826],[-2.66079,9.0149],[-2.63769,8.93147],[-2.61945,8.92362],[-2.59557,8.82807],[-2.59666,8.8144],[-2.61464,8.80192],[-2.61723,8.78918],[-2.61216,8.78096],[-2.60312,8.78515],[-2.59836,8.76947],[-2.50633,8.20927],[-2.5132,8.19402],[-2.55811,8.16769],[-2.57175,8.16312],[-2.60425,8.17079],[-2.61066,8.16485],[-2.62188,8.13573],[-2.59976,8.07039],[-2.60069,8.05295],[-2.61056,8.04],[-2.69086,8.00974],[-2.77122,7.93073],[-2.79063,7.94329],[-2.80119,7.85022],[-2.84,7.82025],[-2.83817,7.79684],[-2.85594,7.77157],[-2.94152,7.57716],[-2.99046,7.27067],[-2.97209,7.2286],[-2.97281,7.21496],[-3.0326,7.12835],[-3.04087,7.07833],[-3.1096,7.04639],[-3.22494,6.8494],[-3.24168,6.8109],[-3.24308,6.77476],[-3.21042,6.716],[-3.23006,6.66112],[-3.25391,6.64443],[-3.26251,6.61714],[-3.1836,6.26391],[-3.13936,6.21929],[-3.11807,6.16348],[-3.08777,5.99669],[-3.02252,5.8545],[-3.02976,5.70425],[-2.9648,5.70978],[-2.9749,5.64728],[-2.9695,5.62144],[-2.94586,5.60829],[-2.9263,5.61072],[-2.87749,5.63681],[-2.80626,5.6185],[-2.78559,5.59503],[-2.77944,5.52649],[-2.76171,5.45491],[-2.73014,5.37316],[-2.74259,5.34314],[-2.78957,5.34686],[-2.79613,5.28498],[-2.77489,5.23958],[-2.77882,5.201],[-2.75701,5.17987],[-2.76662,5.16103],[-2.78088,5.15088],[-2.84366,5.14912]]},"properties":{"kind":"country_border"}},{"type":"Feature","geometry":{"type":"LineString","coordinates":[[30.84095,69.80584],[30.84399,69.76623],[30.87706,69.7376],[30.8843,69.70236],[30.9277,69.67213],[30.92703,69.57839],[30.89825,69.54423],[30.85298,69.52744],[30.75531,69.52149],[30.51166,69.53633],[30.23069,69.6373],[30.18615,69.64133],[30.11907,69.63456],[30.14863,69.61849],[30.20878,69.60867],[30.23162,69.55834],[30.21064,69.52821],[30.15483,69.50609],[30.12341,69.44191],[29.94807,69.36559],[29.90069,69.35825],[29.75139,69.35716],[29.66184,69.32502],[29.60427,69.3152],[29.43456,69.31184],[29.37679,69.30161],[29.33452,69.27737],[29.30227,69.20084],[29.22104,69.09842],[29.12027,69.04685],[29.06477,69.0347],[29.00813,69.03692],[28.95408,69.02726]]},"properties":{"kind":"country_border"}},{"type":"Feature","geometry":{"type":"LineString","coordinates":[[53.09035,16.64241],[52.80156,17.26742],[52.79102,17.28122],[52.73624,17.28918],[52.72146,17.29817],[52.73015,17.29988],[51.97861,18.99564],[53.45889,19.48899],[54.97838,19.99542],[55.63756,21.97897],[55.63705,22.00191],[55.62671,22.02377],[55.18684,22.70358],[55.19759,22.84946],[55.19129,22.99547],[55.22591,23.12125],[55.3211,23.27509],[55.34322,23.33628],[55.37526,23.46934],[55.44533,23.55226],[55.4783,23.67636],[55.53835,23.77005],[55.53059,23.87467],[55.51457,23.8966],[55.46155,23.93056],[55.45277,23.94857],[55.4568,23.96316],[55.4998,23.97061],[55.61834,24.02014],[55.64687,24.02502],[55.728,24.01959],[55.76241,24.02815],[55.78846,24.00957],[55.80706,24.00748],[55.92354,24.05114],[55.98679,24.06538],[55.99785,24.08127],[55.96075,24.14243],[55.93315,24.22072],[55.90318,24.23224],[55.84716,24.21142],[55.83032,24.21227],[55.7557,24.23033],[55.7621,24.26296],[55.80737,24.34079],[55.80861,24.39763],[55.77461,24.4259],[55.77368,24.4953],[55.75983,24.55853],[55.78402,24.58633],[55.79022,24.61987],[55.81823,24.64338],[55.79476,24.70392],[55.79704,24.77836],[55.78867,24.8552],[55.79911,24.8861],[55.82939,24.92117],[55.89698,24.96861],[55.93543,24.97773],[55.97842,24.97176],[56.0056,24.95618],[56.02927,24.86117],[55.97842,24.8861],[55.96085,24.88125],[55.95765,24.86866],[55.96478,24.85386],[56.00209,24.82301],[56.03155,24.75415],[56.06214,24.73177],[56.09914,24.73051],[56.11826,24.73542],[56.12725,24.7457],[56.17118,24.82399],[56.24166,24.84244],[56.30832,24.89517],[56.31928,24.96253],[56.329,24.97269],[56.38331,24.97822]]},"properties":{"kind":"country_border"}},{"type":"Feature","geometry":{"type":"LineString","coordinates":[[46.43089,41.89044],[46.37131,41.80569],[46.31374,41.75665],[46.27695,41.74931],[46.20832,41.75551],[46.18899,41.74014],[46.18,41.65516],[46.19277,41.61017],[46.21969,41.5933],[46.24005,41.6155],[46.2539,41.61591],[46.27839,41.57839],[46.29674,41.51039],[46.31395,41.49375],[46.36624,41.46657],[46.39828,41.45871],[46.4451,41.42595],[46.59155,41.37293],[46.60737,41.34502],[46.63103,41.34554],[46.6885,41.28435],[46.6948,41.26978],[46.67465,41.26167],[46.66948,41.22989],[46.64447,41.20798],[46.62111,41.1146],[46.60179,41.09403],[46.54355,41.09703],[46.52241,41.087],[46.49678,41.04483],[46.47492,41.04411],[46.45699,41.05243],[46.41265,41.09186],[46.33234,41.11589],[46.22858,41.19542],[46.21059,41.20017],[46.11313,41.19604],[46.06135,41.17092],[46.01743,41.16379],[45.96916,41.16829],[45.82075,41.2088],[45.70975,41.26771],[45.68587,41.29624],[45.70809,41.31712],[45.7453,41.32916],[45.74406,41.33536],[45.65559,41.35236],[45.51183,41.39458],[45.4648,41.43019],[45.39679,41.42326],[45.31442,41.45163],[45.28171,41.45292],[45.24962,41.4445],[45.0024,41.29045]]},"properties":{"kind":"country_border"}},{"type":"Feature","geometry":{"type":"LineString","coordinates":[[45.18771,40.99838],[45.22047,40.97905],[45.20993,40.96799],[45.18678,40.97083],[45.17717,40.99383],[45.18771,40.99838]]},"properties":{"kind":"country_border"}},{"type":"Feature","geometry":{"type":"LineString","coordinates":[[45.5202,40.66041],[45.56071,40.64765],[45.54717,40.62155],[45.51369,40.60197],[45.47927,40.60982],[45.47131,40.62987],[45.47927,40.65023],[45.5202,40.66041]]},"properties":{"kind":"country_border"}},{"type":"Feature","geometry":{"type":"LineString","coordinates":[[-15.02099,10.96747],[-14.95906,11.03576],[-14.86314,11.21864],[-14.82821,11.33479],[-14.71106,11.49757],[-14.68677,11.51072],[-14.64538,11.51506],[-14.56226,11.5056],[-14.52094,11.51289],[-14.33922,11.61061],[-14.32649,11.62058],[-14.30822,11.65454],[-14.28969,11.66885],[-14.16184,11.66094],[-14.11857,11.638],[-14.05883,11.64404],[-14.01513,11.63712],[-13.94542,11.67567],[-13.92374,11.66503],[-13.90364,11.66539],[-13.88641,11.67557],[-13.87067,11.70414],[-13.87005,11.74368],[-13.84628,11.73727],[-13.84297,11.71727],[-13.82013,11.70807],[-13.81577,11.68683],[-13.77001,11.68869],[-13.72993,11.70983],[-13.71957,11.7661],[-13.73463,11.90186],[-13.72394,12.00278],[-13.73492,12.01927],[-13.77965,12.02934],[-13.80776,12.04428],[-13.84241,12.0913],[-13.86972,12.10071],[-13.9184,12.13776],[-13.97253,12.15156],[-13.96573,12.19424],[-13.94392,12.21864],[-13.88315,12.24644],[-13.84,12.27713],[-13.81264,12.28359],[-13.79569,12.27873],[-13.80856,12.2561],[-13.74084,12.25693],[-13.71182,12.26752],[-13.69502,12.29295],[-13.68301,12.33868],[-13.68415,12.39201],[-13.66071,12.45867],[-13.67469,12.49609],[-13.72507,12.55815],[-13.73463,12.58533],[-13.72828,12.67339],[-13.40476,12.66176],[-13.33861,12.63923],[-13.28415,12.65334],[-13.25469,12.64181],[-13.22154,12.64838],[-13.2019,12.63339],[-13.16922,12.63876],[-13.1547,12.63282],[-13.14532,12.64393],[-13.12731,12.63484],[-13.07646,12.63592],[-13.06364,12.62228],[-13.05933,12.60347],[-13.06421,12.56616],[-13.08271,12.51567],[-13.07827,12.49624],[-13.05199,12.47226],[-12.98104,12.46699],[-12.96951,12.47681],[-12.94949,12.53593],[-12.91313,12.53634],[-12.84921,12.495],[-12.84913,12.47583],[-12.83862,12.46637],[-12.78348,12.45309],[-12.77327,12.43506],[-12.68806,12.43599],[-12.64801,12.42575],[-12.60341,12.38193],[-12.59367,12.36157],[-12.57065,12.36369],[-12.50507,12.39025],[-12.46675,12.38446],[-12.40552,12.35646],[-12.37712,12.31367],[-12.36092,12.30561],[-12.19204,12.34876],[-12.10399,12.40736],[-12.07918,12.40813],[-11.99758,12.38638],[-11.92394,12.41878],[-11.83961,12.38669],[-11.7578,12.38333],[-11.72003,12.38948],[-11.64308,12.41764],[-11.51539,12.43165],[-11.48165,12.42823],[-11.41602,12.40498],[-11.38842,12.4039],[-11.37778,12.48022],[-11.39044,12.49753],[-11.40051,12.47955],[-11.417,12.52931],[-11.42475,12.52637],[-11.42981,12.50833],[-11.44945,12.5352],[-11.4678,12.54352],[-11.43984,12.55929],[-11.43736,12.57076],[-11.4418,12.59551],[-11.43684,12.63747],[-11.44175,12.64776],[-11.46098,12.6584],[-11.46191,12.67313],[-11.44795,12.68595],[-11.43736,12.71225],[-11.41033,12.71881],[-11.40217,12.73173],[-11.41457,12.75971],[-11.40542,12.78235],[-11.40847,12.80449],[-11.4325,12.83552],[-11.41514,12.89666],[-11.42723,12.91862],[-11.40289,12.9164],[-11.3878,12.92712],[-11.38884,12.97055],[-11.40181,12.98949],[-11.41152,12.96071],[-11.4387,12.9589],[-11.43343,12.99696],[-11.42299,13.00941],[-11.43565,13.01673],[-11.45896,13.05468],[-11.45028,13.07509],[-11.53306,13.11181],[-11.53854,13.16297],[-11.56934,13.1992],[-11.57234,13.2171],[-11.55425,13.25687],[-11.60582,13.31965],[-11.61311,13.36081],[-11.64396,13.35559],[-11.6498,13.38412],[-11.70401,13.38037],[-11.7269,13.4058],[-11.74122,13.40781],[-11.75651,13.3998],[-11.76659,13.38316],[-11.77512,13.34335],[-11.82814,13.30728],[-11.84457,13.32384],[-11.85459,13.35056],[-11.89759,13.37117],[-11.88348,13.45355],[-11.89041,13.46515],[-11.91816,13.47471],[-11.93903,13.50295],[-12.01515,13.56444],[-12.0704,13.67325],[-12.09763,13.70441],[-12.01231,13.75118],[-11.97882,13.78482],[-11.96291,13.82947],[-11.95681,13.89034],[-11.96291,13.90915],[-12.01531,13.9593],[-12.02533,13.98525],[-12.02523,14.02674],[-11.99541,14.14402],[-11.99758,14.16616],[-12.03448,14.25027],[-12.05835,14.27409],[-12.10998,14.29815],[-12.12781,14.32429],[-12.11303,14.32959],[-12.10869,14.34202],[-12.11561,14.35512],[-12.22173,14.39124],[-12.21987,14.4346],[-12.23643,14.51945],[-12.23039,14.53668],[-12.20419,14.55425],[-12.1984,14.58756],[-12.16595,14.62518],[-12.16502,14.64187],[-12.18982,14.65595],[-12.1922,14.66688],[-12.18031,14.69283],[-12.22282,14.70329],[-12.23661,14.72846],[-12.25651,14.74579],[-12.26413,14.77494],[-12.31958,14.81718],[-12.3825,14.84602],[-12.44763,14.90744],[-12.47151,14.998],[-12.48489,15.01728],[-12.51897,15.02828],[-12.60215,15.07877],[-12.62295,15.10226],[-12.69031,15.09239],[-12.71705,15.10342],[-12.75457,15.13856],[-12.77976,15.14639],[-12.78467,15.16603],[-12.77947,15.19962],[-12.78723,15.21416],[-12.8064,15.22308],[-12.85678,15.22199],[-12.88836,15.25088],[-12.89438,15.26336],[-12.8842,15.27083],[-12.83345,15.27],[-12.82805,15.28387],[-12.84727,15.31328],[-12.91897,15.36537],[-12.93101,15.39705],[-12.93306,15.43828],[-12.95091,15.46541],[-12.96432,15.50916],[-12.98018,15.51629],[-12.99584,15.51422],[-13.03889,15.48689],[-13.08385,15.49275],[-13.09496,15.51471],[-13.09181,15.57512],[-13.10971,15.59641],[-13.17823,15.62819],[-13.23784,15.62344],[-13.24875,15.65672],[-13.22826,15.71129],[-13.25066,15.74276],[-13.28614,15.76963],[-13.27996,15.82286],[-13.29365,15.85531],[-13.31603,15.88177],[-13.31593,15.93045],[-13.36977,15.98549],[-13.38856,16.0521],[-13.4221,16.07721],[-13.44003,16.10186],[-13.49155,16.08842],[-13.5017,16.09514],[-13.4831,16.14103],[-13.48493,16.15498],[-13.63503,16.1216],[-13.66895,16.10574],[-13.71957,16.13561],[-13.72278,16.1461],[-13.71058,16.18888],[-13.72942,16.1895],[-13.7467,16.18237],[-13.79494,16.13121],[-13.8192,16.11928],[-13.83577,16.12057],[-13.85907,16.14227],[-13.88382,16.19374],[-13.90783,16.21002],[-13.96408,16.23007],[-13.96304,16.27239],[-13.97932,16.30035],[-13.97116,16.32422],[-13.97785,16.33797],[-14.0156,16.35585],[-14.03984,16.3821],[-14.07304,16.40065],[-14.21417,16.53496],[-14.26806,16.54788],[-14.27796,16.58126],[-14.33532,16.58648],[-14.33134,16.6241],[-14.34325,16.63666],[-14.40664,16.66079],[-14.42625,16.6596],[-14.49309,16.63247],[-14.55513,16.64059],[-14.60807,16.62881],[-14.65597,16.64591],[-14.71122,16.63578],[-14.88201,16.64767],[-14.9125,16.64064],[-14.93094,16.64338],[-14.94986,16.67232],[-14.9743,16.69139],[-15.00691,16.67583],[-15.01874,16.64612],[-15.03693,16.63258],[-15.05156,16.63418],[-15.07889,16.66498],[-15.10757,16.66539],[-15.11827,16.6426],[-15.09321,16.60018],[-15.12509,16.58271],[-15.23248,16.56638],[-15.32803,16.57196],[-15.41453,16.54803],[-15.42688,16.55315],[-15.44885,16.58018],[-15.46399,16.58147],[-15.49091,16.56452],[-15.52481,16.5222],[-15.55147,16.51512],[-15.60966,16.52132],[-15.67219,16.48137],[-15.81296,16.51377],[-15.862,16.51026],[-15.89693,16.51842],[-15.95807,16.49843],[-15.98561,16.50587],[-16.00731,16.49615],[-16.05377,16.49543],[-16.07403,16.50489],[-16.11046,16.54695],[-16.13227,16.55475],[-16.19536,16.52271],[-16.25102,16.52762],[-16.27381,16.52318],[-16.31355,16.49331],[-16.33494,16.45579],[-16.38538,16.23493],[-16.40729,16.21483],[-16.44419,16.2063],[-16.45876,16.19415],[-16.47044,16.10636],[-16.50754,16.01039],[-16.50992,15.90151],[-16.51974,15.84637],[-16.54235,15.80885]]},"properties":{"kind":"country_border"}},{"type":"Feature","geometry":{"type":"LineString","coordinates":[[16.5153,46.50171],[16.4813,46.51902],[16.44037,46.51902],[16.40626,46.53949],[16.36947,46.54057],[16.3579,46.54698],[16.35169,46.53949],[16.34415,46.54698],[16.32999,46.53546],[16.26395,46.51592],[16.23491,46.49334],[16.25092,46.405],[16.27873,46.38735],[16.27563,46.37317],[16.19181,46.36978],[16.14385,46.39471],[16.10602,46.37373],[16.05797,46.37753],[16.05962,46.33232],[16.05238,46.3186],[16.01921,46.29883],[15.94872,46.2842],[15.88371,46.2594],[15.81829,46.25552],[15.78914,46.24307],[15.76889,46.21935],[15.74977,46.21077],[15.6613,46.21532],[15.6398,46.20767],[15.60435,46.167],[15.58998,46.13868],[15.58988,46.11352],[15.60383,46.09099],[15.63153,46.07057],[15.68393,46.05114],[15.69799,46.03621],[15.67422,45.99316],[15.67556,45.92516],[15.65944,45.88883],[15.67608,45.8417],[15.66605,45.83167],[15.62605,45.8202],[15.52353,45.82682],[15.48539,45.81018],[15.45128,45.81514],[15.44033,45.81147],[15.44105,45.78217],[15.42906,45.77529],[15.3038,45.74615],[15.25502,45.72346],[15.25088,45.70765],[15.28303,45.68011],[15.30494,45.67215],[15.33077,45.68455],[15.37377,45.64021],[15.29739,45.62569],[15.28788,45.61034],[15.26856,45.60166],[15.29667,45.52296],[15.31103,45.50591],[15.36137,45.48203],[15.32519,45.45283],[15.28158,45.45097],[15.18422,45.4256],[15.13926,45.43004],[15.05617,45.47991],[15.00738,45.48084],[14.96263,45.49314],[14.92263,45.51495],[14.90444,45.51443],[14.90083,45.49314],[14.8816,45.46978],[14.83881,45.45898],[14.79716,45.46518],[14.78125,45.49335],[14.66849,45.53397],[14.66983,45.56456],[14.60307,45.60357],[14.59387,45.61618],[14.5919,45.66336],[14.58095,45.66781],[14.55614,45.6567],[14.49858,45.59618],[14.46891,45.52559],[14.3728,45.47785],[14.3268,45.4749],[14.2187,45.49717],[14.14552,45.47624],[14.09292,45.47392],[14.01396,45.50797],[13.97189,45.51423],[13.96145,45.49314],[13.98264,45.47531],[13.96982,45.46296],[13.92301,45.44896],[13.889,45.42364],[13.81986,45.43263],[13.75929,45.46317],[13.64282,45.45945]]},"properties":{"kind":"country_border"}},{"type":"Feature","geometry":{"type":"LineString","coordinates":[[51.21526,24.62585],[51.14745,24.57628],[51.09546,24.56018],[50.97888,24.56773],[50.9286,24.58721],[50.88101,24.6364],[50.80787,24.74665]]},"properties":{"kind":"country_border"}},{"type":"Feature","geometry":{"type":"LineString","coordinates":[[28.01678,41.97253],[27.96592,41.98214],[27.91703,41.9779],[27.85223,41.99545],[27.81192,41.9947],[27.80273,41.96005],[27.81828,41.95287],[27.81534,41.94679],[27.78981,41.94269],[27.72397,41.96759],[27.68707,41.9686],[27.6093,41.95349],[27.60336,41.93863],[27.59054,41.94289],[27.55075,41.92421],[27.56067,41.91768],[27.54889,41.91088],[27.56274,41.90644],[27.54641,41.90116],[27.49432,41.94284],[27.39686,41.98932],[27.30529,42.07759],[27.23821,42.09792],[27.2038,42.08813],[27.17382,42.05707],[27.11605,42.06183],[27.0837,42.07841],[27.04655,42.08294],[27.02262,42.07389],[27.0004,42.04281],[26.96717,42.0285],[26.9389,41.99622],[26.91146,41.99679],[26.89033,41.98542],[26.86077,41.9879],[26.81943,41.96566],[26.78057,41.98343],[26.73674,41.95896],[26.60569,41.96741],[26.54296,41.92036],[26.55898,41.90173],[26.54782,41.85628],[26.52611,41.82424],[26.47836,41.81329],[26.37553,41.81662],[26.33419,41.78954],[26.31631,41.74376],[26.33336,41.71304],[26.27393,41.7149],[26.23445,41.74583],[26.21182,41.75048],[26.1899,41.73469],[26.10836,41.72789],[26.05369,41.70151],[26.04748,41.67461],[26.05503,41.64875],[26.06691,41.6355],[26.11528,41.61663],[26.13027,41.58268],[26.1312,41.55266],[26.15807,41.54232],[26.16293,41.50646],[26.14588,41.47804],[26.1743,41.446],[26.17564,41.43189],[26.159,41.42181],[26.12087,41.35779],[26.02185,41.34166],[25.95963,41.315],[25.92119,41.31603],[25.88202,41.30404],[25.81101,41.34104],[25.76347,41.31903],[25.71748,41.31412],[25.67996,41.29717],[25.63976,41.31107],[25.55149,41.31567],[25.53795,41.31221],[25.50509,41.28058],[25.45346,41.28043],[25.28572,41.2394],[25.23911,41.24089],[25.21968,41.24973],[25.1771,41.29386],[25.11653,41.32073],[25.10186,41.33665],[25.08036,41.33407],[24.88637,41.40063],[24.80327,41.39267],[24.79428,41.3474],[24.77444,41.34807],[24.69919,41.40895],[24.63822,41.41768],[24.64431,41.42765],[24.59584,41.42977],[24.58044,41.44052],[24.58106,41.46021],[24.54944,41.48543],[24.53094,41.54754],[24.51016,41.56165],[24.45921,41.54951],[24.43885,41.5277],[24.29612,41.51524],[24.28682,41.51762],[24.2864,41.54036],[24.25075,41.56346],[24.19628,41.54703],[24.1816,41.53736],[24.17023,41.51158],[24.14626,41.52677],[24.11649,41.53338],[24.0766,41.53602],[24.04735,41.52574],[24.052,41.463],[24.03474,41.45132],[24.00074,41.46414],[23.96467,41.43835],[23.94989,41.43758],[23.8948,41.46434],[23.8516,41.43959],[23.77708,41.42905],[23.75445,41.40068],[23.67218,41.40295],[23.61244,41.37102],[23.57895,41.372],[23.51301,41.39773],[23.41452,41.3999],[23.34724,41.37122],[23.32605,41.36931],[23.2877,41.3982],[23.22425,41.37903],[23.20978,41.36859],[23.19954,41.33298],[23.15717,41.31634],[23.11521,41.31267],[22.82603,41.34099],[22.78097,41.33489],[22.7513,41.31521],[22.72722,41.16581],[22.7049,41.13966],[22.64454,41.18023],[22.62935,41.17707],[22.62449,41.15263],[22.59018,41.12514],[22.45148,41.11367],[22.42181,41.11465],[22.38016,41.1317],[22.30875,41.12498],[22.30265,41.1455],[22.20581,41.16142],[22.16033,41.15191],[22.12436,41.12721],[22.10338,41.12152],[22.06277,41.13718],[22.04819,41.15186],[22.02907,41.13858],[21.9651,41.12436],[21.90908,41.09749],[21.8972,41.08127],[21.8943,41.05383],[21.83126,40.99352],[21.78371,40.96417],[21.77813,40.93373],[21.76552,40.92391],[21.737,40.91916],[21.68512,40.92799],[21.6569,40.91823],[21.64884,40.8958],[21.62372,40.8944],[21.58156,40.86629],[21.55365,40.87043],[21.50952,40.9005],[21.40493,40.90862],[21.38126,40.9005],[21.34488,40.87306],[21.29537,40.86087],[21.18303,40.87017],[21.11213,40.85394],[20.96526,40.84939]]},"properties":{"kind":"country_border"}},{"type":"Feature","geometry":{"type":"LineString","coordinates":[[102.91359,11.64589],[102.92879,11.66869],[102.92512,11.7258],[102.9138,11.76554],[102.843,11.86605],[102.79712,11.95297],[102.78714,12.00263],[102.77107,12.03735],[102.69996,12.13874],[102.69221,12.17848],[102.72007,12.36121],[102.76513,12.41635],[102.76208,12.43609],[102.71841,12.46591],[102.70482,12.48032],[102.69676,12.51309],[102.66482,12.53422],[102.58855,12.60983],[102.55863,12.63122],[102.50178,12.64977],[102.48638,12.66119],[102.47925,12.67711],[102.47796,12.71964],[102.49527,12.7461],[102.50664,12.78752],[102.48334,12.84379],[102.46484,12.92753],[102.47889,12.95363],[102.46721,12.96947],[102.48664,12.98479],[102.49016,12.99608],[102.47316,13.00613],[102.38205,13.13662],[102.3282,13.27516],[102.33012,13.49636],[102.31342,13.54101],[102.33223,13.5646],[102.5132,13.56716],[102.59775,13.60545],[102.54106,13.6486],[102.54235,13.66971],[102.57439,13.69389],[102.67495,13.7419],[102.69862,13.7618],[102.70647,13.80195],[102.72911,13.83215],[102.77283,13.93608],[102.86977,14.02062],[102.87623,14.07131],[102.91127,14.13211],[102.91861,14.18549],[102.93406,14.20097],[103.00485,14.22877],[103.085,14.29582],[103.13823,14.31975],[103.19859,14.32851],[103.27368,14.35106],[103.36287,14.35347],[103.4225,14.38483],[103.44969,14.37158],[103.5334,14.41907],[103.55025,14.42186],[103.59614,14.40434],[103.61681,14.41455],[103.62745,14.4378],[103.63706,14.44328],[103.65717,14.44116],[103.67148,14.42956],[103.67489,14.38649],[103.77525,14.36698],[103.82403,14.36804],[103.88516,14.34042],[103.90278,14.34243],[103.91984,14.36458],[103.97399,14.36729],[104.00138,14.34507],[104.11021,14.38044],[104.12835,14.36636],[104.14091,14.366],[104.17703,14.40421],[104.18566,14.40398],[104.18349,14.39142],[104.20127,14.37799],[104.24747,14.40109],[104.27124,14.39907],[104.32539,14.37762],[104.45262,14.35693],[104.49262,14.37401],[104.54285,14.36039],[104.5628,14.36848],[104.59463,14.41],[104.61044,14.41897],[104.66837,14.40964],[104.69287,14.43398],[104.71286,14.40685],[104.72795,14.40995],[104.77167,14.43987],[104.78826,14.43822],[104.83141,14.41176],[104.86655,14.41377],[104.89818,14.39628],[104.97383,14.38065],[104.97595,14.30112],[105.00773,14.24383],[105.02535,14.22438],[105.04731,14.21407],[105.10142,14.23053],[105.15501,14.33047],[105.18431,14.34574],[105.26859,14.36437],[105.29474,14.39907],[105.3351,14.38571],[105.36766,14.41455],[105.41597,14.42816],[105.43385,14.46793],[105.49545,14.53712],[105.50754,14.56405],[105.51013,14.59358],[105.49576,14.65988],[105.50512,14.73636],[105.4907,14.7638],[105.48915,14.78633],[105.50155,14.82734],[105.52439,14.83724],[105.51778,14.87767],[105.54305,14.8801],[105.55064,14.9023],[105.53416,14.93402],[105.54392,14.95309],[105.58356,14.97759],[105.59307,14.99079],[105.55354,15.00534],[105.52429,15.04596],[105.52088,15.06614],[105.49829,15.06614],[105.47385,15.09063],[105.45194,15.09476],[105.44362,15.11135],[105.4477,15.1553],[105.4631,15.18944],[105.50393,15.23106],[105.56397,15.27253],[105.55803,15.32514],[105.49902,15.32467],[105.48331,15.33452],[105.47747,15.35281],[105.48625,15.3749],[105.55281,15.40203],[105.60428,15.43921],[105.61627,15.52128],[105.64087,15.58331],[105.651,15.6346],[105.64092,15.68199],[105.61291,15.72147],[105.56852,15.74938],[105.52542,15.76348],[105.44796,15.76488],[105.41205,15.79976],[105.36063,15.91939],[105.36249,15.95479],[105.38652,15.98078],[105.41814,15.99474],[105.42207,16.00988],[105.28854,16.04739],[105.23722,16.0508],[105.0793,16.10543],[105.05811,16.12119],[105.03259,16.16527],[105.02974,16.23601],[105.01548,16.27673],[104.90805,16.35337],[104.87947,16.42184],[104.85549,16.45409],[104.76516,16.51134],[104.75452,16.52891],[104.74842,16.57191],[104.75302,16.6148],[104.77901,16.70487],[104.75679,16.79846],[104.7664,16.86817],[104.74966,16.9108],[104.74036,17.00258],[104.80991,17.17167],[104.81834,17.24024],[104.81642,17.37279],[104.78893,17.42896],[104.75679,17.44994],[104.70263,17.5273],[104.4812,17.64042],[104.42229,17.6998],[104.4089,17.7337],[104.35263,17.81933],[104.28757,17.85674],[104.27031,17.874],[104.21088,18.00862],[104.12236,18.09528],[104.06841,18.2154],[104.01864,18.29912],[104.00004,18.31844],[103.97544,18.33067],[103.92929,18.32759],[103.87395,18.28323],[103.85777,18.28648],[103.83209,18.32067],[103.80139,18.33826],[103.69556,18.35322],[103.63861,18.37795],[103.60714,18.4004],[103.5488,18.41541],[103.46994,18.42198],[103.39677,18.44141],[103.30685,18.42567],[103.26076,18.4002],[103.23399,18.35578],[103.24019,18.33599],[103.29042,18.30514],[103.29538,18.28777],[103.27352,18.27607],[103.1682,18.24977],[103.15089,18.2215],[103.13859,18.16672],[103.12666,18.15186],[103.08909,18.13479],[103.09276,18.14119],[103.07131,18.12556],[103.0648,18.09404],[103.07307,18.03552],[103.03793,17.99069],[103.02046,17.98423],[102.95493,18.01213],[102.85272,17.97203],[102.83189,17.95312],[102.77407,17.92273],[102.73738,17.89043],[102.67299,17.86537],[102.66761,17.85007],[102.68291,17.81008],[102.66079,17.81287],[102.59527,17.84082],[102.61232,17.91529],[102.59961,17.95518],[102.56752,17.97084],[102.48204,17.97115],[102.44551,17.97777],[102.41223,17.9942],[102.36639,18.0388],[102.33652,18.03704],[102.30671,18.05146],[102.25658,18.09404],[102.23312,18.12417],[102.19157,18.15207],[102.17193,18.20029],[102.15354,18.2101],[102.0785,18.2138],[101.9043,18.03712],[101.88379,18.03084],[101.79041,18.07357],[101.76576,18.04032],[101.72907,17.91219],[101.6362,17.89483],[101.61987,17.88465],[101.60039,17.85436],[101.57755,17.86811],[101.57052,17.82889],[101.53404,17.80956],[101.55626,17.79215],[101.50272,17.76538],[101.46831,17.72037],[101.45348,17.75101],[101.43203,17.7336],[101.388,17.72931],[101.3819,17.72073],[101.40402,17.71556],[101.38376,17.68492],[101.35731,17.67903],[101.24703,17.59216],[101.20217,17.52317],[101.16672,17.51061],[101.16424,17.49573],[101.13231,17.46167],[101.04931,17.49573],[101.01903,17.52663],[100.98152,17.54761],[100.90193,17.56193],[100.88602,17.57376],[100.88566,17.59588],[100.93294,17.65453],[100.95382,17.6998],[100.96069,17.72559],[100.95857,17.76414],[100.97552,17.77979],[100.96519,17.79762],[100.9948,17.81772],[101.00027,17.83049],[101.00084,17.8848],[101.06616,17.934],[101.11231,18.0113],[101.15753,18.04045],[101.16517,18.05342],[101.14161,18.12396],[101.1628,18.1953],[101.13965,18.21871],[101.12838,18.24573],[101.13014,18.29116],[101.15541,18.32289],[101.14554,18.33625],[101.08228,18.3642],[101.05102,18.39247],[101.0303,18.42779],[101.03562,18.44784],[101.06471,18.47642],[101.07789,18.51042],[101.15535,18.55672],[101.16088,18.5998],[101.19411,18.6168],[101.23473,18.65845],[101.2401,18.67364],[101.23478,18.68948],[101.21127,18.71191],[101.20584,18.73007],[101.22863,18.79562],[101.22491,18.87477],[101.26729,18.93445],[101.28393,18.98148],[101.3264,19.02055],[101.31788,19.05013],[101.23571,19.12811],[101.22677,19.16715],[101.22987,19.2258],[101.20951,19.30942],[101.21127,19.32637],[101.20197,19.33867],[101.17845,19.34662],[101.17236,19.37639],[101.17778,19.41721],[101.19287,19.45279],[101.23824,19.4723],[101.25173,19.49444],[101.25695,19.52279],[101.2462,19.57028],[101.20796,19.58955],[101.15267,19.56837],[101.09582,19.56728],[101.00255,19.61061],[100.87982,19.61358],[100.86504,19.60715],[100.80845,19.53653],[100.753,19.48243],[100.71476,19.51245],[100.63327,19.54217],[100.60702,19.54093],[100.58598,19.52597],[100.56666,19.49563],[100.52061,19.50261],[100.47426,19.52499],[100.46196,19.5371],[100.45555,19.58467],[100.41886,19.63436],[100.40724,19.69994],[100.37917,19.74567],[100.38352,19.76386],[100.42052,19.81045],[100.43142,19.83827],[100.47426,19.86535],[100.48397,19.8807],[100.49266,19.93165],[100.54335,20.06658],[100.55059,20.10653],[100.54867,20.15802],[100.5465,20.16792],[100.52924,20.14973],[100.51281,20.15528],[100.46103,20.19071],[100.4216,20.25019],[100.3644,20.36896],[100.34434,20.38997],[100.30652,20.39969],[100.27024,20.39183],[100.24037,20.37281],[100.22068,20.34899],[100.20916,20.313],[100.16709,20.29261],[100.16771,20.25362],[100.15252,20.23915],[100.13464,20.2391],[100.10296,20.2636],[100.0993,20.3178],[100.05547,20.34419],[100.03615,20.37312],[99.98592,20.38703],[99.94204,20.44402],[99.87791,20.43514],[99.83771,20.41684],[99.80402,20.34899],[99.78717,20.33408],[99.70841,20.32501],[99.65193,20.30682],[99.61803,20.32238],[99.57969,20.32124],[99.5029,20.34522],[99.43996,20.38217],[99.42063,20.37555],[99.46641,20.32217],[99.48626,20.24548],[99.52584,20.19618],[99.51034,20.15381],[99.4414,20.10162],[99.29568,20.0625],[99.23645,20.10273],[99.17775,20.1218],[99.11749,20.11779],[99.07347,20.10123],[99.03647,20.07516],[99.01683,20.041],[99.00587,19.97235],[99.01352,19.93496],[98.99936,19.90773],[99.00877,19.84592],[99.00091,19.82101],[98.97383,19.78807],[98.93508,19.77347],[98.89932,19.74861],[98.88371,19.74546],[98.85188,19.78404],[98.80785,19.80654],[98.74925,19.7635],[98.62378,19.7375],[98.59835,19.70908],[98.54833,19.69265],[98.53262,19.67585],[98.4888,19.70671],[98.4396,19.68774],[98.30731,19.68999],[98.23755,19.66469],[98.21915,19.67699],[98.21326,19.71776],[98.17202,19.73156],[98.11135,19.77714],[98.07291,19.7773],[98.04562,19.80763],[98.02454,19.80298],[98.00459,19.72391],[98.01389,19.66945],[98.00831,19.63911],[97.97948,19.63332],[97.94806,19.60242],[97.88584,19.57281],[97.84863,19.56764],[97.83985,19.55532],[97.84873,19.49398],[97.84212,19.47938],[97.80037,19.44078],[97.76709,19.39753],[97.78311,19.33709],[97.80615,19.3011],[97.7983,19.28141],[97.76802,19.27712],[97.76409,19.2664],[97.80522,19.22735],[97.81256,19.20847],[97.8108,19.11222],[97.78993,19.08258],[97.72781,19.03708],[97.70332,18.96437],[97.65784,18.92572],[97.66187,18.91378],[97.71913,18.86464],[97.72337,18.85198],[97.72037,18.81764],[97.75975,18.62279],[97.74569,18.57106],[97.6903,18.55789],[97.63738,18.55928],[97.61795,18.55316],[97.50953,18.49128],[97.42747,18.48952],[97.41662,18.49603],[97.38892,18.54223],[97.3514,18.55117],[97.3791,18.52078],[97.44307,18.40335],[97.45258,18.33361],[97.48648,18.29214],[97.52834,18.26532],[97.54198,18.28023],[97.56059,18.32826],[97.57382,18.33309],[97.63759,18.30633],[97.64327,18.27302],[97.61795,18.24168],[97.6843,18.1461],[97.69908,18.09065],[97.69422,18.06151],[97.72006,18.05306],[97.75406,17.96903],[97.72006,17.9432],[97.68554,17.88072],[97.69908,17.83333],[97.67614,17.83033],[97.70652,17.79473],[97.71686,17.76977],[97.74962,17.73985],[97.75933,17.69148],[97.93379,17.5318],[97.99167,17.49573],[98.03549,17.40504],[98.04872,17.39155],[98.08872,17.37279],[98.09471,17.35863],[98.09265,17.31223],[98.18618,17.22422],[98.22101,17.20076],[98.25626,17.15162],[98.27899,17.13658],[98.26618,17.11637],[98.26835,17.10774],[98.29439,17.10759],[98.28623,17.08743],[98.29966,17.06475],[98.31331,17.05204],[98.37976,17.04578],[98.4179,17.02904],[98.47454,16.95044],[98.48446,16.90589],[98.50947,16.89267],[98.52456,16.85045],[98.50058,16.86223],[98.49252,16.85742],[98.49004,16.84321],[98.49438,16.83117],[98.52053,16.81412],[98.51753,16.80301],[98.47454,16.77665],[98.45469,16.74099],[98.45666,16.72322],[98.48632,16.701],[98.49841,16.66239],[98.51226,16.64327],[98.54709,16.62012],[98.56156,16.60173],[98.56776,16.5825],[98.56425,16.55196],[98.63163,16.46313],[98.6398,16.44499],[98.62946,16.40267],[98.66326,16.28666],[98.68238,16.27348],[98.6984,16.28495],[98.72827,16.32826],[98.78863,16.37456],[98.8187,16.45564],[98.83958,16.47243],[98.8434,16.43838],[98.88526,16.40618],[98.90252,16.38164],[98.88371,16.25875],[98.84309,16.20873],[98.83544,16.14455],[98.80723,16.11054],[98.78304,16.10243],[98.75845,16.11917],[98.67959,16.12615],[98.65871,16.11628],[98.64414,16.07964],[98.61913,16.05101],[98.59009,16.04579],[98.55588,16.05551],[98.54699,16.0475],[98.58378,15.97696],[98.56859,15.92017],[98.57438,15.83599],[98.54027,15.71196],[98.54368,15.6015],[98.56714,15.45255],[98.569,15.40214],[98.55991,15.35532],[98.53355,15.32596],[98.53024,15.34772],[98.51546,15.36346],[98.47454,15.38348],[98.40343,15.3601],[98.39692,15.35573],[98.39909,15.32178],[98.37749,15.29646],[98.39475,15.28008],[98.39227,15.25824],[98.38524,15.25625],[98.31785,15.28899],[98.28302,15.28997],[98.2329,15.2268],[98.21543,15.21887],[98.17719,15.2206],[98.19073,15.17918],[98.16045,15.10637],[98.1681,15.0827],[98.199,15.05138],[98.20437,15.02957],[98.19114,14.98813],[98.22163,14.92126],[98.22215,14.86426],[98.2391,14.844],[98.23538,14.82455],[98.24334,14.80512],[98.29749,14.72125],[98.41821,14.60756],[98.45283,14.52805],[98.47815,14.51651],[98.54771,14.37768],[98.60145,14.31365],[98.64424,14.29567],[98.67039,14.26792],[98.70698,14.26998],[98.73106,14.2235],[98.75369,14.20012],[98.87234,14.11247],[98.93528,14.08539],[98.94531,14.06914],[98.95296,14.02803],[98.98479,13.99059],[99.00711,13.94964],[99.04763,13.91499],[99.06106,13.88802],[99.08029,13.88156],[99.09,13.87011],[99.0898,13.82665],[99.10116,13.77882],[99.15253,13.71487],[99.15201,13.58196],[99.18788,13.42714],[99.18695,13.32914],[99.17279,13.30092],[99.19015,13.2295],[99.18726,13.21224],[99.17279,13.19951],[99.11408,13.18809],[99.1021,13.17134],[99.10251,13.1044],[99.08835,13.05835],[99.09321,13.03833],[99.15108,12.99479],[99.16483,12.97551],[99.16731,12.95601],[99.15315,12.91355],[99.17527,12.83343],[99.21072,12.79227],[99.21413,12.73465],[99.22446,12.71747],[99.26674,12.70284],[99.27686,12.66558],[99.30973,12.65349],[99.3334,12.62543],[99.39376,12.58978],[99.40327,12.57593],[99.4042,12.50813],[99.38704,12.46591],[99.42063,12.38338],[99.42673,12.30866],[99.45443,12.26726],[99.45556,12.22758],[99.47375,12.18727],[99.472,12.17362],[99.44884,12.14722],[99.45225,12.12939],[99.46631,12.12603],[99.52264,12.14422],[99.54165,12.14066],[99.54579,12.13187],[99.5184,12.02593],[99.55333,12.00552],[99.574,11.97632],[99.55406,11.89504],[99.5614,11.87292],[99.59178,11.84228],[99.62795,11.82538],[99.63002,11.81577],[99.60687,11.72569],[99.54259,11.64048],[99.5307,11.63092],[99.4661,11.62394],[99.44977,11.61376],[99.44058,11.59728],[99.44109,11.53341],[99.42817,11.4969],[99.38704,11.45155],[99.3643,11.37672],[99.31573,11.32081],[99.28844,11.25831],[99.24328,11.19766],[99.21299,11.10826],[99.17506,11.08744],[99.1517,11.04767],[99.07688,10.99651],[99.05507,10.94525],[99.00556,10.95882],[98.99233,10.94796],[98.97962,10.90766],[98.98985,10.86045],[98.97445,10.8242],[98.93404,10.80771],[98.90541,10.81441],[98.89208,10.80851],[98.86821,10.76989],[98.83007,10.76356],[98.76672,10.68875],[98.7479,10.62313],[98.75152,10.61036],[98.77726,10.58323],[98.79038,10.50026],[98.74741,10.35053]]},"properties":{"kind":"country_border"}},{"type":"Feature","geometry":{"type":"LineString","coordinates":[[-2.91291,35.27692],[-2.94305,35.26787],[-2.96377,35.28622],[-2.96692,35.31387],[-2.94782,35.32977]]},"properties":{"kind":"country_border"}},{"type":"Feature","geometry":{"type":"LineString","coordinates":[[100.12729,6.44229],[100.14436,6.47958],[100.1457,6.53952],[100.1672,6.56614],[100.15609,6.62058],[100.16684,6.69512],[100.18756,6.70796],[100.21236,6.68918],[100.2275,6.68887],[100.24265,6.70026],[100.26332,6.70001],[100.28078,6.68892],[100.3292,6.55777],[100.38739,6.52208],[100.46723,6.51322],[100.51741,6.48191],[100.63068,6.44478],[100.64841,6.44715],[100.71285,6.49304],[100.72995,6.4932],[100.73388,6.45638],[100.77326,6.44731],[100.79631,6.43395],[100.80561,6.4148],[100.81072,6.35576],[100.82902,6.31626],[100.82215,6.25988],[100.833,6.23667],[100.85511,6.24791],[100.9101,6.2358],[100.92891,6.24063],[100.95516,6.26864],[100.97428,6.27262],[101.00648,6.24636],[101.02306,6.24099],[101.06895,6.25086],[101.08166,6.24647],[101.09102,6.21316],[101.08916,6.18885],[101.05345,6.15761],[101.05252,6.13456],[101.08714,6.1056],[101.09427,6.08575],[101.07877,5.93817],[101.07112,5.91985],[101.01531,5.89835],[100.96529,5.79241],[100.99862,5.72955],[101.03733,5.72459],[101.05981,5.70958],[101.10544,5.63764],[101.12218,5.62989],[101.14998,5.63865],[101.2123,5.68151],[101.23359,5.71942],[101.24899,5.78699],[101.27969,5.80303],[101.31896,5.81009],[101.39265,5.85109],[101.55791,5.91135],[101.57931,5.90633],[101.60515,5.8661],[101.63409,5.85559],[101.63078,5.82841],[101.65036,5.78265],[101.66592,5.76559],[101.68669,5.7612],[101.72679,5.78647],[101.74002,5.78236],[101.76286,5.74955],[101.78415,5.7381],[101.80048,5.73991],[101.82549,5.77983],[101.85474,5.79766],[101.86921,5.82386],[101.91293,5.85931],[101.91975,5.94026],[101.93474,5.98173],[101.95939,6.0116],[102.06,6.0948],[102.07127,6.12666],[102.06666,6.20475],[102.07311,6.2575]]},"properties":{"kind":"country_border"}},{"type":"Feature","geometry":{"type":"LineString","coordinates":[[12.48216,43.98257],[12.49033,43.93916],[12.46046,43.89526],[12.42945,43.89206],[12.39958,43.90322],[12.38563,43.92453],[12.39565,43.94841],[12.42139,43.96722],[12.48216,43.98257]]},"properties":{"kind":"country_border"}},{"type":"Feature","geometry":{"type":"LineString","coordinates":[[-71.75744,19.71011],[-71.74505,19.6649],[-71.74308,19.60007],[-71.71513,19.53746],[-71.70386,19.41463],[-71.73347,19.35546],[-71.77652,19.3275],[-71.77156,19.30756],[-71.75373,19.28379],[-71.71652,19.24777],[-71.63911,19.21211],[-71.64366,19.15248],[-71.66138,19.11759],[-71.71042,19.08165],[-71.7837,18.99631],[-71.8654,18.96442],[-71.86246,18.94709],[-71.79626,18.95706],[-71.77295,18.92171],[-71.73347,18.88257],[-71.72035,18.76544],[-71.74407,18.71144],[-71.79435,18.67917],[-71.84158,18.61799],[-71.88028,18.6054],[-71.95547,18.61861],[-71.99263,18.61114],[-72.00984,18.59881],[-71.90406,18.48479],[-71.90158,18.46978],[-71.91816,18.44924],[-71.91217,18.43074],[-71.85817,18.41355],[-71.82644,18.37617],[-71.78871,18.35221],[-71.73497,18.33294],[-71.70934,18.31325],[-71.77404,18.20147],[-71.77683,18.18179],[-71.7622,18.13249],[-71.76065,18.0868],[-71.77623,18.03925]]},"properties":{"kind":"country_border"}},{"type":"Feature","geometry":{"type":"LineString","coordinates":[[-90.09819,13.73093],[-90.11431,13.79626],[-90.10698,13.84407],[-90.08708,13.87047],[-90.04737,13.8943],[-90.02298,13.93695],[-89.89079,14.03589],[-89.83586,14.05909],[-89.80296,14.05547],[-89.76227,14.03],[-89.74764,14.03765],[-89.7526,14.07524],[-89.70987,14.14872],[-89.68984,14.17001],[-89.63832,14.20056],[-89.5245,14.23177],[-89.52466,14.24737],[-89.54492,14.26182],[-89.55859,14.30282],[-89.59218,14.31383],[-89.59835,14.32799],[-89.57608,14.35313],[-89.59057,14.38597],[-89.58406,14.40181],[-89.56988,14.41202],[-89.55517,14.41083],[-89.54425,14.40005],[-89.54135,14.38153],[-89.50303,14.42005],[-89.48528,14.42739],[-89.44684,14.41553],[-89.4311,14.41871],[-89.39818,14.44537],[-89.39686,14.42605],[-89.39061,14.43599],[-89.36182,14.41551],[-89.30757,14.40705],[-89.27654,14.39274],[-89.22553,14.38215],[-89.20016,14.36468],[-89.15398,14.3513],[-89.12218,14.39468],[-89.10748,14.39597],[-89.09184,14.37483],[-89.09448,14.34486],[-89.08308,14.33533],[-89.03298,14.32367],[-89.01813,14.27169],[-88.98353,14.24213],[-88.96599,14.19138],[-88.95718,14.18518],[-88.92165,14.19988],[-88.90602,14.19957],[-88.88126,14.1842],[-88.86033,14.15852],[-88.83876,14.10041],[-88.77734,14.09973],[-88.74639,14.11134],[-88.73923,14.09994],[-88.74665,14.05248],[-88.70487,14.03803],[-88.6927,14.02529],[-88.69094,14.01],[-88.63386,14.01447],[-88.5581,13.9909],[-88.50436,13.9837],[-88.49542,13.97514],[-88.50229,13.96894],[-88.49609,13.95569],[-88.50229,13.91711],[-88.48868,13.88135],[-88.488,13.86533],[-88.49682,13.8512],[-88.47015,13.85249],[-88.43323,13.87107],[-88.39295,13.87977],[-88.36011,13.87238],[-88.35507,13.89096],[-88.32621,13.88507],[-88.31926,13.8976],[-88.28543,13.90597],[-88.2636,13.9331],[-88.23637,13.93814],[-88.23159,13.95181],[-88.24438,13.9661],[-88.24536,13.98589],[-88.23507,13.99287],[-88.17753,13.98519],[-88.09904,13.98982],[-88.08754,13.98054],[-88.07289,13.94341],[-88.02364,13.89117],[-88.01532,13.86636],[-87.95478,13.89246],[-87.92533,13.87962],[-87.90011,13.89414],[-87.86091,13.89019],[-87.8329,13.91525],[-87.81789,13.91587],[-87.79061,13.87047],[-87.70361,13.815],[-87.73784,13.73877],[-87.73136,13.72221],[-87.75503,13.68991],[-87.76009,13.61695],[-87.78993,13.53282],[-87.77947,13.50998],[-87.76916,13.50636],[-87.74797,13.51323],[-87.73343,13.5077],[-87.72058,13.48698],[-87.72115,13.46083],[-87.73841,13.44169],[-87.81716,13.40656]]},"properties":{"kind":"country_border"}},{"type":"Feature","geometry":{"type":"LineString","coordinates":[[124.03004,-9.34197],[124.06269,-9.39787],[124.09029,-9.42154],[124.12108,-9.42692],[124.16723,-9.38061],[124.19746,-9.37317],[124.21069,-9.37886],[124.23715,-9.40521],[124.254,-9.4387],[124.25751,-9.50123],[124.31007,-9.48872],[124.33234,-9.4666],[124.32862,-9.43301],[124.34541,-9.40418],[124.34789,-9.37462],[124.40169,-9.33183],[124.42794,-9.29948],[124.4515,-9.20057],[124.45053,-9.18019]]},"properties":{"kind":"country_border"}},{"type":"Feature","geometry":{"type":"LineString","coordinates":[[124.91951,-8.96202],[124.92248,-8.98632],[124.90791,-9.03748],[124.92129,-9.06549],[124.93302,-9.07448],[124.96589,-9.07727],[125.05183,-9.035],[125.06532,-9.02322],[125.07648,-8.99077],[125.08681,-8.98622],[125.13942,-9.02477],[125.16236,-9.06063],[125.145,-9.14518],[125.15389,-9.17577],[125.15063,-9.18538],[125.10697,-9.18848],[125.07395,-9.21132],[125.05968,-9.2105],[125.03452,-9.18817],[125.00723,-9.1861],[124.97447,-9.19189],[124.95793,-9.21194],[124.95411,-9.2415],[124.96599,-9.29339],[125.02341,-9.34558],[125.02377,-9.37472],[125.0463,-9.40986],[125.06163,-9.48577]]},"properties":{"kind":"country_border"}},{"type":"Feature","geometry":{"type":"LineString","coordinates":[[115.02978,4.82064],[115.02278,4.74137],[115.02681,4.66003],[115.07983,4.50396],[115.09182,4.40542],[115.09978,4.39123],[115.16995,4.36126],[115.2207,4.35976],[115.25511,4.33925],[115.27434,4.34002],[115.32436,4.3146],[115.34627,4.31377],[115.36074,4.32956],[115.35826,4.35028],[115.2856,4.43536],[115.27248,4.47466],[115.2669,4.51686],[115.27703,4.61305],[115.27268,4.63677],[115.20737,4.8256],[115.18225,4.86123],[115.1468,4.88562],[115.14617,4.90851]]},"properties":{"kind":"country_border"}},{"type":"Feature","geometry":{"type":"LineString","coordinates":[[10.45381,46.86443],[10.48626,46.84637],[10.52771,46.84321],[10.64708,46.86376],[10.73896,46.82955],[10.74868,46.81944],[10.71695,46.79521],[10.72294,46.78645],[10.75477,46.79076],[10.79508,46.77689],[10.83415,46.78025],[10.87043,46.76407],[10.93089,46.77399],[10.99693,46.76911],[11.05284,46.81492],[11.09191,46.91243],[11.17449,46.96385],[11.31381,46.98726],[11.41117,46.97049],[11.47184,47.00708],[11.52444,46.98835],[11.59648,47.00044],[11.68381,46.99191],[11.73487,46.97062],[11.77714,46.9883],[11.82251,46.99326],[11.89951,47.02772],[11.94364,47.03816],[12.01496,47.04049],[12.11624,47.07656],[12.18063,47.08521],[12.2042,47.07969],[12.20358,47.05333],[12.18228,47.03362],[12.12172,47.01052],[12.11118,46.993],[12.14167,46.92799],[12.12689,46.90887],[12.17216,46.89918],[12.1951,46.88009],[12.25081,46.87562],[12.26662,46.86815],[12.27582,46.84629],[12.2691,46.78857],[12.34269,46.76513],[12.37039,46.71116],[12.40501,46.69012],[12.49989,46.67214],[12.54733,46.65219],[12.62019,46.65648],[12.66959,46.65302],[12.70659,46.63775],[12.73987,46.64299],[12.83041,46.60964],[13.0645,46.59804],[13.14646,46.58496],[13.23111,46.55217],[13.27142,46.55078],[13.37332,46.56579],[13.47802,46.56357],[13.50675,46.54693],[13.54923,46.54584],[13.67026,46.51871],[13.70095,46.51975],[13.67749,46.45208],[13.65878,46.44512],[13.60018,46.44264],[13.53001,46.38833],[13.43409,46.35386],[13.39131,46.30157],[13.36526,46.2903],[13.41012,46.20798],[13.4374,46.21093],[13.42283,46.2286],[13.4683,46.22343],[13.51016,46.21398],[13.55905,46.18411],[13.63739,46.18039],[13.64504,46.16173],[13.61641,46.12504],[13.5051,46.06603],[13.48226,46.04484],[13.49001,46.02556],[13.46179,46.00639],[13.50944,45.96743],[13.60587,45.98541],[13.62282,45.96639],[13.56928,45.86454],[13.56597,45.83033],[13.58127,45.80925],[13.66033,45.79204],[13.70948,45.76532],[13.77872,45.74341],[13.85841,45.64936],[13.89469,45.63184],[13.84776,45.58466],[13.80053,45.58125],[13.76105,45.59624],[13.71176,45.59321]]},"properties":{"kind":"country_border"}},{"type":"Feature","geometry":{"type":"LineString","coordinates":[[7.36575,43.72273],[7.37266,43.74583],[7.40697,43.76351],[7.43745,43.74336]]},"properties":{"kind":"country_border"}},{"type":"Feature","geometry":{"type":"LineString","coordinates":[[32.89308,-26.84612],[32.35222,-26.86027],[32.22302,-26.84136],[32.14318,-26.8457],[32.11388,-26.84001],[32.1174,-26.58225],[32.10706,-26.50029],[32.05983,-26.41482],[32.03988,-26.28367],[32.08143,-26.14879],[32.05745,-26.0412],[32.07058,-26.00978],[32.00402,-25.99438],[31.94924,-25.9581],[31.90584,-25.813],[31.95441,-25.68494],[31.99162,-25.65022],[31.99575,-25.63688],[31.9864,-25.55244],[31.9664,-25.47968],[31.97167,-25.4215],[31.98872,-25.37261],[31.98376,-24.56915],[31.99193,-24.50042],[31.98655,-24.42311],[31.96134,-24.34632],[31.86945,-24.1638],[31.85044,-23.93063],[31.7552,-23.85777],[31.70063,-23.74909],[31.66203,-23.62403],[31.64229,-23.58786],[31.54627,-23.49236],[31.52762,-23.45681],[31.52147,-23.41557],[31.54245,-23.18727],[31.53635,-23.15698],[31.2791,-22.41532],[31.28892,-22.39734]]},"properties":{"kind":"country_border"}},{"type":"Feature","geometry":{"type":"LineString","coordinates":[[3.18097,42.43148],[3.08615,42.42718],[3.05359,42.43764],[3.02961,42.46565],[2.9831,42.46932],[2.96605,42.461],[2.9337,42.47023],[2.90084,42.45126],[2.85081,42.44837],[2.78859,42.41201],[2.70808,42.41289],[2.69041,42.40617],[2.64028,42.37284],[2.66219,42.33902],[2.54809,42.35225],[2.53197,42.33078],[2.51481,42.32566],[2.44557,42.35196],[2.42252,42.38369],[2.37549,42.38933],[2.27741,42.42863],[2.18419,42.41181],[2.13695,42.41622],[2.12104,42.41062],[2.10398,42.38483],[2.06326,42.35791],[2.00921,42.34708],[1.96373,42.36723],[1.92746,42.43689],[1.86979,42.44679],[1.79269,42.48172],[1.71217,42.49371],[1.71062,42.52774],[1.72168,42.54852],[1.73998,42.56164],[1.76509,42.56337],[1.75269,42.57668],[1.71331,42.58955],[1.72199,42.60986],[1.6083,42.61812],[1.54309,42.64936],[1.46681,42.64146],[1.45141,42.60205],[1.4293,42.59539],[1.36108,42.68672],[1.33824,42.69445],[1.34258,42.70866],[1.19593,42.71365],[1.15148,42.70672],[1.13433,42.71597],[1.10673,42.75961],[1.08906,42.77132],[0.98292,42.78036],[0.95026,42.79612],[0.92111,42.78437],[0.8129,42.83162],[0.70676,42.84658],[0.65632,42.83842],[0.65374,42.80269],[0.63968,42.77468],[0.65074,42.76339],[0.63348,42.74478],[0.64764,42.74104],[0.66645,42.71476],[0.65673,42.68799],[0.48352,42.6853],[0.46693,42.69044],[0.40928,42.68225],[0.38928,42.68515],[0.38182,42.70011],[0.35417,42.7175],[0.33603,42.71269],[0.29025,42.67029],[0.27539,42.66869],[0.23836,42.71037],[0.16917,42.72646],[-0.03893,42.68515],[-0.11903,42.71685],[-0.12311,42.73036],[-0.15779,42.7607],[-0.16141,42.79535],[-0.20835,42.78388],[-0.23515,42.78623],[-0.24703,42.80483],[-0.32279,42.8425],[-0.33517,42.82496],[-0.35168,42.82925],[-0.42392,42.79067],[-0.45446,42.78891],[-0.50841,42.80749],[-0.53389,42.80801],[-0.53565,42.78421],[-0.56903,42.77264],[-0.57869,42.77734],[-0.58293,42.79584],[-0.61016,42.79909],[-0.60949,42.81144],[-0.6483,42.84979],[-0.70039,42.87643],[-0.73011,42.87751],[-0.74029,42.8848],[-0.74091,42.9109],[-0.75966,42.9465],[-0.78643,42.95327],[-0.86353,42.94306],[-0.94322,42.9479],[-0.98146,42.95704],[-1.02849,42.98671],[-1.0797,42.9934],[-1.11241,43.00825],[-1.14993,43.00572],[-1.2169,43.03926],[-1.29369,43.0552],[-1.31508,43.08288],[-1.28604,43.10918],[-1.30862,43.11357],[-1.34826,43.09308],[-1.36614,43.03332],[-1.41053,43.03091],[-1.45714,43.04507],[-1.48784,43.08182],[-1.42577,43.13528],[-1.39968,43.20674],[-1.4035,43.24333],[-1.43223,43.26501],[-1.46639,43.26077],[-1.50809,43.27677],[-1.55905,43.28408],[-1.57398,43.27744],[-1.58757,43.2516],[-1.62189,43.247],[-1.63904,43.25568],[-1.64504,43.29237],[-1.65491,43.29754],[-1.68302,43.30493],[-1.74736,43.291],[-1.75578,43.31855],[-1.79691,43.34113],[-1.79407,43.38602]]},"properties":{"kind":"country_border"}},{"type":"Feature","geometry":{"type":"LineString","coordinates":[[1.96797,42.4857],[1.9995,42.4439],[1.96063,42.44372],[1.94751,42.45123],[1.94565,42.46382],[1.96797,42.4857]]},"properties":{"kind":"country_border"}},{"type":"Feature","geometry":{"type":"LineString","coordinates":[[1.4293,42.59539],[1.41803,42.56983],[1.4263,42.5618],[1.40646,42.52924],[1.42899,42.53146],[1.44656,42.51989],[1.44997,42.50407],[1.40759,42.48676],[1.4479,42.43465],[1.51663,42.4295],[1.54443,42.45036],[1.63952,42.46643],[1.65399,42.49653],[1.68634,42.49061],[1.70701,42.50278]]},"properties":{"kind":"country_border"}},{"type":"Feature","geometry":{"type":"LineString","coordinates":[[70.95896,40.23837],[70.84971,40.23377],[70.70719,40.20018],[70.62213,40.19956],[70.58182,40.22173],[70.55061,40.31046],[70.52405,40.34374],[70.50193,40.35082],[70.44219,40.34333],[70.37139,40.36493],[70.38493,40.39971],[70.35703,40.4304],[70.35382,40.45614],[70.36964,40.47552],[70.39935,40.49019],[70.4778,40.50549],[70.52549,40.55711],[70.56931,40.57044],[70.61717,40.61194],[70.70724,40.66899],[70.7321,40.67499],[70.75618,40.69514],[70.76713,40.73762],[70.72889,40.75446],[70.63742,40.77059],[70.62177,40.78599],[70.61934,40.8032],[70.62874,40.81586],[70.64869,40.81751],[70.70316,40.78893],[70.70512,40.80743],[70.4457,41.02592],[70.40116,41.03998],[70.36354,41.03243],[70.33589,40.92696],[70.28039,40.87771],[70.20799,40.84459],[70.10423,40.81332],[70.00966,40.75803],[69.80332,40.70563],[69.71769,40.63628],[69.69092,40.63003],[69.66012,40.63871],[69.50922,40.77467],[69.47729,40.77705],[69.43584,40.80268],[69.41776,40.80423],[69.35507,40.78035],[69.3142,40.7293],[69.30717,40.69933],[69.30934,40.59582],[69.29497,40.58915],[69.23425,40.58528],[69.19844,40.56652],[69.19803,40.54585],[69.23834,40.49396],[69.25973,40.43764],[69.3127,40.34281],[69.30531,40.29382],[69.27311,40.28958],[69.23462,40.30085],[69.20836,40.29832],[69.2125,40.26876],[69.28526,40.21863],[69.28526,40.19496],[69.24769,40.18173],[69.19793,40.18297],[69.01923,40.23207],[68.85655,40.21274],[68.80188,40.19114],[68.69832,40.19496],[68.60199,40.17543],[68.58112,40.16422],[68.60695,40.14231],[68.68705,40.11032],[68.93066,40.1468],[68.97727,40.12101],[68.98543,40.07714],[68.97727,40.06489],[68.95453,40.06205],[68.88177,40.07084],[68.81314,40.0389],[68.7747,40.07988],[68.76172,40.06148],[68.78503,40.03394],[68.78937,39.99399],[68.87743,39.90056],[68.88079,39.87834],[68.83826,39.86465],[68.81537,39.89188],[68.77976,39.96945],[68.75888,39.98056],[68.75201,39.97276],[68.75558,39.95405],[68.78761,39.89576],[68.78736,39.8817],[68.77521,39.86253],[68.75754,39.85752],[68.74162,39.81964],[68.68509,39.86801],[68.65109,39.8447],[68.62618,39.84961],[68.61584,39.82811],[68.60034,39.64285],[68.56293,39.60358],[68.52024,39.58255],[68.5067,39.56756],[68.51745,39.54844],[68.43627,39.5288],[68.33756,39.52792],[68.25586,39.55056],[68.10621,39.55412],[67.76452,39.6226],[67.7176,39.62337],[67.68045,39.61412],[67.58738,39.56265],[67.50743,39.55294],[67.48764,39.538],[67.49116,39.4901],[67.47741,39.48441],[67.43648,39.4857],[67.42728,39.47661],[67.38687,39.29419],[67.36062,39.29176],[67.34646,39.28081],[67.35008,39.21983],[67.37819,39.19949],[67.49901,39.16598],[67.58035,39.16361],[67.61983,39.15125],[67.63771,39.13154],[67.66758,39.13177],[67.67859,39.10593],[67.66722,39.02837],[67.67223,39.00377],[67.69052,38.98961],[67.84524,38.97377],[67.96327,39.00191],[68.00337,38.98212],[68.01981,38.97969],[68.06911,38.9961],[68.08564,38.99377],[68.10094,38.97928],[68.16373,38.88747],[68.17256,38.84528],[68.13597,38.80451],[68.06673,38.78797],[68.06332,38.76632],[68.07593,38.72686],[68.04549,38.70671],[68.03763,38.69164],[68.05371,38.63594],[68.05515,38.53631],[68.08688,38.49403],[68.10755,38.41828],[68.14672,38.38874],[68.20083,38.32169],[68.25266,38.29875],[68.33204,38.24299],[68.35622,38.2126],[68.36066,38.17405],[68.31953,38.06021],[68.28057,38.01324],[68.24873,37.94895],[68.21773,37.93608],[68.13995,37.9227],[68.12223,37.90833],[68.07965,37.80627],[68.05019,37.76041],[67.97733,37.67974],[67.87186,37.5868],[67.82922,37.52794],[67.80122,37.46645],[67.79734,37.42444],[67.82065,37.30331],[67.80395,37.23344],[67.78054,37.18887],[67.776,37.20755],[67.74659,37.22941],[67.6775,37.23354],[67.63316,37.25406],[67.59229,37.24718],[67.56138,37.2199],[67.545,37.23153],[67.52614,37.27289],[67.50315,37.28196],[67.48237,37.27736],[67.39116,37.21959],[67.31959,37.20843],[67.28145,37.18866],[67.25913,37.18515],[67.23675,37.19241],[67.20797,37.24346],[67.18782,37.25824],[67.12332,37.28196],[67.09738,37.34059],[67.00591,37.38439],[66.95765,37.38521],[66.86577,37.36793],[66.73498,37.3633],[66.6941,37.34341],[66.65467,37.34615],[66.58858,37.36847],[66.53902,37.36909],[66.5029,37.35565],[66.45106,37.32294],[66.4135,37.34963],[66.32069,37.32914],[66.29443,37.33121],[66.21847,37.3748],[66.16307,37.37689],[66.14292,37.38506],[66.07967,37.44087],[65.85518,37.50794],[65.82909,37.52562],[65.80433,37.56531],[65.76144,37.57838],[65.75266,37.53786],[65.73943,37.52905],[65.68103,37.52639],[65.65871,37.51027],[65.62099,37.4304],[65.62889,37.38754],[65.62409,37.34514],[65.53686,37.25711],[65.50141,37.24228],[65.06309,37.23323],[64.98909,37.21367],[64.77876,37.11805],[64.76016,37.09262],[64.75561,37.05363],[64.77876,36.93847],[64.76522,36.90462],[64.60482,36.66055],[64.5888,36.60045],[64.61051,36.50093],[64.59438,36.42419],[64.57666,36.38961],[64.4777,36.27164],[64.44457,36.24998],[64.33724,36.22596],[64.30365,36.21154],[64.26613,36.15247],[64.19591,36.16591],[64.1587,36.16027],[64.05726,36.10524],[64.03623,36.0764],[64.04511,35.99873],[63.94998,36.02886],[63.88983,36.02964],[63.85985,36.02209],[63.76591,35.97729],[63.58209,35.95905],[63.56344,35.95062],[63.51109,35.90184],[63.43022,35.87104],[63.34293,35.85626],[63.10409,35.85647],[63.08863,35.84339],[63.0844,35.82608],[63.11204,35.76991],[63.17726,35.71689],[63.21441,35.69927],[63.2077,35.6832],[63.1799,35.66645],[63.10316,35.64604],[63.07665,35.6247],[63.07737,35.55876],[63.10073,35.52496],[63.08021,35.43706],[63.06683,35.42559],[62.98528,35.41458],[62.91821,35.38818],[62.82757,35.32932],[62.76049,35.30245],[62.69362,35.24839],[62.60453,35.2194],[62.56619,35.23077],[62.53549,35.22736],[62.45891,35.28188],[62.43188,35.28064],[62.39932,35.25594],[62.30202,35.14752],[62.2862,35.14065],[62.25096,35.20235],[62.25122,35.26038],[62.2337,35.29376],[62.21902,35.30627],[62.13634,35.34136],[62.00746,35.43892],[61.97775,35.45091],[61.91935,35.45184],[61.79905,35.41748],[61.73962,35.41376],[61.60475,35.4306],[61.5387,35.45231],[61.4277,35.54284],[61.39318,35.55359],[61.38026,35.56734],[61.38347,35.58646],[61.35153,35.60713],[61.36094,35.62103],[61.35153,35.6278],[61.33572,35.6309],[61.26968,35.6185],[61.29004,35.54806],[61.28384,35.52729],[61.24704,35.48507],[61.22182,35.42425],[61.19505,35.39009],[61.19505,35.3181],[61.1871,35.30038],[61.16787,35.29139],[61.12271,35.28767],[61.10834,35.27795],[61.10245,35.25666],[61.10235,35.2256],[61.11237,35.20204],[61.09635,35.1932],[61.13986,35.13967],[61.13676,35.11119],[61.14731,35.1021],[61.11589,35.05988],[61.09201,34.96148],[61.07475,34.93311],[61.07775,34.88304],[61.06545,34.81472],[61.03475,34.80625],[61.00964,34.76098],[60.95993,34.7232],[60.96199,34.67375],[60.95796,34.64941],[60.94752,34.63799],[60.89544,34.62833],[60.83849,34.57091],[60.79405,34.55412],[60.73927,34.54802],[60.71436,34.53743],[60.69968,34.5164],[60.71891,34.51115],[60.74278,34.47345],[60.77937,34.45508],[60.89047,34.31891],[60.64367,34.30664],[60.65059,34.28535],[60.63499,34.27122],[60.58744,34.25026],[60.55241,34.22006],[60.52088,34.18613],[60.49277,34.13903],[60.48678,34.09428],[60.52802,33.84145],[60.52585,33.80215],[60.49494,33.74412],[60.48688,33.71138],[60.51179,33.63839],[60.57483,33.5878],[60.65555,33.55989],[60.84603,33.55578],[60.89512,33.54113],[60.92086,33.51411],[60.91207,33.50152],[60.84986,33.49436],[60.83218,33.48449],[60.82908,33.41628],[60.75705,33.36634],[60.5676,33.15129],[60.5615,33.13731],[60.56295,33.05827],[60.57752,32.99434],[60.83032,32.24889],[60.82826,32.16744],[60.81482,32.08786],[60.77493,32.02719],[60.7926,32.01128],[60.78402,31.98926],[60.79673,31.93676],[60.79146,31.82653],[60.80531,31.73398],[60.7926,31.66008],[60.82174,31.49467],[60.85502,31.48273],[61.66118,31.38191],[61.68691,31.37318],[61.74231,31.32088],[61.74923,31.30238],[61.74272,31.23954],[61.78768,31.15862],[61.79181,31.11893],[61.82148,31.05449],[61.82644,31.01496],[61.80019,30.96142],[61.80835,30.88142],[61.79988,30.8715],[61.80225,30.84706],[60.84438,29.85818],[62.27943,29.45149],[62.37447,29.42487],[62.47751,29.40782],[63.56861,29.49748],[63.97199,29.42957],[64.08609,29.38661],[64.11338,29.39629],[64.1726,29.4843],[64.20774,29.49998],[64.4777,29.57037],[64.82031,29.56789],[64.98661,29.54156],[65.03637,29.54016],[66.19563,29.83534],[66.27521,29.88515],[66.32244,29.94655],[66.34053,29.95657],[66.22524,30.04442],[66.2193,30.05786],[66.23635,30.1116],[66.30529,30.24477],[66.30301,30.30528],[66.32182,30.43737],[66.31376,30.4783],[66.28193,30.51814],[66.26493,30.55783],[66.26798,30.60139],[66.36626,30.92287],[66.39231,30.94462],[66.55003,30.97697],[66.66309,31.08312],[66.69699,31.19582],[66.72128,31.21029],[66.75952,31.21479],[66.83848,31.27701],[66.94328,31.31473],[67.00209,31.31587],[67.01682,31.30915],[67.0239,31.2953],[67.02597,31.27303],[67.01387,31.25267],[67.02286,31.23939],[67.07847,31.23205],[67.13676,31.24109],[67.21376,31.21226],[67.3462,31.20776],[67.4339,31.23608],[67.49333,31.24295],[67.58366,31.26522],[67.6928,31.32522],[67.76473,31.33406],[67.77507,31.35276],[67.77036,31.39467],[67.73429,31.40475],[67.65115,31.39529],[67.61146,31.4108],[67.59699,31.42568],[67.5911,31.4648],[67.55611,31.51219],[67.56898,31.52986],[67.66546,31.51813],[67.69631,31.52082],[67.78116,31.56417],[67.84271,31.6235],[67.87067,31.63518],[67.9147,31.63135],[67.96606,31.63822],[67.99407,31.66344],[68.04657,31.6884],[68.06048,31.72556],[68.0935,31.75155],[68.13856,31.82467],[68.15913,31.82591],[68.20682,31.80788],[68.25504,31.76638],[68.35606,31.76251],[68.49802,31.72525],[68.53683,31.74101],[68.5498,31.75352],[68.5406,31.76251],[68.43957,31.76659],[68.42221,31.77315],[68.41875,31.78302],[68.5051,31.82266],[68.52748,31.82297],[68.56107,31.81181],[68.61946,31.78349],[68.67579,31.7747],[68.69491,31.75636],[68.70545,31.70127],[68.77728,31.61859],[68.80384,31.60257],[68.84353,31.6065],[68.94099,31.64365],[68.97727,31.64148],[69.04011,31.67311],[69.11431,31.73775],[69.22376,31.88193],[69.30479,31.94694],[69.27063,32.03598],[69.25105,32.13065],[69.2681,32.30134],[69.228,32.4213],[69.23286,32.46267],[69.25157,32.50055],[69.28195,32.5328],[69.36122,32.56848],[69.42603,32.65509],[69.41466,32.72557],[69.38324,32.74446],[69.37631,32.77188],[69.47729,32.85683],[69.48721,32.88587],[69.4685,32.99429],[69.48773,33.02837],[69.51419,33.05669],[69.54752,33.07501],[69.64069,33.08423],[69.66777,33.077],[69.68601,33.08077],[69.73298,33.1093],[69.77184,33.11478],[69.83871,33.08666],[69.88093,33.08925],[69.95581,33.12769],[69.99472,33.12733],[70.01452,33.14077],[70.048,33.19407],[70.05979,33.19805],[70.10536,33.18981],[70.12479,33.19903],[70.29445,33.31895],[70.30158,33.35179],[70.28571,33.38287],[70.233,33.43261],[70.22045,33.45602],[70.17761,33.47341],[70.15497,33.50661],[70.15301,33.54475],[70.17409,33.63211],[70.13255,33.66143],[70.11813,33.71652],[70.10815,33.7273],[70.06557,33.72102],[69.95752,33.7527],[69.89876,33.8515],[69.88543,33.88946],[69.84719,33.92695],[69.84109,33.94181],[69.87199,33.97152],[69.87261,34.01723],[69.88925,34.03121],[69.91602,34.03888],[70.00284,34.04379],[70.21885,33.98069],[70.27559,33.97617],[70.32819,33.95728],[70.40896,33.95441],[70.52198,33.9387],[70.65618,33.95475],[70.79132,33.95356],[70.86222,33.96478],[70.88433,34.00705],[70.93973,34.00092],[70.95399,34.00482],[70.97715,34.02741],[71.0467,34.04188],[71.06262,34.05425],[71.06277,34.10531],[71.10809,34.16523],[71.09709,34.26246],[71.12639,34.33222],[71.12205,34.35682],[71.05094,34.38979],[70.99151,34.44307],[70.96123,34.48761],[70.95699,34.532],[70.96867,34.54973],[70.98583,34.55619],[71.04753,34.55112],[71.06582,34.55846],[71.07988,34.6029],[71.07016,34.66124],[71.0806,34.67292],[71.20307,34.74816],[71.25563,34.81023],[71.28948,34.87503],[71.32493,34.89756],[71.46957,34.9497],[71.48538,34.9835],[71.51132,35.00872],[71.50895,35.07202],[71.53499,35.09858],[71.60414,35.13817],[71.63793,35.18969],[71.63369,35.20312],[71.60321,35.22338],[71.52982,35.3009],[71.53158,35.32792],[71.62088,35.41014],[71.62243,35.42962],[71.58781,35.47091],[71.58171,35.49313],[71.59349,35.54936],[71.56786,35.57421],[71.49272,35.60956],[71.48332,35.62656],[71.51401,35.66558],[71.51536,35.70149],[71.47556,35.74102],[71.47091,35.77994],[71.43102,35.8437],[71.37133,35.88515],[71.36069,35.90029],[71.3564,35.93305],[71.34157,35.94726],[71.25744,35.97155],[71.23191,35.99398],[71.17093,36.027],[71.16592,36.04571],[71.20762,36.08762],[71.22307,36.12539],[71.30209,36.16332],[71.31914,36.20058],[71.38244,36.21857],[71.40275,36.23138],[71.47908,36.30052],[71.55835,36.32786],[71.54223,36.35639],[71.54719,36.37163],[71.58036,36.40233],[71.61044,36.45793],[71.6493,36.45276],[71.70687,36.42145],[71.73632,36.39592],[71.751,36.39111],[71.78263,36.39654],[71.79441,36.4076],[71.77456,36.44842],[71.77322,36.48005],[71.79379,36.49075],[71.87471,36.49907],[71.97703,36.56304],[72.03884,36.58046],[72.05496,36.59286],[72.05041,36.61864],[72.05909,36.62712],[72.17165,36.65363],[72.14963,36.68934],[72.15346,36.7021],[72.21361,36.72644],[72.38734,36.75579],[72.45411,36.75796],[72.51674,36.8006],[72.56521,36.8206],[72.6296,36.83295],[72.69585,36.83672],[72.77936,36.8268],[72.86773,36.83041],[72.94586,36.85222],[72.99051,36.84158],[73.0425,36.86426],[73.19184,36.87703],[73.2675,36.86654],[73.33178,36.88209],[73.37974,36.87925],[73.44588,36.88648],[73.50934,36.87868],[73.64008,36.89664],[73.77289,36.89201],[73.86508,36.87258],[73.94694,36.83088],[74.00637,36.81574],[74.0353,36.81558],[74.09432,36.83124],[74.10393,36.84132],[74.1153,36.88953],[74.12967,36.89842],[74.21173,36.89514],[74.23571,36.90217],[74.39404,36.99402],[74.45698,37.00438],[74.48034,36.99692],[74.52137,36.95849],[74.53739,36.96224],[74.54742,37.01567],[74.5192,37.03025],[74.47662,37.08314],[74.38257,37.12657],[74.36614,37.14776],[74.36831,37.16706],[74.38226,37.17205],[74.42029,37.16807],[74.45667,37.17732],[74.48727,37.22595],[74.50008,37.23163],[74.59,37.24336],[74.60902,37.23018],[74.62328,37.2308],[74.65098,37.25964],[74.6763,37.26372],[74.72146,37.29778],[74.73738,37.29612],[74.78327,37.21967],[74.79402,37.21393],[74.89231,37.23111],[74.91267,37.23899],[74.93292,37.27251],[74.95153,37.28129],[75.06842,37.31214],[75.0771,37.32421],[75.07958,37.36123],[75.09178,37.37844],[75.16412,37.40064],[75.10397,37.44061],[75.05343,37.49384],[74.94522,37.54856],[74.89189,37.5992],[74.88218,37.63442],[74.88611,37.65347],[74.92362,37.69532],[74.93189,37.72157],[74.96517,37.76746],[74.96145,37.78547],[74.94925,37.79532],[74.8984,37.81759],[74.88611,37.83056],[74.88321,37.84387],[74.9137,37.88084],[74.89076,37.89771],[74.89282,37.99401],[74.88042,38.02166],[74.80993,38.05321],[74.79071,38.08145],[74.77128,38.19627],[74.77107,38.29154],[74.7843,38.32567],[74.82668,38.36322],[74.84414,38.39776],[74.83577,38.45517],[74.82616,38.46964],[74.76033,38.51998],[74.69645,38.52398],[74.64612,38.56111],[74.47662,38.61206],[74.3342,38.66699],[74.31343,38.66922],[74.22144,38.64971],[74.12336,38.66948],[74.09504,38.64576],[74.0844,38.61403],[74.03727,38.59847],[74.0381,38.57922],[74.05877,38.54703],[74.04554,38.53041],[74.0289,38.52724],[73.93288,38.52966],[73.8871,38.55904],[73.8164,38.58659],[73.79739,38.60284],[73.77227,38.67462],[73.73641,38.72167],[73.73589,38.80042],[73.6837,38.85494],[73.6808,38.87298],[73.71718,38.91858],[73.73992,38.92693],[73.80958,38.93266],[73.82395,38.94494],[73.82612,38.9769],[73.81599,38.99377],[73.76865,39.02992],[73.70933,39.06547],[73.67378,39.14262],[73.6314,39.1751],[73.60784,39.20732],[73.60226,39.23577],[73.6438,39.35129],[73.63264,39.44834]]},"properties":{"kind":"country_border"}},{"type":"Feature","geometry":{"type":"LineString","coordinates":[[74.89231,37.23111],[74.86264,37.2446],[74.81686,37.30692],[74.78854,37.33116],[74.66038,37.39397],[74.63144,37.38108],[74.52117,37.3756],[74.45481,37.39364],[74.41833,37.38919],[74.37813,37.39377],[74.34381,37.421],[74.32087,37.41389],[74.3156,37.42692],[74.30382,37.40017],[74.22392,37.40335],[74.2077,37.38992],[74.20604,37.35565],[74.18765,37.33839],[74.05215,37.31225],[73.89929,37.26548],[73.83625,37.25675],[73.79821,37.22853],[73.74612,37.23055],[73.70923,37.21701],[73.68049,37.24246],[73.61766,37.23318],[73.60164,37.24088],[73.5973,37.26181],[73.63099,37.29599],[73.69042,37.30522],[73.7391,37.33834],[73.75346,37.42839],[73.6745,37.43105],[73.48526,37.48097],[73.44061,37.47994],[73.37839,37.45255],[73.34501,37.46448],[73.29633,37.46495],[73.26026,37.45004],[73.21148,37.40826],[73.17024,37.40826],[73.1321,37.38439],[73.08777,37.32607],[73.06751,37.31506],[72.99557,37.3093],[72.92426,37.27483],[72.90225,37.2538],[72.83052,37.23977],[72.79073,37.22026],[72.76096,37.1875],[72.65771,37.02883],[72.50868,37.01108],[72.47499,36.99748],[72.40595,37.00766],[72.36099,37.00027],[72.25981,36.96731],[72.22033,36.94555],[72.18684,36.91139],[72.15284,36.89571],[72.12669,36.87274],[71.83658,36.69916],[71.74852,36.67864],[71.65302,36.68701],[71.61106,36.70484],[71.57737,36.73326],[71.55287,36.76959],[71.52848,36.85615],[71.46306,36.94808],[71.45996,37.01074],[71.43112,37.06699],[71.43319,37.12735],[71.45376,37.19261],[71.45014,37.21667],[71.48704,37.26705],[71.49386,37.30754],[71.48714,37.40909],[71.51122,37.48588],[71.49717,37.56655],[71.50151,37.61034],[71.52207,37.63763],[71.54254,37.71956],[71.52951,37.76113],[71.53778,37.77904],[71.57468,37.798],[71.59029,37.81573],[71.59029,37.89144],[71.59773,37.89836],[71.56734,37.92807],[71.53706,37.94446],[71.5012,37.94621],[71.37919,37.91293],[71.34115,37.8933],[71.28183,37.925],[71.25827,37.92647],[71.25578,37.94988],[71.27263,37.99799],[71.3024,38.04233],[71.35909,38.1841],[71.36451,38.20682],[71.35816,38.25126],[71.33438,38.28066],[71.2177,38.32583],[71.1174,38.39864],[71.07698,38.41218],[71.0498,38.40866],[71.00856,38.45858],[70.97404,38.47367],[70.95074,38.47305],[70.94345,38.46595],[70.94676,38.44324],[70.93622,38.433],[70.871,38.45321],[70.84304,38.44016],[70.77726,38.44647],[70.76109,38.44352],[70.74181,38.41944],[70.68331,38.41458],[70.66486,38.40541],[70.68476,38.38665],[70.64135,38.3542],[70.60001,38.34707],[70.58306,38.27508],[70.5472,38.26265],[70.4703,38.12052],[70.41537,38.09452],[70.32628,38.01127],[70.29378,37.99611],[70.28375,37.98187],[70.25393,37.97339],[70.25016,37.95562],[70.26153,37.93929],[70.21471,37.92926],[70.19223,37.93288],[70.17213,37.94608],[70.1605,37.92066],[70.16521,37.88991],[70.196,37.83991],[70.24034,37.82756],[70.24716,37.81917],[70.25652,37.7918],[70.27512,37.77418],[70.26959,37.76263],[70.28308,37.70483],[70.27512,37.67548],[70.25357,37.65458],[70.2483,37.62334],[70.24096,37.61714],[70.21647,37.61714],[70.19941,37.57928],[70.15787,37.54143],[70.12913,37.53228],[70.06919,37.5452],[70.0417,37.54885],[70.048,37.54143],[70.00759,37.54885],[69.98951,37.56732],[69.9554,37.57549],[69.91881,37.61714],[69.89525,37.61817],[69.80223,37.58151],[69.75427,37.59667],[69.66498,37.57616],[69.52865,37.58603],[69.50866,37.57897],[69.49145,37.53699],[69.42541,37.49425],[69.41171,37.47252],[69.38448,37.45327],[69.37838,37.43741],[69.37704,37.38067],[69.3912,37.37069],[69.38644,37.34152],[69.41791,37.26767],[69.40985,37.24566],[69.4452,37.23641],[69.44215,37.22362],[69.40773,37.17747],[69.32391,37.12099],[69.24567,37.10389],[69.12361,37.16921],[69.09643,37.21303],[69.03577,37.25158],[69.02104,37.28796],[68.98523,37.32036],[68.96543,37.32914],[68.88787,37.33814],[68.8903,37.32294],[68.91763,37.30243],[68.91582,37.27907],[68.8903,37.28196],[68.85676,37.32491],[68.83583,37.32914],[68.81381,37.32341],[68.8102,37.31209],[68.82203,37.28196],[68.82038,37.25091],[68.75961,37.27525],[68.66886,37.27829],[68.65755,37.26767],[68.67124,37.24718],[68.64861,37.24437],[68.6269,37.20626],[68.55145,37.19261],[68.52386,37.16466],[68.40371,37.15164],[68.41802,37.12828],[68.41146,37.11337],[68.39188,37.10544],[68.36583,37.10321],[68.30728,37.11422],[68.28832,37.10321],[68.28077,37.08665],[68.28832,37.02441],[68.27778,37.01007],[68.21256,37.02126],[68.18641,37.01831],[68.05495,36.93465],[68.02022,36.92568],[67.96183,36.98994],[67.91842,37.01381],[67.87811,37.06443],[67.80804,37.08324],[67.77305,37.10998],[67.78054,37.18887]]},"properties":{"kind":"country_border"}},{"type":"Feature","geometry":{"type":"LineString","coordinates":[[28.57838,43.74128],[28.43457,43.73521],[28.22125,43.76198],[28.01481,43.83004],[27.98101,43.84934],[27.93584,43.9644],[27.91207,43.99334],[27.85647,43.98863],[27.78733,43.96042],[27.7217,43.94874],[27.65628,44.02388],[27.63343,44.02977],[27.57452,44.01628],[27.38384,44.01509],[27.34167,44.05307],[27.28534,44.07245],[27.26431,44.08976],[27.26901,44.1124],[27.25113,44.12237],[27.22674,44.12072],[27.10024,44.14449],[27.02748,44.17705],[27.00153,44.16511],[26.88413,44.15653],[26.78945,44.11596],[26.75369,44.10811],[26.70868,44.10811],[26.61417,44.08486],[26.31052,44.05261],[26.23145,44.02749],[26.15073,44.01241],[26.11621,43.99887],[26.07932,43.96905],[26.05431,43.93432],[25.934,43.87032],[25.8693,43.80089],[25.80626,43.76366],[25.78114,43.73201],[25.7396,43.71893],[25.67138,43.71736],[25.6165,43.68775],[25.55656,43.67036],[25.46742,43.66775],[25.40313,43.65005],[25.35962,43.65429],[25.25234,43.70465],[25.21131,43.71188],[25.0816,43.71893],[24.96367,43.7496],[24.75263,43.7388],[24.7056,43.74377],[24.50014,43.7995],[24.46634,43.80242],[24.4312,43.79418],[24.35823,43.76002],[24.15938,43.75294],[23.79992,43.81846],[23.74287,43.8427],[23.72075,43.84583],[23.63611,43.83216],[23.5927,43.83743],[23.4847,43.8806],[23.32515,43.88659],[23.23448,43.8773],[23.13185,43.84794],[22.91956,43.83422],[22.88876,43.83952],[22.86344,43.85541],[22.85104,43.87435],[22.85052,43.89699],[22.88587,43.99453],[23.02302,44.03163],[23.04007,44.06232],[23.03098,44.09307],[22.90644,44.12289],[22.69164,44.22843],[22.64878,44.21399],[22.6062,44.17457],[22.5971,44.11907],[22.60475,44.07938],[22.59297,44.06393],[22.53416,44.05716],[22.50367,44.0199],[22.43432,44.01396],[22.41179,44.00693],[22.39959,43.99334],[22.39453,43.93634],[22.37903,43.9135],[22.37706,43.88352],[22.34947,43.80792],[22.36259,43.78084],[22.38853,43.75829],[22.38605,43.7255],[22.40486,43.68718],[22.46626,43.64912],[22.48197,43.59946],[22.47845,43.55923],[22.51886,43.47425],[22.56578,43.45334],[22.59627,43.42916],[22.63782,43.42637],[22.66469,43.39673],[22.70293,43.39404],[22.73301,43.38151],[22.80453,43.32898],[22.82696,43.28139],[22.8838,43.23059],[22.91553,43.21225],[22.98137,43.19899],[22.98457,43.17463],[22.95563,43.10827],[22.93527,43.08556],[22.90168,43.06975],[22.88422,43.03665],[22.82902,42.9935],[22.77642,42.97973],[22.72702,42.88689],[22.66624,42.87193],[22.5909,42.88689],[22.56361,42.88428],[22.53757,42.86834],[22.50605,42.87012],[22.4274,42.81362],[22.45313,42.76359],[22.4829,42.73378],[22.44207,42.68169],[22.4492,42.66797],[22.42533,42.57285],[22.51214,42.51919],[22.53654,42.47839],[22.50884,42.40493],[22.46977,42.3917],[22.42398,42.32589],[22.34502,42.31344],[22.30761,42.31933],[22.27691,42.34124],[22.26885,42.37033],[22.2334,42.34889],[22.09553,42.30582],[22.02763,42.30396],[21.92903,42.33512],[21.88438,42.30951],[21.8172,42.30514],[21.67695,42.23494],[21.56407,42.24629]]},"properties":{"kind":"country_border"}},{"type":"Feature","geometry":{"type":"LineString","coordinates":[[70.48374,39.88222],[70.61991,39.8507],[70.69892,39.85845],[70.70481,39.82207],[70.63298,39.79845],[70.58161,39.76657],[70.53738,39.81731],[70.49015,39.85018],[70.48374,39.88222]]},"properties":{"kind":"country_border"}},{"type":"Feature","geometry":{"type":"LineString","coordinates":[[22.91698,41.33577],[22.94085,41.34983],[22.93734,41.41076],[22.9546,41.43241],[22.94623,41.45323],[22.94871,41.56098],[22.93207,41.59795],[22.9361,41.62617],[22.94581,41.64108],[22.967,41.64705],[22.99863,41.69312],[23.00886,41.73993],[22.99119,41.76099],[22.94592,41.76934],[22.90137,41.86042],[22.8808,41.87269],[22.83822,42.01948],[22.82127,42.02537],[22.79895,42.02123],[22.78086,42.04317],[22.71844,42.04446],[22.70572,42.05594],[22.61777,42.0827],[22.53106,42.12911],[22.49468,42.16456],[22.48145,42.19332],[22.44362,42.21443],[22.34502,42.31344]]},"properties":{"kind":"country_border"}},{"type":"Feature","geometry":{"type":"LineString","coordinates":[[17.65335,42.89093],[17.67947,42.91568],[17.70159,42.9195],[17.78675,42.90139],[17.81176,42.90986],[17.82623,42.88865],[17.82716,42.85312],[17.85848,42.81697],[17.90447,42.80455],[17.99531,42.74044],[18.22414,42.62807],[18.31157,42.60123],[18.33865,42.60252],[18.38526,42.56652],[18.43735,42.55921],[18.43715,42.4934],[18.45492,42.46472],[18.49286,42.44237],[18.49643,42.41633]]},"properties":{"kind":"country_border"}},{"type":"Feature","geometry":{"type":"LineString","coordinates":[[29.01537,-2.72071],[29.00012,-2.70366],[28.9364,-2.68505],[28.89134,-2.65271],[28.89806,-2.57633],[28.89134,-2.55307],[28.86096,-2.53116],[28.85724,-2.51835],[28.86085,-2.50522],[28.87822,-2.48972],[28.86457,-2.45944],[28.85884,-2.4182],[28.86633,-2.39195],[28.88039,-2.37985],[28.92814,-2.36445],[28.95966,-2.33975],[28.99366,-2.27774],[29.07541,-2.26389],[29.10983,-2.23671],[29.13484,-2.19775],[29.15634,-2.10866],[29.12771,-1.9157],[29.1305,-1.84335],[29.14931,-1.79932],[29.23334,-1.65866],[29.30382,-1.58786],[29.34279,-1.51655],[29.3585,-1.50993],[29.43741,-1.50621],[29.49875,-1.43107],[29.53864,-1.40234],[29.57792,-1.38839],[29.6577,-1.38395],[29.71052,-1.35253],[29.7348,-1.34819],[29.77491,-1.36627],[29.79821,-1.33093],[29.81614,-1.32255],[29.83609,-1.32948],[29.8642,-1.3703],[29.87102,-1.43242],[29.88074,-1.45361],[29.8979,-1.46962],[29.91743,-1.47521],[29.96042,-1.46477],[30.03866,-1.42498],[30.06078,-1.38973],[30.14718,-1.34508],[30.16558,-1.27749],[30.21219,-1.25951],[30.25669,-1.21724],[30.28051,-1.18241],[30.28754,-1.15543],[30.3174,-1.13704],[30.33746,-1.06624],[30.35275,-1.06076],[30.40319,-1.07037],[30.44561,-1.05869],[30.47179,-1.06684],[30.453,-1.09735],[30.45631,-1.1081],[30.47088,-1.11812],[30.47419,-1.13176],[30.46727,-1.15533],[30.47605,-1.16122],[30.49465,-1.15533],[30.51119,-1.17042],[30.52122,-1.21083],[30.5546,-1.27346],[30.54995,-1.3024],[30.55532,-1.31842],[30.63242,-1.36762],[30.73753,-1.40668],[30.74322,-1.43283],[30.73294,-1.47645],[30.73888,-1.48947],[30.77226,-1.53246],[30.79159,-1.59096],[30.80725,-1.60326],[30.83102,-1.59417],[30.8383,-1.61535],[30.82425,-1.73069],[30.83789,-1.7587],[30.82642,-1.78619],[30.83789,-1.83684],[30.8166,-1.88417],[30.82425,-1.90205],[30.79696,-1.92934],[30.82693,-1.93409],[30.82993,-1.96055],[30.81675,-2.01874],[30.83546,-2.01471],[30.8535,-2.0237],[30.87944,-2.05347],[30.88781,-2.08251],[30.84471,-2.23785],[30.84471,-2.32663],[30.82135,-2.35474],[30.75882,-2.38109],[30.68772,-2.34998],[30.66333,-2.36073],[30.63785,-2.39701],[30.57393,-2.38926],[30.5546,-2.40063]]},"properties":{"kind":"country_border"}},{"type":"Feature","geometry":{"type":"LineString","coordinates":[[-75.13704,19.97155],[-75.09495,19.97158],[-75.09501,19.89723]]},"properties":{"kind":"country_border"}},{"type":"Feature","geometry":{"type":"LineString","coordinates":[[18.43735,42.55921],[18.45896,42.56973],[18.49213,42.56477],[18.48665,42.58983],[18.53843,42.6183],[18.5496,42.63892],[18.53967,42.69546],[18.46743,42.7692],[18.44459,42.81708],[18.44366,42.83447],[18.47332,42.86255],[18.43405,42.93689],[18.45275,42.9934],[18.48304,43.01464],[18.53895,43.02389],[18.639,43.02024],[18.6206,43.12256],[18.6453,43.18018],[18.6884,43.22447],[18.66432,43.23318],[18.67951,43.24948],[18.80715,43.31803],[18.83351,43.32415],[18.82121,43.34139],[18.89914,43.3519],[18.92342,43.34684],[18.95732,43.32586],[18.95949,43.30346],[18.99246,43.2671],[19.02471,43.29873],[19.06967,43.30883],[19.00993,43.41099],[18.96828,43.4481],[18.94626,43.44394],[18.95123,43.46381],[18.93789,43.47895],[18.90565,43.49063],[18.91102,43.50727],[18.97748,43.54623],[19.00021,43.54789],[19.03814,43.51101],[19.05499,43.5067],[19.09602,43.5129],[19.12279,43.53595],[19.19534,43.5328],[19.17519,43.50962],[19.17591,43.48089],[19.19224,43.45453],[19.21839,43.4382],[19.37228,43.38423],[19.41404,43.33839],[19.47305,43.29328],[19.51243,43.24064],[19.59811,43.1762],[19.66302,43.1585],[19.68462,43.15672],[19.71356,43.16561],[19.7612,43.10874],[19.80513,43.08995],[19.8722,43.09037],[19.90714,43.11326],[19.92915,43.11391],[19.95974,43.07856],[20.01989,43.04735],[20.11694,42.97665],[20.19456,42.96684],[20.33708,42.90697],[20.35362,42.89097],[20.34535,42.82744]]},"properties":{"kind":"country_border"}},{"type":"Feature","geometry":{"type":"LineString","coordinates":[[-87.31403,12.98156],[-87.08465,12.99593],[-87.03504,12.97978],[-87.02962,12.99608],[-86.98319,13.02187],[-86.94841,13.06969],[-86.92293,13.08639],[-86.92025,13.09618],[-86.93234,13.10853],[-86.92371,13.16114],[-86.93492,13.18553],[-86.91079,13.23958],[-86.86273,13.27994],[-86.83343,13.29335],[-86.81622,13.29193],[-86.7493,13.26128],[-86.71178,13.28568],[-86.70186,13.3142],[-86.7078,13.34283],[-86.71716,13.36164],[-86.73638,13.37195],[-86.7402,13.38192],[-86.72429,13.43941],[-86.75659,13.55938],[-86.75157,13.62441],[-86.77405,13.65459],[-86.7679,13.73916],[-86.74992,13.75712],[-86.72723,13.76826],[-86.66269,13.76469],[-86.54166,13.78213],[-86.49081,13.7595],[-86.44823,13.77296],[-86.42653,13.75299],[-86.4101,13.74903],[-86.34013,13.75665],[-86.31356,13.7766],[-86.29992,13.82133],[-86.28411,13.84572],[-86.21858,13.91437],[-86.18406,13.96687],[-86.13802,13.99618],[-86.12169,14.02721],[-86.09673,14.04408],[-86.0202,14.05516],[-86.03126,14.02258],[-86.02841,13.99607],[-85.95777,13.9461],[-85.9294,13.9121],[-85.9155,13.90745],[-85.88356,13.91385],[-85.8616,13.90442],[-85.82416,13.84768],[-85.80202,13.84022],[-85.7583,13.83929],[-85.74246,13.82371],[-85.72512,13.84794],[-85.72301,13.86342],[-85.74745,13.88827],[-85.72735,13.96501],[-85.69923,13.9615],[-85.66619,13.98447],[-85.65149,13.98199],[-85.64461,13.98879],[-85.64787,13.9993],[-85.61281,14.00974],[-85.59361,14.03346],[-85.52795,14.0509],[-85.51064,14.09379],[-85.47467,14.1034],[-85.43173,14.13283],[-85.40912,14.16616],[-85.38401,14.22645],[-85.36287,14.25011],[-85.34362,14.25011],[-85.32135,14.28133],[-85.27781,14.29732],[-85.21521,14.30158],[-85.16963,14.32176],[-85.15803,14.33827],[-85.15903,14.36106],[-85.17188,14.38101],[-85.20583,14.40716],[-85.17849,14.42765],[-85.17849,14.4556],[-85.15183,14.48596],[-85.14547,14.56425],[-85.13754,14.57849],[-85.11932,14.57397],[-85.08638,14.54454],[-85.06524,14.55425],[-85.02964,14.58896],[-85.02222,14.6058],[-85.04816,14.60578],[-85.02021,14.63373],[-85.05393,14.66306],[-85.03305,14.66957],[-85.01566,14.72817],[-84.90422,14.81698],[-84.8181,14.82866],[-84.79213,14.82106],[-84.77017,14.80514],[-84.75547,14.78148],[-84.76694,14.7669],[-84.74704,14.76447],[-84.74529,14.7391],[-84.72485,14.72564],[-84.69932,14.67469],[-84.68085,14.68546],[-84.60044,14.66252],[-84.52742,14.6604],[-84.53422,14.63373],[-84.51905,14.63828],[-84.48269,14.61947],[-84.40843,14.64942],[-84.36293,14.71561],[-84.33839,14.67469],[-84.2878,14.66722],[-84.26728,14.67774],[-84.26216,14.69975],[-84.26733,14.74667],[-84.2618,14.75853],[-84.22638,14.74977],[-84.19501,14.71872],[-84.16819,14.71497],[-84.12874,14.73419],[-84.09543,14.7361],[-84.12272,14.78453],[-84.11176,14.79341],[-84.0752,14.77163],[-84.04781,14.7708],[-84.04076,14.76034],[-83.92472,14.76344],[-83.92986,14.77166],[-83.92472,14.80377],[-83.89655,14.78044],[-83.88376,14.77711],[-83.88994,14.79073],[-83.86948,14.77711],[-83.8395,14.79742],[-83.80121,14.80377],[-83.82105,14.82548],[-83.7653,14.82879],[-83.74452,14.83667],[-83.74656,14.8522],[-83.72362,14.85158],[-83.70502,14.83853],[-83.7145,14.86723],[-83.71062,14.87834],[-83.69197,14.88697],[-83.64995,14.8885],[-83.61561,14.87269],[-83.60427,14.90919],[-83.54048,14.94157],[-83.54735,14.95521],[-83.52686,14.94837],[-83.52862,14.9734],[-83.52304,14.97769],[-83.51322,14.96885],[-83.50573,14.99681],[-83.50908,15.01154],[-83.48586,15.01048],[-83.45919,14.9825],[-83.43573,14.98518],[-83.41547,14.99694],[-83.39031,15.03097],[-83.35455,15.01007],[-83.34935,14.99681],[-83.33424,15.00645],[-83.27297,15.00304],[-83.28566,14.99211],[-83.26615,14.9825],[-83.21773,14.9825],[-83.1774,14.99681],[-83.13044,14.99701]]},"properties":{"kind":"country_border"}},{"type":"Feature","geometry":{"type":"LineString","coordinates":[[-78.82865,1.43433],[-78.76997,1.3941],[-78.74899,1.36485],[-78.71948,1.34106],[-78.68429,1.28189],[-78.66468,1.26664],[-78.64127,1.25941],[-78.60215,1.26364],[-78.59662,1.23409],[-78.57569,1.21197],[-78.57006,1.19585],[-78.5406,1.20535],[-78.4852,1.19264],[-78.34922,1.0558],[-78.25015,1.01963],[-78.12001,0.92124],[-78.07794,0.90077],[-78.00704,0.89819],[-77.93904,0.87256],[-77.91826,0.87442],[-77.90855,0.86419],[-77.90322,0.8321],[-77.84798,0.80925],[-77.80762,0.81303],[-77.72789,0.84331],[-77.70319,0.8431],[-77.67332,0.81964],[-77.6668,0.74771],[-77.64557,0.71629],[-77.57983,0.67092],[-77.54335,0.65645],[-77.50935,0.6612],[-77.46806,0.65087],[-77.45457,0.60239],[-77.44816,0.49728],[-77.43473,0.43382],[-77.42439,0.4083],[-77.39747,0.38763],[-77.25613,0.35321],[-77.20694,0.33419],[-77.11743,0.35755],[-77.08286,0.34887],[-77.04462,0.30567],[-76.94587,0.28706],[-76.88246,0.24014],[-76.79787,0.24996],[-76.73436,0.23311],[-76.73689,0.2729],[-76.72454,0.27756],[-76.62687,0.25854],[-76.58434,0.22257],[-76.56543,0.21606],[-76.52491,0.23125],[-76.42569,0.24273],[-76.40802,0.25451],[-76.41835,0.32086],[-76.41639,0.40189],[-76.36539,0.40695],[-76.33495,0.44168],[-76.30048,0.46163],[-76.26291,0.42804],[-76.22374,0.40675],[-76.1363,0.39672],[-76.11956,0.35176],[-76.05347,0.36354],[-75.97249,0.25192],[-75.95197,0.20397],[-75.78971,0.08439],[-75.73163,0.07116],[-75.64667,0.08542],[-75.62677,0.07891],[-75.59825,0.05039],[-75.57014,0.03798],[-75.52311,-0.00398],[-75.46492,-0.03974],[-75.42141,-0.06217],[-75.36545,-0.07281],[-75.28349,-0.10702],[-75.26835,-0.10175],[-75.24013,-0.07477],[-75.23171,-0.04263],[-75.2221,-0.0324],[-75.1867,-0.03126],[-75.14169,-0.04346],[-75.10164,-0.06909],[-75.05074,-0.13431],[-75.01536,-0.14051],[-74.96821,-0.1897],[-74.93346,-0.20944],[-74.87271,-0.22195],[-74.83654,-0.17327],[-74.82465,-0.17048],[-74.78946,-0.20903],[-74.75533,-0.27828],[-74.7907,-0.31259],[-74.71812,-0.32727],[-74.68657,-0.35341],[-74.67275,-0.35403],[-74.64231,-0.33977],[-74.60446,-0.39496],[-74.56239,-0.4394],[-74.47563,-0.49645],[-74.44189,-0.53552],[-74.41796,-0.54265],[-74.41266,-0.57314],[-74.36489,-0.67618],[-74.38476,-0.70285],[-74.38514,-0.72197],[-74.34432,-0.77406],[-74.3028,-0.78543],[-74.3106,-0.80145],[-74.28913,-0.83628],[-74.29512,-0.84734],[-74.33755,-0.84682],[-74.34442,-0.8586],[-74.30339,-0.89777],[-74.28913,-0.94304],[-74.26675,-0.97229],[-74.24019,-0.98686],[-74.18053,-0.99772],[-74.11963,-1.02097],[-74.09237,-1.02014],[-74.07689,-0.99089],[-74.06545,-1.00144],[-74.03721,-1.07967],[-74.0168,-1.09156],[-73.98279,-1.06624],[-73.97334,-1.08164],[-73.98129,-1.10748],[-73.96763,-1.11481],[-73.93641,-1.10779],[-73.9199,-1.11378],[-73.88076,-1.19099],[-73.85717,-1.21052],[-73.80254,-1.22365],[-73.78585,-1.21424],[-73.76978,-1.18892],[-73.75472,-1.18334],[-73.73237,-1.21651],[-73.63656,-1.25517],[-73.61821,-1.30612],[-73.59713,-1.30612],[-73.58897,-1.35025],[-73.57858,-1.36493],[-73.56292,-1.37216],[-73.58344,-1.40172],[-73.57421,-1.41691],[-73.53713,-1.43428],[-73.49716,-1.478],[-73.48453,-1.57246],[-73.50882,-1.58683],[-73.51742,-1.60202],[-73.52881,-1.63509],[-73.53099,-1.67375],[-73.51093,-1.69855],[-73.44629,-1.73814],[-73.44009,-1.7587],[-73.38707,-1.76087],[-73.35053,-1.79064],[-73.3403,-1.79219],[-73.31658,-1.76542],[-73.26769,-1.77224],[-73.26134,-1.76883],[-73.25726,-1.74237],[-73.24702,-1.74237],[-73.22031,-1.77235],[-73.19302,-1.78868],[-73.18625,-1.79963],[-73.19364,-1.83684],[-73.15891,-1.89523],[-73.17116,-1.92955],[-73.16873,-1.95931],[-73.1446,-1.99817],[-73.12455,-2.0608],[-73.11106,-2.07341],[-73.14992,-2.14359],[-73.19529,-2.1872],[-73.19778,-2.21356],[-73.1663,-2.25552],[-73.15891,-2.29304],[-73.14248,-2.3041],[-73.09887,-2.31495],[-73.08383,-2.34513],[-73.0707,-2.33324],[-73.05644,-2.29986],[-72.98756,-2.33769],[-72.96978,-2.35608],[-72.95278,-2.40228],[-72.93541,-2.42533],[-72.86999,-2.41179],[-72.85805,-2.40032],[-72.80467,-2.37779],[-72.76168,-2.40228],[-72.75418,-2.38068],[-72.73372,-2.36755],[-72.71832,-2.41985],[-72.71243,-2.42212],[-72.68318,-2.40476],[-72.64432,-2.33407],[-72.60841,-2.34637],[-72.56298,-2.38306],[-72.44159,-2.40518],[-72.41426,-2.43711],[-72.37803,-2.45075],[-72.28383,-2.43318],[-72.28186,-2.40569],[-72.25096,-2.39629],[-72.17639,-2.41034],[-72.16146,-2.40569],[-72.08942,-2.33097],[-72.06151,-2.32001],[-71.96627,-2.32849],[-71.94865,-2.32415],[-71.93635,-2.31185],[-71.93175,-2.28963],[-71.87718,-2.24529],[-71.8362,-2.17976],[-71.74613,-2.13232],[-71.73848,-2.1377],[-71.73998,-2.17294],[-71.7314,-2.18989],[-71.67854,-2.16953],[-71.65492,-2.17377],[-71.59596,-2.21108],[-71.53839,-2.22296],[-71.52713,-2.23154],[-71.52227,-2.25035],[-71.52098,-2.29211],[-71.51405,-2.3074],[-71.49814,-2.31505],[-71.48057,-2.26575],[-71.46667,-2.25149],[-71.45649,-2.25511],[-71.41163,-2.32663],[-71.43215,-2.35515],[-71.42083,-2.37603],[-71.38698,-2.3689],[-71.31546,-2.33407],[-71.30761,-2.34781],[-71.25335,-2.32663],[-71.21986,-2.34151],[-71.20906,-2.33924],[-71.16193,-2.31019],[-71.14281,-2.26286],[-71.11997,-2.25211],[-71.07912,-2.24756],[-71.05393,-2.26265],[-71.02969,-2.264],[-71.02062,-2.25893],[-71.03199,-2.21077],[-71.02145,-2.19671],[-70.99272,-2.19744],[-70.92525,-2.22028],[-70.90456,-2.21108],[-70.8742,-2.22958],[-70.82236,-2.28477],[-70.78787,-2.3074],[-70.70658,-2.32828],[-70.69906,-2.3411],[-70.69904,-2.37014],[-70.66372,-2.39825],[-70.65447,-2.44538],[-70.6476,-2.45075],[-70.59863,-2.44662],[-70.59607,-2.41654],[-70.57861,-2.40549],[-70.53773,-2.43587],[-70.48445,-2.45251],[-70.45699,-2.49271],[-70.44526,-2.4985],[-70.40025,-2.48486],[-70.35754,-2.48693],[-70.34493,-2.49664],[-70.34963,-2.51835],[-70.37635,-2.53261],[-70.36462,-2.55762],[-70.33511,-2.554],[-70.29589,-2.5354],[-70.27395,-2.54625],[-70.23607,-2.62511],[-70.21752,-2.63214],[-70.18388,-2.61953],[-70.16408,-2.63503],[-70.15972,-2.66397],[-70.15047,-2.66924],[-70.14184,-2.66697],[-70.12621,-2.63875],[-70.10579,-2.62521],[-70.09497,-2.63255],[-70.0758,-2.69136],[-70.05063,-2.71513],[-70.73413,-3.78204],[-70.69064,-3.7868],[-70.54429,-3.86524],[-70.49089,-3.87847],[-70.46425,-3.87878],[-70.43851,-3.86772],[-70.37769,-3.81884],[-70.34958,-3.81584],[-70.3111,-3.82927],[-70.27356,-3.85656],[-70.21698,-3.92498],[-70.1884,-4.02895],[-70.16171,-4.05562],[-70.0605,-4.10719],[-70.0305,-4.13158],[-69.99275,-4.18088],[-69.96495,-4.23648]]},"properties":{"kind":"country_border"}},{"type":"Feature","geometry":{"type":"LineString","coordinates":[[-57.5964,3.36724],[-57.64994,3.38594],[-57.66255,3.40708],[-57.66069,3.46951],[-57.64549,3.49899],[-57.64405,3.51666],[-57.66043,3.53519],[-57.70286,3.55568],[-57.72611,3.6072],[-57.82977,3.66244],[-57.84693,3.7021],[-57.85385,3.76667],[-57.87514,3.8122],[-57.94212,3.90545],[-58.0079,3.95728],[-58.03214,3.98772],[-58.06769,4.15114],[-58.06593,4.17184],[-57.95385,4.29902],[-57.94527,4.34392],[-57.95664,4.39144],[-57.95266,4.40973],[-57.92186,4.45094],[-57.91447,4.48407],[-57.87912,4.55683],[-57.86331,4.60773],[-57.83742,4.65088],[-57.83603,4.66985],[-57.87117,4.72173],[-57.88455,4.76286],[-57.91783,4.78237],[-57.92537,4.79614],[-57.9185,4.82976],[-57.8428,4.92988],[-57.83024,4.93306],[-57.79846,4.92306],[-57.77396,4.92644],[-57.72048,4.9898],[-57.68694,5.00626],[-57.64937,5.00843],[-57.6101,4.99135],[-57.56622,5.00709],[-57.5176,5.01243],[-57.49026,4.99135],[-57.38138,5.00574],[-57.32944,5.02409],[-57.29048,5.02029],[-57.28045,5.0261],[-57.32143,5.07016],[-57.28898,5.17103],[-57.27771,5.17692],[-57.24728,5.17237],[-57.23332,5.14212],[-57.20201,5.15762],[-57.1849,5.18315],[-57.23761,5.26872],[-57.26743,5.26629],[-57.26919,5.25671],[-57.25379,5.23493],[-57.26304,5.224],[-57.28045,5.22534],[-57.28727,5.2387],[-57.28882,5.30854],[-57.30841,5.31348],[-57.33172,5.30761],[-57.33569,5.31689],[-57.32412,5.33859],[-57.26521,5.40337],[-57.25694,5.46409],[-57.24767,5.48493]]},"properties":{"kind":"country_border"}},{"type":"Feature","geometry":{"type":"LineString","coordinates":[[-54.08023,3.30972],[-54.05569,3.37768],[-54.01936,3.41537],[-54.00303,3.4554],[-54.00629,3.53103],[-53.98882,3.611],[-54.01786,3.64146],[-54.05011,3.63453],[-54.07403,3.67611],[-54.09445,3.74706],[-54.1255,3.78874],[-54.18736,3.81468],[-54.21454,3.85822],[-54.24105,3.87635],[-54.2658,3.92253],[-54.29314,3.94981],[-54.31019,3.9942],[-54.35386,4.04172],[-54.35515,4.06652],[-54.33469,4.13171],[-54.33856,4.15233],[-54.39489,4.17791],[-54.41055,4.20858],[-54.39319,4.24439],[-54.39412,4.26982],[-54.40295,4.31294],[-54.43344,4.37637],[-54.45081,4.48422],[-54.44796,4.50954],[-54.42347,4.56339],[-54.42347,4.60435],[-54.43773,4.64874],[-54.43546,4.7094],[-54.44734,4.72785],[-54.4754,4.74173],[-54.47866,4.75519],[-54.47866,4.87867],[-54.48672,4.90296],[-54.45081,4.93673],[-54.45758,4.99135],[-54.44864,5.02429],[-54.37562,5.11488],[-54.36544,5.13876],[-54.34358,5.15638],[-54.332,5.1962],[-54.31133,5.22581],[-54.26916,5.26909],[-54.19046,5.32575],[-54.17097,5.34838]]},"properties":{"kind":"country_border"}},{"type":"Feature","geometry":{"type":"LineString","coordinates":[[-69.57763,-10.9523],[-69.50288,-10.9553],[-69.39594,-10.93504],[-69.29352,-10.95499],[-69.2368,-10.95292],[-69.12149,-10.9706],[-69.08689,-10.96718],[-68.997,-11.0017],[-68.95542,-11.00046],[-68.88403,-11.01638],[-68.80466,-10.99468],[-68.75763,-11.01194],[-68.78564,-11.05927],[-68.79117,-11.08511],[-68.78701,-11.12604],[-68.77593,-11.14061],[-68.61573,-11.1125],[-68.5361,-11.06155],[-68.49331,-11.04739],[-68.4282,-11.04367],[-68.37828,-11.00501],[-68.33115,-11.00046],[-68.29332,-10.97897],[-68.24376,-10.91696],[-68.21756,-10.85804],[-68.14728,-10.7796],[-68.11209,-10.71407],[-68.09788,-10.69774],[-68.04377,-10.66694],[-68.01024,-10.65971],[-67.98181,-10.66436],[-67.86265,-10.65878],[-67.83335,-10.66498],[-67.75578,-10.71418],[-67.72173,-10.7055],[-67.70514,-10.67666],[-67.68468,-10.61051],[-67.64349,-10.57455],[-67.58463,-10.50179],[-67.46805,-10.45228],[-67.43663,-10.41745],[-67.42929,-10.39037],[-67.41833,-10.38148],[-67.34284,-10.37249],[-67.33369,-10.35668],[-67.33782,-10.32609],[-67.32351,-10.31885],[-67.25917,-10.31368],[-67.18471,-10.32671],[-67.1723,-10.31958],[-67.15174,-10.28898],[-67.11003,-10.28258],[-67.0643,-10.25694],[-66.90266,-10.09313],[-66.77062,-9.99257],[-66.66009,-9.94533],[-66.64262,-9.90792],[-66.51384,-9.88394],[-66.43271,-9.88611],[-66.35527,-9.84963],[-66.25732,-9.83485],[-66.19066,-9.80085],[-66.13547,-9.79516],[-66.11818,-9.80602],[-66.10198,-9.78741],[-66.08699,-9.78452],[-66.02948,-9.80829],[-65.94695,-9.77139],[-65.86246,-9.78183],[-65.83406,-9.75827],[-65.82213,-9.78183],[-65.80642,-9.78441],[-65.80265,-9.75734],[-65.78856,-9.73305],[-65.77244,-9.76881],[-65.76319,-9.77232],[-65.70996,-9.75599],[-65.71312,-9.79423],[-65.67896,-9.78938],[-65.62888,-9.82689],[-65.58398,-9.83723],[-65.56798,-9.80209],[-65.54682,-9.79516],[-65.53532,-9.78245],[-65.51078,-9.73408],[-65.45184,-9.68137],[-65.41623,-9.68013],[-65.39799,-9.68675],[-65.3705,-9.71062],[-65.34006,-9.78969],[-65.30438,-9.82565],[-65.29911,-9.84126],[-65.33329,-9.92683],[-65.33683,-9.96725],[-65.33293,-10.00838],[-65.30557,-10.0984],[-65.29911,-10.163],[-65.28482,-10.20682],[-65.30536,-10.24216],[-65.31562,-10.29126],[-65.32782,-10.31441],[-65.36502,-10.33218],[-65.37923,-10.35141],[-65.39474,-10.39244],[-65.38727,-10.4067],[-65.41094,-10.44918],[-65.42538,-10.46313],[-65.44998,-10.46809],[-65.43569,-10.4992],[-65.44163,-10.52783],[-65.42923,-10.56142],[-65.43569,-10.62581],[-65.38675,-10.66953],[-65.38107,-10.69805],[-65.40474,-10.79924],[-65.3997,-10.81226],[-65.3603,-10.82259],[-65.32712,-10.8505],[-65.31898,-10.86538],[-65.31278,-10.95096],[-65.2996,-10.96967],[-65.30299,-10.99075],[-65.32645,-11.00935],[-65.34198,-11.03281],[-65.33329,-11.08852],[-65.34105,-11.10661],[-65.39474,-11.15343],[-65.39815,-11.17802],[-65.36001,-11.21885],[-65.36606,-11.23404],[-65.38861,-11.25316],[-65.38727,-11.27755],[-65.37448,-11.29585],[-65.32645,-11.32778],[-65.35477,-11.38235],[-65.31955,-11.4764],[-65.29247,-11.50472],[-65.25756,-11.49532],[-65.22265,-11.51744],[-65.21599,-11.53015],[-65.22361,-11.55795],[-65.21924,-11.58451],[-65.19545,-11.59216],[-65.16744,-11.61552],[-65.19093,-11.62317],[-65.19335,-11.63236],[-65.18927,-11.65707],[-65.20232,-11.69148],[-65.1962,-11.74181],[-65.16447,-11.76982],[-65.1515,-11.77313],[-65.14354,-11.76383],[-65.13398,-11.70264],[-65.11341,-11.69055],[-65.11357,-11.72259],[-65.06556,-11.75308],[-65.03845,-11.81871],[-65.03367,-11.87979],[-64.99812,-11.90894],[-64.99649,-11.92124],[-65.01463,-11.95028],[-65.01634,-11.96847],[-64.99745,-11.99627],[-64.96761,-12.00795],[-64.92515,-12.00991],[-64.86208,-12.02479],[-64.83984,-12.01673],[-64.7925,-12.03255],[-64.76857,-12.0865],[-64.73679,-12.11978],[-64.74418,-12.13363],[-64.73953,-12.14458],[-64.71628,-12.14654],[-64.71028,-12.11192],[-64.68992,-12.10438],[-64.68158,-12.1266],[-64.68899,-12.15388],[-64.66486,-12.18096],[-64.59342,-12.216],[-64.54843,-12.2191],[-64.51148,-12.24266],[-64.50885,-12.23605],[-64.48939,-12.23946],[-64.47304,-12.2532],[-64.46815,-12.27263],[-64.47443,-12.31646],[-64.49244,-12.35656],[-64.48978,-12.37361],[-64.45252,-12.39035],[-64.42487,-12.43138],[-64.39573,-12.45733],[-64.3532,-12.46921],[-64.31266,-12.46187],[-64.2977,-12.4657],[-64.28754,-12.49712],[-64.26871,-12.49722],[-64.23657,-12.47541],[-64.21522,-12.47376],[-64.18311,-12.48792],[-64.14479,-12.52037],[-64.11983,-12.48968],[-64.10445,-12.50714],[-64.04446,-12.50911],[-64.02283,-12.53784],[-63.97245,-12.52389],[-63.93906,-12.54414],[-63.92124,-12.54435],[-63.86289,-12.46921],[-63.8014,-12.45495],[-63.65774,-12.47541],[-63.54219,-12.54797],[-63.48576,-12.55748],[-63.46876,-12.57577],[-63.4625,-12.60512],[-63.43816,-12.61918],[-63.43145,-12.63695],[-63.39331,-12.66455],[-63.35946,-12.67468],[-63.31791,-12.70196],[-63.23595,-12.69855],[-63.20185,-12.66786],[-63.18071,-12.66786],[-63.16707,-12.64739],[-63.13668,-12.63375],[-63.07503,-12.65266],[-63.06475,-12.6662],[-63.05783,-12.70196],[-63.04346,-12.71912],[-63.05111,-12.74217],[-63.01473,-12.77772],[-63.00708,-12.80997],[-62.98801,-12.84387],[-62.95514,-12.85751],[-62.92889,-12.84604],[-62.86507,-12.93554],[-62.83143,-12.94495],[-62.82017,-12.97492],[-62.78983,-13.00065],[-62.77045,-13.01047],[-62.76864,-12.99063],[-62.72203,-12.98257],[-62.68663,-12.965],[-62.65134,-12.99249],[-62.64168,-13.03],[-62.5546,-13.0668],[-62.47213,-13.06845],[-62.43094,-13.10979],[-62.42412,-13.12654],[-62.33503,-13.14514],[-62.31053,-13.13398],[-62.29033,-13.14204],[-62.21152,-13.12033],[-62.17395,-13.1408],[-62.17245,-13.11785],[-62.16238,-13.12075],[-62.13985,-13.147],[-62.11468,-13.1502],[-62.10941,-13.24896],[-62.0197,-13.33257],[-62.00326,-13.36048],[-61.95836,-13.38549],[-61.90983,-13.43189],[-61.87232,-13.45608],[-61.84798,-13.5308],[-61.83635,-13.54062],[-61.81397,-13.54424],[-61.75434,-13.53028],[-61.73512,-13.53804],[-61.6929,-13.51799],[-61.59711,-13.5061],[-61.55081,-13.53804],[-61.50342,-13.54816],[-61.45875,-13.54372],[-61.34772,-13.4937],[-61.28122,-13.50724],[-61.24856,-13.52439],[-61.21504,-13.51747],[-61.14911,-13.51985],[-61.13931,-13.51406],[-61.13358,-13.49401],[-61.11872,-13.4845],[-61.07601,-13.4783],[-61.04723,-13.46455],[-61.04126,-13.47458],[-61.04126,-13.51519],[-61.02201,-13.53525],[-60.89674,-13.55292],[-60.87067,-13.57545],[-60.80197,-13.60418],[-60.6527,-13.7188],[-60.58862,-13.74453],[-60.57514,-13.76562],[-60.47263,-13.79786],[-60.44881,-13.89677],[-60.43855,-13.91837],[-60.40863,-13.94452],[-60.4116,-13.96054],[-60.38719,-13.98328],[-60.41943,-14.07692],[-60.43724,-14.09201],[-60.46827,-14.10369],[-60.47351,-14.11723],[-60.47894,-14.1627],[-60.4624,-14.19846],[-60.46434,-14.27835],[-60.45432,-14.29665],[-60.39993,-14.34078],[-60.39135,-14.35711],[-60.3767,-14.41995],[-60.34381,-14.49095],[-60.33843,-14.5326],[-60.3692,-14.54283],[-60.35272,-14.57539],[-60.30404,-14.60815],[-60.29172,-14.63006],[-60.2698,-15.08337],[-60.27497,-15.09515],[-60.58224,-15.09887],[-60.52948,-15.14373],[-60.2464,-15.47828],[-60.23797,-15.50267],[-60.17981,-16.22201],[-60.16069,-16.26479],[-60.12984,-16.27306],[-58.46472,-16.33125],[-58.42162,-16.31843],[-58.39294,-16.27937],[-58.34974,-16.2804],[-58.33956,-16.28929],[-58.33455,-16.38665],[-58.33884,-16.4005],[-58.3623,-16.41931],[-58.36359,-16.43667],[-58.34266,-16.47315],[-58.3561,-16.50953],[-58.45588,-16.61909],[-58.47268,-16.64958],[-58.48028,-16.68368],[-58.45294,-16.8413],[-58.46627,-16.88729],[-58.45635,-16.937],[-58.43248,-16.98537],[-58.42679,-17.05524],[-58.40628,-17.11012],[-58.39914,-17.23745],[-58.38116,-17.26721],[-58.3437,-17.28695],[-58.30215,-17.29378],[-58.26453,-17.32003],[-58.23156,-17.32974],[-58.20407,-17.37739],[-58.18841,-17.38855],[-58.15223,-17.3964],[-58.10113,-17.44126],[-58.05369,-17.46234],[-58.01018,-17.49676],[-57.94356,-17.51784],[-57.90569,-17.52032],[-57.85411,-17.50854],[-57.83675,-17.51102],[-57.80073,-17.53345],[-57.79076,-17.55577],[-57.7859,-17.67752],[-57.76755,-17.70874],[-57.72446,-17.73664],[-57.73298,-17.76848],[-57.69681,-17.82511],[-57.69877,-17.8431],[-57.73009,-17.84609],[-57.63692,-18.00112],[-57.5855,-18.12277],[-57.55108,-18.18364],[-57.51119,-18.20555],[-57.47455,-18.20803],[-57.46566,-18.21775],[-57.4668,-18.23956],[-57.53573,-18.24049],[-57.55387,-18.24452],[-57.56674,-18.25609],[-57.78233,-18.91042],[-57.74223,-18.91362],[-57.73179,-18.922],[-57.71583,-19.04457],[-57.7719,-19.04871],[-57.789,-19.05925],[-58.12464,-19.72991],[-58.11694,-19.75802],[-57.85975,-19.98012],[-57.89561,-20.02415],[-57.91793,-20.03418],[-57.95917,-20.02622],[-57.97581,-20.04751],[-58.02237,-20.06498],[-58.05353,-20.10766],[-58.08624,-20.12089],[-58.10355,-20.14404],[-58.1588,-20.16512],[-58.15833,-20.18114],[-58.13704,-20.18559],[-58.11854,-20.21442],[-58.15528,-20.22641],[-58.16267,-20.24316],[-58.15632,-20.26166],[-58.13704,-20.27437],[-58.10976,-20.26073],[-58.09508,-20.2722],[-58.09033,-20.28171],[-58.09994,-20.3092],[-58.09772,-20.33462],[-58.08299,-20.37617],[-58.04563,-20.40935],[-57.9894,-20.43312],[-58.01002,-20.50009],[-58.00475,-20.5498],[-57.99333,-20.57378],[-57.99095,-20.6206],[-57.97312,-20.65119],[-57.98062,-20.69274],[-57.96501,-20.71103],[-57.95638,-20.7099],[-57.94718,-20.67507],[-57.934,-20.66742],[-57.91809,-20.6698],[-57.90429,-20.679],[-57.89065,-20.70638],[-57.86021,-20.73026],[-57.85768,-20.73987],[-57.86527,-20.74741],[-57.89876,-20.75661],[-57.94041,-20.79361],[-57.88765,-20.80591],[-57.85964,-20.83165],[-57.85711,-20.84973],[-57.90868,-20.88157],[-57.91793,-20.89438],[-57.91483,-20.90565],[-57.89302,-20.91485],[-57.84703,-20.95598],[-57.84031,-20.95598],[-57.83603,-20.93851],[-57.81758,-20.9536],[-57.81603,-20.97541],[-57.82538,-20.99856],[-57.85246,-21.03784],[-57.83603,-21.08248],[-57.82988,-21.12703],[-57.83396,-21.17385],[-57.84786,-21.21622],[-57.8707,-21.24764],[-57.90429,-21.27493],[-57.90491,-21.28743],[-57.88233,-21.31637],[-57.85556,-21.33074],[-57.86331,-21.35689],[-57.92992,-21.45311],[-57.94915,-21.5083],[-57.93979,-21.54819],[-57.91209,-21.56401],[-57.93902,-21.62374],[-57.93483,-21.64069],[-57.89561,-21.68844],[-57.93902,-21.75531],[-57.93571,-21.81205],[-57.95592,-21.85112],[-57.93276,-21.88192],[-57.92537,-21.90497],[-57.96263,-21.96698],[-57.98682,-22.03529],[-57.98625,-22.07447],[-57.96139,-22.09007],[-57.94,-22.11839],[-57.90625,-22.12893],[-57.87137,-22.12118],[-57.84388,-22.14371],[-57.81577,-22.12831],[-57.7953,-22.131],[-57.77541,-22.12397],[-57.77365,-22.10775],[-57.75619,-22.11064],[-57.73634,-22.10371],[-57.68963,-22.1093],[-57.66368,-22.10061],[-57.65449,-22.10454],[-57.63893,-22.14454],[-57.61408,-22.17699],[-57.59671,-22.18102],[-57.5423,-22.17151],[-57.51119,-22.18877],[-57.46396,-22.1804],[-57.41786,-22.19384],[-57.38499,-22.21327],[-57.37502,-22.20727],[-57.33993,-22.21699],[-57.33177,-22.20242],[-57.27167,-22.21379],[-57.25244,-22.21058],[-57.21379,-22.18815],[-57.19953,-22.21285],[-57.15416,-22.208],[-57.11504,-22.22288],[-57.10847,-22.23353],[-57.08506,-22.23807],[-57.01117,-22.23384],[-56.97572,-22.24169],[-56.96455,-22.23487],[-56.96052,-22.25482],[-56.91479,-22.26288],[-56.90368,-22.23694],[-56.87955,-22.28996],[-56.85606,-22.29316],[-56.84286,-22.28903],[-56.80828,-22.24799],[-56.78699,-22.25182],[-56.75436,-22.24262],[-56.74353,-22.25037],[-56.71537,-22.21544],[-56.6986,-22.2235],[-56.66457,-22.25998],[-56.64881,-22.2635],[-56.64413,-22.25544],[-56.6547,-22.23735],[-56.58497,-22.19053],[-56.53068,-22.10909],[-56.5113,-22.09142],[-56.40764,-22.07581],[-56.34733,-22.1804],[-56.21426,-22.27538],[-56.02472,-22.28737],[-55.99857,-22.27724],[-55.95526,-22.30132],[-55.89294,-22.3068],[-55.87439,-22.31734],[-55.86103,-22.28954],[-55.81077,-22.3531],[-55.77016,-22.38142],[-55.75158,-22.41625],[-55.7483,-22.5009],[-55.74127,-22.53718],[-55.72393,-22.56963],[-55.69791,-22.59557],[-55.6312,-22.62678],[-55.62368,-22.63867],[-55.62779,-22.6921],[-55.61833,-22.72569],[-55.659,-22.8183],[-55.65657,-22.85571],[-55.6343,-22.93281],[-55.63781,-23.00071],[-55.60068,-23.04454],[-55.59523,-23.06407],[-55.59939,-23.11709],[-55.56087,-23.14592],[-55.53524,-23.22912],[-55.53565,-23.24587],[-55.56216,-23.30788],[-55.5556,-23.33031],[-55.51387,-23.3794],[-55.51555,-23.4102],[-55.54247,-23.4658],[-55.53053,-23.60347],[-55.46697,-23.67323],[-55.44532,-23.73545],[-55.43018,-23.92856],[-55.42067,-23.95451],[-55.39804,-23.97683],[-55.36718,-23.98965],[-55.30435,-23.99409],[-55.20086,-24.01951],[-55.16544,-24.01683],[-55.10557,-23.98851],[-55.04229,-23.98903],[-54.99457,-23.97311],[-54.94364,-23.96918],[-54.92675,-23.95988],[-54.89192,-23.92061],[-54.82742,-23.88702],[-54.69684,-23.84516],[-54.63922,-23.80444],[-54.61255,-23.81116],[-54.44316,-23.89994],[-54.4229,-23.91378],[-54.36761,-23.98468],[-54.24529,-24.05062],[-54.30105,-24.0899],[-54.32477,-24.11822],[-54.33464,-24.14891],[-54.31412,-24.23418],[-54.28265,-24.27531],[-54.26105,-24.32947],[-54.26219,-24.35851],[-54.2717,-24.38941],[-54.32291,-24.46435],[-54.33453,-24.49669],[-54.3213,-24.62837],[-54.37112,-24.76665],[-54.40729,-24.82122],[-54.46228,-25.03723],[-54.46331,-25.07278],[-54.42972,-25.13056],[-54.42662,-25.14947],[-54.48145,-25.21324],[-54.50357,-25.27866],[-54.54708,-25.33664],[-54.57566,-25.36031],[-54.59798,-25.39752],[-54.61245,-25.46552],[-54.59147,-25.52475],[-54.6002,-25.57494]]},"properties":{"kind":"country_border"}},{"type":"Feature","geometry":{"type":"LineString","coordinates":[[20.62316,69.03636],[20.67546,69.01817],[20.79535,69.01124],[20.86398,68.98628],[20.91121,68.9807],[20.93457,68.96695],[20.93426,68.94902],[20.91782,68.93295],[20.88764,68.92706],[20.88454,68.9067],[20.90573,68.89461],[21.07213,68.86944],[21.21662,68.81725],[21.3054,68.7558],[21.40637,68.74888],[21.46363,68.68687],[21.49567,68.6755],[21.57246,68.66739],[21.71684,68.61922],[21.7371,68.58791],[21.91921,68.56822],[22.0361,68.50652],[22.03838,68.48828],[22.07217,68.47701],[22.30306,68.47613],[22.37107,68.46838],[22.37799,68.45412],[22.45685,68.45179],[22.60764,68.42492],[22.66221,68.4274],[22.74862,68.38549],[22.80825,68.3949],[22.90375,68.33661],[23.06694,68.29025],[23.08162,68.26529],[23.15521,68.21744],[23.14942,68.13941],[23.16564,68.12204],[23.2721,68.14499],[23.30651,68.14561],[23.383,68.05125],[23.57368,67.97332],[23.64314,67.96319],[23.66215,67.95043],[23.63611,67.91348],[23.53255,67.89317],[23.48128,67.86464],[23.48459,67.73716],[23.55353,67.58704],[23.47343,67.555],[23.4847,67.54296],[23.43126,67.48552],[23.44366,67.46103],[23.47715,67.44382],[23.59456,67.45361],[23.76519,67.42007],[23.75145,67.34623],[23.78566,67.33752],[23.73543,67.28969],[23.60272,67.26026],[23.59146,67.22502],[23.61492,67.21399],[23.57399,67.17303],[23.58133,67.15314],[23.6666,67.09792],[23.67672,67.05849],[23.72034,67.01687],[23.81666,66.9755],[23.93335,66.88876],[24.00404,66.8052],[23.98441,66.79298],[23.93924,66.79112],[23.89242,66.75091],[23.90317,66.68632],[23.88188,66.6318],[23.89325,66.59604],[23.88188,66.56354],[23.80767,66.53925],[23.78587,66.51842],[23.73109,66.50313],[23.73109,66.48716],[23.67683,66.47401],[23.65244,66.45884],[23.64231,66.43626],[23.67703,66.36362],[23.66277,66.31652],[23.72416,66.20663],[23.78556,66.17669],[23.88932,66.1611],[23.97459,66.07282],[24.01965,66.04894],[24.05531,65.98517],[24.05479,65.94791],[24.16341,65.84079],[24.1631,65.8227]]},"properties":{"kind":"country_border"}},{"type":"Feature","geometry":{"type":"LineString","coordinates":[[4.22149,51.368],[4.20794,51.33059],[4.16856,51.29687],[4.11895,51.2724],[3.99503,51.23323],[3.94945,51.21078],[3.80869,51.20533],[3.7814,51.21987],[3.77623,51.25452],[3.60953,51.29044],[3.51434,51.28103],[3.50338,51.27395],[3.50121,51.24028],[3.45388,51.23563],[3.39166,51.24677],[3.36737,51.26349],[3.35321,51.2886],[3.34941,51.37522]]},"properties":{"kind":"country_border"}},{"type":"Feature","geometry":{"type":"LineString","coordinates":[[5.99491,50.74993],[5.79317,50.75215],[5.75244,50.77344],[5.72785,50.75416],[5.70656,50.75422],[5.68837,50.76083],[5.70046,50.79556],[5.64072,50.81504],[5.62449,50.83028],[5.62232,50.85266],[5.69446,50.90366],[5.72237,50.91167],[5.76402,50.95942],[5.72237,50.95942],[5.77756,51.02355],[5.76402,51.03518],[5.77146,51.05812],[5.7913,51.055],[5.79885,51.06148],[5.81177,51.08231],[5.80495,51.09662],[5.84598,51.10339],[5.82324,51.11874],[5.8405,51.13892],[5.82913,51.15647],[5.78138,51.15241],[5.73084,51.18375],[5.65901,51.17907],[5.62501,51.1969],[5.56837,51.20765],[5.54553,51.21992],[5.5352,51.26204],[5.49324,51.28653],[5.47163,51.28809],[5.38906,51.25871],[5.21542,51.25873],[5.21491,51.29434],[5.19734,51.30834],[5.14018,51.30739],[5.12292,51.31338],[5.10256,51.35067],[5.06814,51.37454],[5.06525,51.40591],[5.07993,51.43854],[5.06029,51.46198],[5.02753,51.47681],[5.01213,51.47433],[4.95714,51.411],[4.91033,51.3919],[4.85327,51.40614],[4.76212,51.41337],[4.7678,51.42539],[4.77907,51.42642],[4.82268,51.41368],[4.81545,51.43107],[4.82392,51.47564],[4.77865,51.49536],[4.73121,51.48562],[4.65391,51.42622],[4.63014,51.41821],[4.54063,51.42007],[4.52151,51.42864],[4.53319,51.46758],[4.52523,51.47593],[4.48306,51.47433],[4.37713,51.44288],[4.38922,51.43459],[4.37992,51.40952],[4.4162,51.37397],[4.41123,51.35674],[4.39222,51.35041],[4.34561,51.35229],[4.2901,51.36875],[4.26107,51.36938]]},"properties":{"kind":"country_border"}},{"type":"Feature","geometry":{"type":"LineString","coordinates":[[9.5812,47.05687],[9.56064,47.0524],[9.47702,47.0639],[9.47589,47.07323],[9.51237,47.10803],[9.51185,47.12937],[9.48498,47.17635],[9.48736,47.21001],[9.52115,47.2628]]},"properties":{"kind":"country_border"}},{"type":"Feature","geometry":{"type":"LineString","coordinates":[[7.02208,45.92526],[6.98767,45.99311],[6.91511,46.04861],[6.89237,46.05559],[6.86922,46.04406],[6.85093,46.04965],[6.84855,46.08504],[6.86922,46.11233],[6.85393,46.12261],[6.77435,46.13481],[6.76566,46.1516],[6.79223,46.22168],[6.82768,46.26948],[6.75037,46.34552],[6.78923,46.39521],[6.78706,46.41417],[6.76267,46.42926],[6.61368,46.4559],[6.54702,46.45737],[6.48294,46.44859],[6.39768,46.40818],[6.30156,46.39448],[6.26911,46.37503],[6.21412,46.31547],[6.23758,46.26793],[6.25226,46.25992],[6.27603,46.26312],[6.2812,46.24007],[6.19138,46.1917],[6.14033,46.15021],[6.10787,46.13863],[6.07387,46.14917],[6.02829,46.14793],[5.95884,46.13047],[5.98292,46.17083],[5.95481,46.19992],[5.95853,46.21196],[6.04287,46.24307],[6.08968,46.24638],[6.10074,46.30141],[6.13506,46.3704],[6.10818,46.3965],[6.05423,46.41942],[6.06757,46.4336],[6.06416,46.47112],[6.1457,46.55163],[6.12152,46.57029],[6.11842,46.58346],[6.26631,46.68036],[6.33794,46.70741],[6.4292,46.76082],[6.43261,46.78598],[6.41711,46.80216],[6.44677,46.85771],[6.44522,46.88262],[6.42775,46.90908],[6.44263,46.94416],[6.49111,46.96339],[6.5987,46.98654],[6.66541,47.02129],[6.68825,47.04385],[6.67626,47.0624],[6.6897,47.07829],[6.74603,47.10395],[6.74479,47.12105],[6.77476,47.12818],[6.84028,47.16953],[6.88834,47.21131],[6.95625,47.24523],[6.95862,47.29055],[7.03655,47.32952],[7.0443,47.3405],[7.004,47.36814],[6.86664,47.35416],[6.884,47.38259],[6.92452,47.406],[6.92607,47.42486],[6.96855,47.43519],[6.99097,47.45222],[6.9733,47.48909],[7.00978,47.49925],[7.05392,47.49038],[7.10373,47.49628],[7.15365,47.4864],[7.18083,47.48827],[7.16264,47.45989],[7.16833,47.44357],[7.23809,47.4168],[7.30909,47.43266],[7.37855,47.43065],[7.40635,47.43824],[7.42609,47.45576],[7.41431,47.49018],[7.46743,47.48191],[7.48448,47.49294],[7.47694,47.51488],[7.50112,47.51731],[7.50515,47.53302],[7.48273,47.54227],[7.52634,47.56645],[7.58603,47.58462]]},"properties":{"kind":"country_border"}},{"type":"Feature","geometry":{"type":"LineString","coordinates":[[16.09404,46.86277],[15.97198,46.82063],[15.97053,46.74301],[15.982,46.71854],[16.00329,46.70919],[16.01456,46.69371],[16.01673,46.67064],[15.98696,46.69219],[15.85074,46.72449],[15.72868,46.70299],[15.63598,46.71756],[15.62698,46.68087],[15.60373,46.67302],[15.54596,46.67188],[15.53066,46.66385],[15.51123,46.62837],[15.46265,46.61465],[15.38814,46.64558],[15.20489,46.63896],[15.06195,46.64956],[15.00439,46.63684],[14.96718,46.60026],[14.94796,46.61927],[14.93359,46.62113],[14.89773,46.60555],[14.85039,46.60114],[14.78859,46.50665],[14.76089,46.49628],[14.70973,46.49251],[14.67996,46.45887],[14.66208,46.4597],[14.6317,46.44058],[14.59015,46.43443],[14.55769,46.38394],[14.54033,46.37864],[14.50219,46.41836],[14.45093,46.41448],[14.42003,46.42435],[14.40649,46.43934],[14.14986,46.44006],[14.05003,46.4844],[13.98233,46.48192],[13.86068,46.51525],[13.78214,46.50778],[13.70095,46.51975]]},"properties":{"kind":"country_border"}},{"type":"Feature","geometry":{"type":"LineString","coordinates":[[19.19534,43.5328],[19.21746,43.5328],[19.25271,43.58863],[19.30087,43.5883],[19.34655,43.60884],[19.38045,43.58558],[19.41073,43.54075],[19.43182,43.57114],[19.48174,43.56083],[19.49176,43.56861],[19.47688,43.58868],[19.4775,43.61698],[19.50737,43.64718],[19.50571,43.67364],[19.46169,43.76214],[19.35947,43.84221],[19.27544,43.93326],[19.22935,43.95768],[19.24072,43.96574],[19.24351,44.00202],[19.28733,44.01303],[19.36464,43.97329],[19.44711,43.9798],[19.52855,43.97721],[19.59336,44.00558],[19.61888,44.03571],[19.59894,44.06258],[19.58023,44.05152],[19.52204,44.08501],[19.47636,44.12702],[19.46572,44.15281],[19.44256,44.1432],[19.36236,44.19121],[19.34159,44.24583],[19.30738,44.2742],[19.2495,44.27074],[19.157,44.29358],[19.13891,44.30934],[19.10894,44.36365],[19.11576,44.4036],[19.14139,44.43083],[19.12992,44.51832],[19.16527,44.52669],[19.17964,44.53826],[19.18832,44.57604],[19.20868,44.58839],[19.27761,44.68487],[19.30841,44.70513],[19.32836,44.73396],[19.36371,44.85463],[19.37663,44.863],[19.3728,44.88145],[19.35316,44.89902],[19.33022,44.89871],[19.31017,44.91235],[19.28381,44.90837],[19.23948,44.91514],[19.20186,44.90837],[19.18687,44.92754],[19.06843,44.87483],[19.00497,44.86331],[18.88963,44.86119],[18.8178,44.88755],[18.78338,44.91375],[18.77263,44.94248],[18.80457,44.97385],[18.79175,45.00154],[18.78493,45.00847],[18.73832,45.01591],[18.67817,45.08738],[18.64871,45.06268],[18.61667,45.09766],[18.58184,45.09136],[18.5496,45.09477],[18.53492,45.09043],[18.54112,45.05529],[18.51704,45.05586],[18.46609,45.07405],[18.41203,45.11244],[18.32232,45.12288],[18.23788,45.15745],[18.21329,45.15378],[18.20233,45.14407],[18.19251,45.10851],[18.15365,45.09756],[18.0903,45.108],[18.035,45.14334],[18.00348,45.14934],[17.91119,45.08107],[17.83574,45.06443],[17.7975,45.08195],[17.74138,45.13327],[17.68474,45.16396],[17.65156,45.16536],[17.62996,45.15735],[17.57239,45.1204],[17.48186,45.11441],[17.49622,45.14169],[17.47235,45.13275],[17.44775,45.1343],[17.45809,45.14613],[17.44331,45.16205],[17.43411,45.14856],[17.38243,45.13962],[17.26895,45.18954],[17.24549,45.15538],[17.1871,45.14856],[17.09842,45.17766],[17.05573,45.20045],[17.0363,45.23047],[17.00829,45.21616],[17.00829,45.24416],[16.99868,45.2314],[16.96117,45.25093],[16.96799,45.23729],[16.94732,45.23569],[16.92437,45.28452],[16.86174,45.23223],[16.83073,45.21698],[16.82422,45.18908],[16.81172,45.18122],[16.78629,45.17885],[16.58703,45.22086],[16.52894,45.22225],[16.48192,45.19952],[16.43551,45.13285],[16.38921,45.11683],[16.38198,45.08371],[16.34064,45.00594],[16.31624,45.00123],[16.27935,45.00718],[16.21299,45.03146],[16.12153,45.09616],[16.06747,45.1696],[16.02438,45.18432],[16.02923,45.20505],[16.02045,45.21393],[15.87885,45.21724],[15.8248,45.21099],[15.79235,45.1898],[15.78098,45.16799],[15.78377,45.10092],[15.75597,45.04221],[15.76744,44.99322],[15.73085,44.92723],[15.73426,44.90212],[15.77343,44.84502],[15.76868,44.82734],[15.73065,44.81701],[15.71607,44.80321],[15.72848,44.7691],[15.80568,44.69665],[15.85643,44.70358],[15.87627,44.72482],[15.88878,44.72425],[15.90542,44.69014],[15.91306,44.68451],[15.93735,44.68895],[15.9481,44.6781],[15.96898,44.63924],[16.0283,44.62472],[16.04474,44.58937],[16.00608,44.541],[16.02665,44.52519],[16.04732,44.52333],[16.0837,44.53491],[16.10489,44.53237],[16.11646,44.52147],[16.15966,44.4161],[16.15987,44.4007],[16.13827,44.3776],[16.17134,44.37709],[16.20287,44.35977],[16.18757,44.28241],[16.21578,44.20816],[16.27552,44.15736],[16.32689,44.08237],[16.3672,44.05814],[16.41402,44.05581],[16.43965,44.01401],[16.50104,43.99272],[16.55582,43.93747],[16.6786,43.84068],[16.7126,43.77152],[16.82381,43.70731],[17.03052,43.54848],[17.08457,43.51324],[17.14276,43.48934],[17.2395,43.47841],[17.2705,43.46321],[17.28642,43.43738],[17.26761,43.35332],[17.28993,43.30343],[17.32869,43.26036],[17.40021,43.21605],[17.44207,43.15243],[17.58738,43.08213],[17.62841,43.04657],[17.65931,42.9934],[17.66273,42.9657],[17.63451,42.9504],[17.58068,42.94208]]},"properties":{"kind":"country_border"}},{"type":"Feature","geometry":{"type":"LineString","coordinates":[[18.90131,45.9312],[18.90699,45.9157],[18.87288,45.89524],[18.90699,45.86795],[18.89976,45.86139],[18.85531,45.85736],[18.84498,45.81571],[18.90017,45.76491],[18.91733,45.70657],[18.9627,45.68305],[18.96849,45.66874],[18.91236,45.61923],[18.90358,45.57309],[18.94172,45.53893],[18.96022,45.53913],[19.01809,45.5674],[19.04094,45.54502],[19.09509,45.52606],[19.10625,45.51164],[19.07721,45.49164],[19.00962,45.49867],[18.99714,45.45552],[19.03132,45.4162],[19.02262,45.40239],[18.97553,45.39113],[18.97749,45.37121],[19.00752,45.35953]]},"properties":{"kind":"country_border"}},{"type":"Feature","geometry":{"type":"LineString","coordinates":[[16.94504,48.60417],[16.94752,48.62316],[16.97481,48.64987],[17.02535,48.74633],[17.04995,48.77403],[17.09873,48.80576],[17.11371,48.83392],[17.16746,48.85976],[17.21221,48.86606],[17.26027,48.85779],[17.37437,48.81961],[17.45333,48.84276],[17.4985,48.81676],[17.53508,48.81299],[17.72722,48.86291],[17.79553,48.92058],[17.86034,48.92172],[17.87873,48.93355],[17.91408,49.0105],[17.95924,49.02187],[18.01288,49.01913],[18.07552,49.04719],[18.1029,49.09225],[18.10146,49.14294],[18.11779,49.20258],[18.16058,49.2587],[18.19003,49.27694],[18.3246,49.31125],[18.38516,49.34226],[18.38764,49.38975],[18.41679,49.38546],[18.4818,49.42908],[18.51466,49.4406],[18.53564,49.48168],[18.55621,49.49016],[18.60045,49.48597],[18.6359,49.49672],[18.70452,49.47925],[18.73253,49.48029],[18.77356,49.50489],[18.8332,49.51026]]},"properties":{"kind":"country_border"}},{"type":"Feature","geometry":{"type":"LineString","coordinates":[[17.14834,48.00544],[17.18482,48.02027],[17.33789,47.99873],[17.36941,47.98121],[17.47204,47.88881],[17.52661,47.87212],[17.5726,47.82954],[17.60423,47.83424],[17.63988,47.8192],[17.67668,47.78918],[17.742,47.76538],[17.82571,47.75001],[18.11262,47.76249],[18.23592,47.75388],[18.27302,47.75626],[18.34785,47.77677],[18.55259,47.79285],[18.59745,47.79065],[18.6637,47.7759],[18.69284,47.77796],[18.76767,47.8223],[18.81645,47.83256],[18.74876,47.87072],[18.74225,47.88946],[18.75475,47.9518],[18.74318,47.97105],[18.79423,47.99314],[18.821,48.03045],[18.83847,48.04001],[18.99649,48.06621],[19.0985,48.07074],[19.22253,48.06058],[19.29322,48.08776],[19.4282,48.08585],[19.48174,48.11133],[19.48122,48.13396],[19.51398,48.20396],[19.62323,48.22701],[19.6439,48.22481],[19.68699,48.1969],[19.75655,48.20031],[19.77433,48.1859],[19.76668,48.159],[19.77608,48.14952],[19.82166,48.15791],[19.84626,48.15267],[19.88429,48.12962],[19.90507,48.1243],[19.92863,48.13009],[19.99695,48.16791],[20.10526,48.2028],[20.13451,48.24667],[20.17089,48.24403],[20.22908,48.2709],[20.27238,48.25246],[20.32427,48.27995],[20.37016,48.33434],[20.42059,48.42924],[20.48167,48.47875],[20.48167,48.52608],[20.51051,48.53378],[20.57252,48.53657],[20.80031,48.56923],[20.84548,48.54582],[20.89137,48.5411],[20.94583,48.51898],[21.03596,48.51464],[21.10934,48.48911],[21.21992,48.51872],[21.26178,48.50319],[21.27656,48.50872],[21.3023,48.53991],[21.32183,48.54758],[21.42456,48.56127],[21.49939,48.53507],[21.52182,48.50009],[21.59168,48.49301],[21.61339,48.44035],[21.67757,48.37235],[21.7277,48.3409],[21.75901,48.33377],[21.7894,48.33553],[21.92934,48.37291],[22.01801,48.37974],[22.07786,48.37581],[22.09646,48.37943],[22.13284,48.4048]]},"properties":{"kind":"country_border"}},{"type":"Feature","geometry":{"type":"LineString","coordinates":[[20.24283,46.10809],[20.30566,46.05357],[20.35393,45.97668],[20.42907,45.94671],[20.48167,45.9127],[20.538,45.90371],[20.57211,45.88769],[20.60528,45.84614],[20.6367,45.82702],[20.6459,45.78873],[20.68807,45.7431],[20.70006,45.7354],[20.72683,45.73618],[20.76517,45.76677],[20.78574,45.75256],[20.77726,45.65752],[20.75442,45.60559],[20.80021,45.5305],[20.79762,45.5165],[20.76073,45.49335],[20.76714,45.47934],[20.81602,45.46286],[20.86305,45.41873],[20.98149,45.33279],[21.06396,45.30628],[21.09156,45.28809],[21.10334,45.28607],[21.13941,45.3037],[21.20607,45.24592],[21.23925,45.22939],[21.40555,45.19967],[21.45939,45.17404],[21.49329,45.1451],[21.49412,45.11931],[21.45857,45.10733],[21.44244,45.09291],[21.44379,45.07291],[21.42188,45.03141],[21.36338,45.01653],[21.35139,44.99824],[21.35346,44.98981],[21.38394,44.98666],[21.38519,44.9695],[21.40844,44.95834],[21.4565,44.95235],[21.51634,44.9339],[21.53908,44.90847],[21.53629,44.8893],[21.48151,44.87261],[21.39531,44.87163],[21.35552,44.85659],[21.34281,44.83194],[21.37857,44.81665],[21.39593,44.79024],[21.49722,44.77804],[21.57804,44.77768],[21.59561,44.76595],[21.61969,44.71391],[21.65628,44.68766],[21.70517,44.67707],[21.75684,44.67727],[21.85544,44.69846],[21.96241,44.66229],[21.99435,44.65857],[22.0452,44.56922],[22.07631,44.55072],[22.08695,44.52178],[22.12664,44.50266],[22.17211,44.50535],[22.18514,44.51511],[22.30492,44.67738],[22.38068,44.70053],[22.42605,44.73365],[22.48372,44.72399],[22.58749,44.64937],[22.62118,44.63743],[22.70014,44.63061],[22.76515,44.58281],[22.75926,44.56467],[22.74169,44.55186],[22.70014,44.54183],[22.62118,44.56922],[22.58046,44.5655],[22.56558,44.55542],[22.54842,44.5117],[22.49106,44.50421],[22.47721,44.47698],[22.48,44.45579],[22.50543,44.43501],[22.50512,44.40406],[22.54935,44.34897],[22.58284,44.32841],[22.68154,44.30531],[22.69164,44.22843]]},"properties":{"kind":"country_border"}},{"type":"Feature","geometry":{"type":"LineString","coordinates":[[26.33336,41.71304],[26.37739,41.71063],[26.40436,41.69182],[26.47619,41.67573],[26.46441,41.64852],[26.57644,41.591],[26.59546,41.61245],[26.60228,41.58516],[26.59546,41.53741],[26.60611,41.52305],[26.63639,41.39959],[26.63174,41.35753],[26.60972,41.33071],[26.59112,41.32931],[26.55061,41.34177],[26.54017,41.35179],[26.48932,41.31086],[26.41211,41.2657],[26.3317,41.25412],[26.32054,41.24622],[26.33605,41.22891],[26.32106,41.18762],[26.33605,41.15258],[26.31734,41.1223],[26.33946,41.11449],[26.3224,41.08855],[26.32509,41.07408],[26.34762,41.04096],[26.37418,41.03114],[26.36809,41.00773],[26.33315,40.99073],[26.35909,40.96468],[26.29439,40.92665],[26.30401,40.90903],[26.2822,40.90722],[26.26039,40.92045],[26.2392,40.88567],[26.22618,40.89931],[26.22525,40.8836],[26.21192,40.87947],[26.21864,40.87198],[26.20582,40.865],[26.21202,40.84743],[26.15828,40.81219],[26.13451,40.76713],[26.11229,40.74697],[26.08159,40.73555],[26.04396,40.73847]]},"properties":{"kind":"country_border"}},{"type":"Feature","geometry":{"type":"LineString","coordinates":[[20.06496,42.54676],[20.03922,42.55777],[19.98176,42.51077],[19.90755,42.5064],[19.83551,42.47025],[19.80141,42.46813],[19.75159,42.4934],[19.73433,42.52438],[19.73216,42.55554],[19.74777,42.5789],[19.74601,42.5989],[19.72213,42.64608],[19.69929,42.65481],[19.67604,42.64667],[19.62178,42.605],[19.60504,42.58484],[19.58809,42.53286],[19.54933,42.5086],[19.51781,42.45803],[19.41724,42.37411],[19.40267,42.35202],[19.4004,42.32589],[19.30459,42.2151],[19.27493,42.19128],[19.28206,42.16456],[19.37249,42.10425],[19.35058,42.02782],[19.37104,41.98656],[19.36577,41.96971],[19.34645,41.96155],[19.35285,41.9385],[19.34531,41.91034],[19.36495,41.88899],[19.36512,41.85237]]},"properties":{"kind":"country_border"}},{"type":"Feature","geometry":{"type":"LineString","coordinates":[[22.8776,47.94674],[22.91584,47.95919],[22.92411,48.00482],[22.9393,48.00565],[23.00441,47.98307],[23.06312,48.00746],[23.09898,48.07123],[23.11862,48.09154],[23.13908,48.09812],[23.23138,48.07973],[23.36005,47.99314],[23.39447,47.99345],[23.46082,47.97134],[23.48159,47.97216],[23.51446,47.99898],[23.56324,48.00575],[23.71052,47.98508],[23.78008,47.98751],[23.84839,47.94966],[23.85522,47.93423],[23.97728,47.96229],[24.0088,47.96121],[24.09479,47.93793],[24.13117,47.91454],[24.2093,47.89759],[24.23101,47.89703],[24.29788,47.91979],[24.34717,47.92087],[24.40919,47.95206],[24.5421,47.94382],[24.63367,47.90829],[24.64928,47.89522],[24.66147,47.85388],[24.67914,47.84013],[24.80823,47.79574],[24.87779,47.71874],[24.8966,47.71006],[25.01742,47.72458],[25.07995,47.74293],[25.12191,47.77032],[25.21896,47.87847],[25.26174,47.89858],[25.75252,47.93459],[25.90124,47.96596],[25.96573,47.9649],[26.02929,47.9778],[26.12572,47.97842],[26.17306,47.99314],[26.20479,48.03738],[26.25533,48.07234],[26.27073,48.0936],[26.2975,48.15634],[26.30349,48.21205],[26.33026,48.20851],[26.39744,48.2262],[26.5874,48.24936],[26.66574,48.27421],[26.68853,48.27483],[26.72238,48.25977],[26.73313,48.27075],[26.74403,48.25558],[26.76372,48.25274],[26.80491,48.25827],[26.82191,48.25253],[26.84475,48.23331],[26.8555,48.23783],[26.89767,48.20897],[26.908,48.18453],[26.93813,48.20481],[26.96309,48.17538],[26.99761,48.16657],[26.99761,48.15794],[26.9666,48.14959],[26.9666,48.14337],[27.0127,48.12812],[27.0251,48.13505],[27.04804,48.12223],[27.0343,48.10177],[27.04174,48.07727],[27.05921,48.05805],[27.10933,48.0335],[27.10933,48.02609],[27.08897,48.01981],[27.09579,48.0056],[27.12148,48.01319],[27.14375,47.98684],[27.15718,47.99196],[27.16876,47.98307],[27.16979,47.97379],[27.15098,47.9578],[27.17827,47.93793],[27.1607,47.92173],[27.21237,47.88951],[27.21237,47.84793],[27.25341,47.82809],[27.2192,47.81378],[27.26467,47.76455],[27.28751,47.75233],[27.29506,47.71817],[27.27201,47.71497],[27.2811,47.69301],[27.36916,47.60831],[27.39707,47.58909],[27.42838,47.58102],[27.44213,47.53663],[27.45949,47.53322],[27.47313,47.49178],[27.50724,47.47798],[27.54817,47.47426],[27.57587,47.46041],[27.583,47.45067],[27.56253,47.41654],[27.58031,47.406],[27.57235,47.3752],[27.59995,47.36073],[27.63695,47.30667],[27.73327,47.27562],[27.75363,47.25143],[27.75239,47.23893],[27.78831,47.20428],[27.80769,47.16247],[27.79466,47.15583],[27.84986,47.12852],[27.84376,47.11439],[27.93843,47.06106],[27.93874,47.04664],[28.0083,47.0263],[28.02804,47.03297],[28.06907,46.9885],[28.10229,46.93512],[28.09687,46.90262],[28.11356,46.89476],[28.12152,46.8343],[28.23412,46.66242],[28.24714,46.60716],[28.22544,46.56956],[28.23412,46.55313],[28.2211,46.54119],[28.21903,46.50373],[28.23412,46.47807],[28.2458,46.47551],[28.24606,46.42786],[28.22606,46.41536],[28.23329,46.40177],[28.21293,46.38869],[28.20715,46.35815],[28.19035,46.35107],[28.19288,46.31123],[28.17779,46.28705],[28.13521,46.26932],[28.13211,46.23992],[28.10896,46.23413],[28.14472,46.18323],[28.09015,46.07336],[28.09687,46.05967],[28.08271,46.01471],[28.12498,45.91839],[28.11744,45.89524],[28.13108,45.87136],[28.11051,45.85431],[28.1133,45.82537],[28.15495,45.76181],[28.16798,45.63246],[28.10772,45.6244],[28.06214,45.5936],[28.14095,45.56022],[28.16539,45.52828],[28.16591,45.49459],[28.21293,45.4502],[28.23764,45.45206],[28.26688,45.44048],[28.28642,45.42172],[28.2812,45.40183],[28.33024,45.32292],[28.40517,45.29507],[28.49416,45.27889],[28.57705,45.24809],[28.71006,45.22696],[28.77869,45.23109],[28.80267,45.24416],[28.76727,45.25776],[28.75967,45.27419],[28.76153,45.28184],[28.79016,45.29207],[28.78975,45.32142],[28.83181,45.3223],[28.88085,45.30618],[28.92989,45.2791],[28.95284,45.28509],[28.97366,45.32369],[29.00462,45.32607],[29.06952,45.3608],[29.1275,45.37454],[29.15014,45.38788],[29.17432,45.38896],[29.22817,45.42374],[29.28181,45.42229],[29.32212,45.44384],[29.43064,45.43041],[29.5697,45.39496],[29.65026,45.34612],[29.67228,45.27295],[29.65907,45.21588]]},"properties":{"kind":"country_border"}},{"type":"Feature","geometry":{"type":"LineString","coordinates":[[26.61789,48.25897],[26.62512,48.28289],[26.6691,48.30881],[26.6798,48.33018],[26.69943,48.32511],[26.73592,48.29183],[26.75457,48.28615],[26.78573,48.29411],[26.78935,48.32594],[26.77752,48.36617],[26.78806,48.37596],[26.81695,48.37173],[26.83193,48.39136],[26.87596,48.384],[26.94324,48.35126],[26.99058,48.36237],[27.03306,48.3602],[27.02541,48.38986],[27.0374,48.39968],[27.17579,48.3618],[27.20855,48.36062],[27.24648,48.37374],[27.30601,48.42366],[27.34219,48.43611],[27.40347,48.41149],[27.48089,48.45141],[27.50383,48.47237],[27.54517,48.47237],[27.583,48.48603],[27.60481,48.48412],[27.60687,48.45782],[27.62703,48.45126],[27.75177,48.45198],[27.78526,48.44157],[27.86484,48.39891],[27.92644,48.33943],[28.0764,48.31493],[28.09832,48.28411],[28.07868,48.24491],[28.09325,48.23744],[28.13108,48.23959],[28.17852,48.25886],[28.18937,48.22305],[28.21696,48.20814],[28.29448,48.23649],[28.35773,48.23861],[28.36817,48.23062],[28.36336,48.19101],[28.32218,48.16321],[28.31742,48.13536],[28.32859,48.12701],[28.34957,48.12972],[28.38863,48.16859],[28.41158,48.1707],[28.4369,48.14985],[28.43566,48.13469],[28.41902,48.12223],[28.44744,48.08275],[28.47958,48.06492],[28.49002,48.06549],[28.51932,48.14913],[28.57364,48.15497],[28.66562,48.12934],[28.77125,48.12445],[28.79925,48.11179],[28.82757,48.05702],[28.83253,48.02482],[28.88256,47.97676],[28.95036,47.9348],[28.98085,47.92638],[29.01723,47.93108],[29.06105,47.96976],[29.09273,47.98017],[29.12399,47.97599],[29.14797,47.95537],[29.17257,47.89101],[29.23602,47.87072],[29.23277,47.85708],[29.18672,47.81822],[29.17784,47.78972],[29.22197,47.77481],[29.23861,47.756],[29.19696,47.7175],[29.18207,47.61322],[29.1305,47.55963],[29.11743,47.53333],[29.15562,47.45],[29.18207,47.42987],[29.20187,47.44659],[29.21835,47.4516],[29.23261,47.44633],[29.2507,47.42538],[29.2814,47.41147],[29.30083,47.37819],[29.34584,47.36584],[29.35891,47.35272],[29.36759,47.30822],[29.40955,47.27975],[29.4417,47.28213],[29.45916,47.2935],[29.48087,47.33827],[29.52097,47.33892],[29.55657,47.32404],[29.57926,47.2836],[29.58019,47.26045],[29.56872,47.24314],[29.54402,47.23425],[29.54484,47.13557],[29.53037,47.12369],[29.48087,47.11749],[29.47787,47.11154],[29.52014,47.05992],[29.55135,47.0902],[29.57016,47.09144],[29.6021,47.061],[29.59543,47.03214],[29.57249,47.01176],[29.55869,46.94574],[29.56748,46.93466],[29.59848,46.93538],[29.63187,46.9144],[29.69615,46.90468],[29.75413,46.85802],[29.84364,46.85414],[29.87221,46.83771],[29.88963,46.80717],[29.91743,46.81397],[29.92818,46.80975],[29.9318,46.77244],[29.95112,46.74312],[29.93128,46.61917],[29.94968,46.57886],[29.9381,46.55734],[29.89883,46.55313],[29.90193,46.53083],[29.91609,46.51882],[29.96022,46.50595],[29.97055,46.49174],[29.98926,46.49869],[30.00285,46.49422],[30.02171,46.47065],[30.01406,46.46202],[30.07701,46.42283],[30.10202,46.43073],[30.13158,46.42283],[30.08114,46.3742],[30.03727,46.36893],[29.91867,46.37366],[29.88467,46.3642],[29.84777,46.34146],[29.82813,46.33939],[29.80819,46.35469],[29.80033,46.39836],[29.71413,46.47117],[29.71382,46.44306],[29.70287,46.42833],[29.6544,46.4227],[29.64551,46.37559],[29.61564,46.36182],[29.58298,46.36965],[29.54143,46.41303],[29.48087,46.42515],[29.47332,46.4398],[29.48645,46.47587],[29.45761,46.48471],[29.41823,46.46249],[29.37472,46.41619],[29.36211,46.41593],[29.32077,46.46874],[29.30672,46.472],[29.28915,46.45164],[29.28326,46.39743],[29.25917,46.39435],[29.20068,46.35712],[29.18373,46.36717],[29.18342,46.37761],[29.20564,46.40611],[29.20677,46.50251],[29.18424,46.53804],[29.16275,46.53809],[29.02033,46.48951],[28.94581,46.45479],[28.92545,46.43277],[28.91925,46.40466],[28.94488,46.32074],[28.93351,46.25899],[29.00984,46.20436],[29.01537,46.18261],[29.00348,46.15894],[28.93878,46.08928],[28.95687,46.00138],[28.74024,45.95322],[28.72841,45.92195],[28.74644,45.87059],[28.73828,45.83757],[28.66975,45.81204],[28.66975,45.77731],[28.64361,45.76651],[28.57668,45.76191],[28.56061,45.7432],[28.56764,45.7246],[28.56144,45.71659],[28.51524,45.70202],[28.474,45.65794],[28.51131,45.63505],[28.5231,45.59324],[28.53689,45.5798],[28.49824,45.55872],[28.50201,45.50875],[28.48093,45.50198],[28.41685,45.50379],[28.34192,45.51764],[28.2705,45.52151],[28.21727,45.49335],[28.1995,45.46177]]},"properties":{"kind":"country_border"}},{"type":"Feature","geometry":{"type":"LineString","coordinates":[[22.53964,49.0722],[22.56072,49.08553],[22.58077,49.08145],[22.64289,49.04316],[22.75533,49.04471],[22.78396,49.02135],[22.85528,48.99401],[22.86696,49.00998],[22.84318,49.04311],[22.85342,49.08476],[22.77807,49.12031],[22.70572,49.16883],[22.68784,49.15592],[22.68175,49.16124],[22.73776,49.27539],[22.71978,49.38298],[22.67958,49.41895],[22.66686,49.47838],[22.64092,49.52876],[22.66583,49.56736],[22.74169,49.63366],[22.76619,49.67423],[22.82665,49.69738],[22.88825,49.76973],[22.9331,49.79107],[22.95119,49.82662],[22.99305,49.85443],[23.10146,49.95711],[23.17784,50.00398],[23.20792,50.03395],[23.43643,50.19347],[23.56531,50.25781],[23.64417,50.31269],[23.6822,50.36824],[23.74752,50.38938],[23.9287,50.39083],[23.98131,50.40478],[24.00776,50.4485],[24.01066,50.49278],[24.07505,50.51428],[24.10771,50.54084],[24.08528,50.60441],[24.10843,50.62988],[24.07494,50.69019],[24.08104,50.71298],[24.02688,50.72802],[24.01283,50.74331],[24.02585,50.76703],[23.97428,50.77618],[23.9595,50.78889],[23.95764,50.80801],[23.96994,50.82517],[23.99288,50.83623],[24.02048,50.83855],[24.04693,50.82909],[24.10047,50.83499],[24.13086,50.83907],[24.14316,50.85643],[24.13024,50.86894],[24.04693,50.89803],[23.97934,50.93751],[23.95505,50.98356],[23.91175,51.00681],[23.9042,51.06272],[23.85449,51.12153],[23.87475,51.13613],[23.86359,51.14827],[23.74266,51.21625],[23.68727,51.2924],[23.63518,51.3047],[23.63404,51.3393],[23.66556,51.36581],[23.68386,51.37028],[23.6789,51.39407],[23.6976,51.40443],[23.64872,51.45397],[23.66277,51.48019],[23.61482,51.49722],[23.60624,51.5174]]},"properties":{"kind":"country_border"}},{"type":"Feature","geometry":{"type":"LineString","coordinates":[[28.14891,56.14241],[28.11098,56.15681],[27.91145,56.10025],[27.88065,56.06387],[27.78123,56.01638],[27.77699,55.9924],[27.74444,55.95974],[27.64501,55.92284],[27.61716,55.87855],[27.59271,55.79424],[27.43882,55.79874],[27.37459,55.81484],[27.34963,55.83122],[27.26302,55.78722],[27.15145,55.83246],[27.11078,55.83628],[26.98107,55.82688],[26.90015,55.77872],[26.82284,55.70611],[26.74305,55.68286],[26.64011,55.69557],[26.61562,55.68797],[26.59453,55.66699]]},"properties":{"kind":"country_border"}},{"type":"Feature","geometry":{"type":"LineString","coordinates":[[31.76434,52.10057],[31.85871,52.09987],[31.88206,52.08641],[31.89204,52.03618],[31.91038,52.02907],[31.98056,52.04763],[32.09559,52.04073],[32.23331,52.08085],[32.2777,52.10266],[32.30674,52.14119],[32.32824,52.21917],[32.36131,52.23591],[32.367,52.2472],[32.3395,52.28725],[32.35356,52.32159],[32.39428,52.32681],[32.48058,52.30714],[32.52843,52.31621],[32.72542,52.25208],[32.84418,52.26234],[32.90898,52.2411],[33.03011,52.3036],[33.04825,52.30908],[33.07961,52.30559],[33.09904,52.32477],[33.12798,52.33272],[33.18286,52.3673],[33.35898,52.35755],[33.41933,52.33833],[33.48052,52.35776],[33.49943,52.34099],[33.49302,52.30314],[33.51008,52.28753],[33.53168,52.28882],[33.6002,52.33079],[33.68795,52.35582],[33.73358,52.36099],[33.80407,52.35461],[33.8391,52.31391],[33.9007,52.28585],[33.95775,52.22469],[34.02193,52.1979],[34.06534,52.15863],[34.07392,52.12832],[34.05666,52.10581],[34.06255,52.05021],[34.1011,51.99251],[34.09624,51.95182],[34.14616,51.95161],[34.16642,51.94226],[34.22843,51.89926],[34.23422,51.87828],[34.2767,51.88123],[34.29458,51.87389],[34.38574,51.81767],[34.41271,51.77769],[34.41416,51.73646],[34.37633,51.7086],[34.2982,51.70615],[34.12797,51.68075],[34.08911,51.66661],[34.0795,51.6431],[34.09066,51.63321],[34.14007,51.62119],[34.15298,51.58398],[34.20239,51.54616],[34.22368,51.51476],[34.2121,51.45503],[34.21706,51.41707],[34.18699,51.40831],[34.18585,51.39415],[34.24735,51.36343],[34.28032,51.36126],[34.30016,51.36839],[34.30874,51.33462],[34.28362,51.30124],[34.18595,51.24891],[34.28176,51.22644],[34.33695,51.25114],[34.37178,51.25685],[34.51348,51.22956],[34.60836,51.23401],[34.62241,51.22476],[34.64277,51.18062],[34.67492,51.16768],[34.74809,51.16473],[34.81754,51.17473],[34.94611,51.21429],[34.99944,51.2021],[35.05939,51.21233],[35.07872,51.20762],[35.09918,51.18318],[35.12378,51.09133],[35.14362,51.05849],[35.17256,51.04063],[35.30868,51.04732],[35.3464,51.0366],[35.35508,51.02559],[35.33255,50.99994],[35.27808,50.99265],[35.2848,50.94433],[35.32914,50.92909],[35.34175,50.91586],[35.34144,50.87648],[35.37772,50.83375],[35.37906,50.79721],[35.43849,50.76238],[35.44541,50.6875],[35.46887,50.66854],[35.39157,50.64637],[35.37617,50.63458],[35.37772,50.62182],[35.42526,50.50048],[35.44645,50.47604],[35.54081,50.45005],[35.57016,50.37646],[35.6114,50.35171],[35.65212,50.34111],[35.69687,50.34515],[35.73769,50.38158],[35.77438,50.3869],[35.80539,50.41217],[35.83743,50.42323],[35.93189,50.43015],[36.10584,50.42111],[36.13323,50.4116],[36.14077,50.39295],[36.1693,50.3837],[36.26903,50.28138],[36.31585,50.27487],[36.38799,50.30644],[36.41,50.30458],[36.53641,50.26753],[36.53465,50.21993],[36.59439,50.20443],[36.63583,50.21404],[36.68265,50.26065],[36.84863,50.3237],[36.91406,50.3391],[36.9801,50.34215],[37.05172,50.33533],[37.19704,50.36241],[37.2852,50.41527],[37.41521,50.43186],[37.43526,50.42493],[37.48002,50.34003],[37.56818,50.31254],[37.59918,50.29088],[37.60156,50.24903],[37.58864,50.21461],[37.59712,50.19694],[37.63184,50.1741],[37.72765,50.0787],[37.84279,50.03912],[37.91586,50.00331],[37.979,49.94145],[38.0004,49.8998],[38.06654,49.92724],[38.09032,49.92843],[38.11905,49.91918],[38.16618,49.94057],[38.16411,50.03038],[38.17393,50.06015],[38.29991,50.06051],[38.35604,49.98057],[38.42011,49.97178],[38.49753,49.94817],[38.57018,49.95664],[38.61948,49.95075],[38.66465,49.96517],[38.68728,49.9138],[38.74785,49.88543],[38.85223,49.86579],[38.9374,49.80347],[39.04912,49.81055],[39.11713,49.8644],[39.15578,49.8736],[39.18276,49.85851],[39.23805,49.76513],[39.26089,49.74451],[39.32766,49.72632],[39.44362,49.74952],[39.49912,49.72813],[39.55751,49.72399],[39.62294,49.61346],[39.72918,49.5808],[39.80153,49.5422],[39.88938,49.55326],[39.97402,49.60255],[39.99811,49.60824],[40.11551,49.59057],[40.13071,49.57982],[40.12606,49.55909],[40.05433,49.51977],[40.0349,49.48706],[40.04089,49.45548],[40.06198,49.42582],[40.15954,49.33358],[40.13401,49.23627],[40.09092,49.21726],[40.03841,49.16852],[39.95211,49.12455],[39.93093,49.10057],[39.91873,49.04781],[39.89134,49.04176],[39.8315,49.04528],[39.74892,49.02621],[39.69828,49.02838],[39.68112,49.02032],[39.67399,48.97014],[39.72598,48.93701],[39.75874,48.89541],[39.86189,48.87645],[39.90819,48.87841],[39.95036,48.85278],[40.00885,48.88782],[40.03428,48.8856],[40.05381,48.86921],[40.03872,48.82999],[39.97526,48.78968],[39.93496,48.78669],[39.82416,48.81563],[39.77941,48.80772],[39.73631,48.76152],[39.70293,48.74659],[39.63172,48.58691],[39.69011,48.59368],[39.80918,48.58375],[39.83533,48.57347],[39.85507,48.55611],[39.86953,48.50991],[39.8654,48.50149],[39.84215,48.49906],[39.84473,48.4835],[39.86478,48.46983],[39.92411,48.37612],[39.81589,48.30816],[39.88483,48.27899],[39.95738,48.29338],[39.97888,48.29008],[39.99325,48.27323],[39.97764,48.23545],[39.89372,48.18298],[39.84308,48.11975],[39.82902,48.07678],[39.84297,48.0364],[39.77879,48.02921],[39.75988,48.01495],[39.79615,47.96136],[39.77703,47.91374],[39.77559,47.85801],[39.75905,47.83295],[39.73383,47.816],[39.70076,47.81153],[39.57002,47.83093],[39.50935,47.82277],[39.45705,47.83129],[39.39163,47.82261],[39.3197,47.84602],[39.11351,47.82855],[39.03909,47.85692],[38.87724,47.86124],[38.83094,47.84824],[38.79622,47.81992],[38.771,47.78083],[38.73451,47.67714],[38.66217,47.68329],[38.58765,47.6343],[38.56222,47.62663],[38.35294,47.6071],[38.31904,47.59131],[38.2934,47.56278],[38.26033,47.49294],[38.25795,47.39323],[38.19057,47.31691],[38.18871,47.30099],[38.20101,47.29063],[38.27573,47.29182],[38.30095,47.27603],[38.28472,47.24115],[38.2225,47.21523],[38.20349,47.19231],[38.20142,47.13074],[38.21666,47.10327]]},"properties":{"kind":"country_border"}},{"type":"Feature","geometry":{"type":"LineString","coordinates":[[46.51404,38.88218],[46.55373,38.88982],[46.58535,38.9077],[46.65217,38.99294],[46.74483,39.04025],[46.77376,39.08537],[46.80601,39.10239],[46.83738,39.14324],[46.86616,39.16536],[46.89872,39.17174],[46.95375,39.16066],[47.02047,39.18996],[47.10222,39.3084],[47.29136,39.37961],[47.4069,39.47682],[47.44876,39.4947],[47.54116,39.51516],[47.607,39.56358],[47.74528,39.62378],[47.82311,39.68032],[47.93524,39.68652],[47.95726,39.70734],[47.99074,39.69427],[48.05203,39.65009],[48.22008,39.49402],[48.28861,39.44504],[48.33894,39.37894],[48.30246,39.3699],[48.24985,39.34235],[48.18722,39.33259],[48.15353,39.31905],[48.12459,39.2976],[48.10619,39.26918],[48.10433,39.23484],[48.14216,39.1812],[48.1991,39.13823],[48.25626,39.11978],[48.2713,39.10831],[48.3068,39.0454],[48.30142,39.01746],[48.28437,38.99377],[48.24318,38.97388],[48.05854,38.94837],[48.05245,38.92791],[48.00005,38.90259],[47.99074,38.89122],[47.99312,38.85008],[48.01297,38.82156],[48.07797,38.78094],[48.22298,38.72146],[48.22804,38.66219],[48.31031,38.60015],[48.34106,38.59958],[48.39175,38.61811],[48.41527,38.61811],[48.43372,38.56997],[48.57593,38.42037],[48.60786,38.39598],[48.65913,38.39264],[48.68321,38.39802],[48.77773,38.44481],[48.87428,38.43406]]},"properties":{"kind":"country_border"}},{"type":"Feature","geometry":{"type":"LineString","coordinates":[[44.77456,39.7028],[44.80699,39.6399]]},"properties":{"kind":"country_border"}},{"type":"Feature","geometry":{"type":"LineString","coordinates":[[116.68428,49.82326],[116.72231,49.80166],[117.05759,49.67289],[117.25293,49.62245],[117.47286,49.61429],[117.75884,49.51274],[117.80359,49.51889],[117.83687,49.50902],[117.87377,49.51321],[117.89382,49.54664],[117.93071,49.56731],[118.01712,49.59579],[118.10641,49.6518],[118.18848,49.68126],[118.22341,49.71211],[118.2294,49.72921],[118.2417,49.72916],[118.30516,49.76709],[118.37296,49.78632],[118.38092,49.81148],[118.39373,49.82001],[118.47704,49.83598],[118.49078,49.86952],[118.52127,49.89406],[118.64436,49.95457],[118.67056,49.96207],[118.71294,49.94946],[118.74146,49.95308],[118.89138,49.97933],[118.92378,49.99163],[118.99044,49.97933],[119.09168,49.98656],[119.20852,50.01514],[119.30133,50.07979],[119.33776,50.12413],[119.3483,50.18459],[119.33156,50.21735],[119.33378,50.27626],[119.33853,50.29404],[119.36246,50.30417],[119.36396,50.31946],[119.3529,50.34551],[119.33357,50.3499],[119.25079,50.34251],[119.22371,50.3561],[119.17534,50.3561],[119.18051,50.36979],[119.14123,50.37662],[119.13756,50.39253],[119.15488,50.41139],[119.20676,50.41512],[119.24366,50.4455],[119.26459,50.48276],[119.25089,50.50452],[119.29358,50.59924],[119.32613,50.60999],[119.34897,50.63469],[119.37373,50.64275],[119.39166,50.67205],[119.44282,50.68507],[119.49666,50.73706],[119.51485,50.79194],[119.51408,50.81339],[119.49749,50.83592],[119.52798,50.86677],[119.53,50.88708],[119.51795,50.9048],[119.60425,50.97818],[119.68322,51.01606],[119.71019,51.03854],[119.7104,51.06247],[119.74084,51.07153],[119.76523,51.14243],[119.75815,51.15802],[119.78543,51.17166],[119.75815,51.19902],[119.76218,51.21504],[119.81499,51.21589],[119.80595,51.24401],[119.81964,51.27473],[119.86062,51.28902],[119.88331,51.31801],[119.91566,51.33074],[119.8953,51.38397],[119.95286,51.39766],[119.98273,51.44216],[119.9772,51.48701],[120.05291,51.5522],[120.05673,51.59639],[120.10045,51.65995],[120.16562,51.66855],[120.3193,51.77604],[120.40834,51.82609],[120.46482,51.8402],[120.49314,51.87572],[120.54115,51.88298],[120.56631,51.90533],[120.6476,51.91102],[120.71091,51.98833],[120.69731,52.04871],[120.70563,52.06104],[120.74506,52.07667],[120.77917,52.1176],[120.77126,52.14098],[120.7832,52.16199],[120.75126,52.20296],[120.75809,52.23741],[120.73897,52.2566],[120.65494,52.29911],[120.62616,52.34681],[120.62838,52.35789],[120.6522,52.37246],[120.69039,52.43913],[120.69039,52.47016],[120.72398,52.54217],[120.65447,52.567],[120.60874,52.574],[120.49185,52.61725],[120.45402,52.63904],[120.36762,52.61725],[120.26111,52.61105],[120.17595,52.58374],[120.07937,52.58997],[120.03379,52.62537],[120.0326,52.65888],[120.05291,52.69301],[120.03296,52.76066],[120.06583,52.78321],[120.15595,52.80908],[120.21962,52.84492],[120.28018,52.86592],[120.29072,52.88535],[120.32669,52.89905],[120.35408,52.93323],[120.4503,53.00834],[120.61479,53.09707],[120.71406,53.18505],[120.82387,53.23523],[120.82599,53.26187],[120.87425,53.28016],[121.05486,53.29],[121.15181,53.2745],[121.20349,53.27675],[121.29997,53.30254],[121.341,53.32365],[121.4058,53.31682],[121.51215,53.32982],[121.64103,53.38491],[121.88897,53.43059],[122.08162,53.4295],[122.1687,53.46914],[122.2257,53.47395],[122.31675,53.49601],[122.33783,53.49131],[122.4016,53.45095],[122.47121,53.46475],[122.85966,53.47395],[123.00255,53.50733],[123.1536,53.51312],[123.25256,53.56779],[123.34025,53.56143],[123.36775,53.54583],[123.43167,53.5358],[123.48154,53.51808],[123.49477,53.56009],[123.5144,53.56242],[123.54748,53.54051],[123.51957,53.51999],[123.5419,53.5141],[123.59192,53.55787],[123.61429,53.56335],[123.70178,53.51007],[123.8502,53.49498],[123.97055,53.45519],[124.01737,53.40703],[124.06889,53.38961],[124.12181,53.35269],[124.18222,53.37855],[124.20878,53.38269],[124.25307,53.3755],[124.29343,53.35129],[124.34252,53.27249],[124.4082,53.23569],[124.52819,53.21034],[124.6516,53.20877],[124.68829,53.1936],[124.69826,53.16265],[124.72017,53.14882],[124.80135,53.15515],[124.82202,53.14725],[124.84812,53.11368],[124.87013,53.108],[124.89623,53.11766],[124.87918,53.15386],[124.88042,53.17252],[124.89768,53.18551],[125.01943,53.21073],[125.07369,53.21221],[125.12743,53.20655],[125.42809,53.09469],[125.47651,53.08351],[125.4995,53.05061],[125.52131,53.04242],[125.62136,53.06214],[125.65019,53.02338],[125.73354,52.98165],[125.71985,52.9463],[125.67887,52.93323],[125.66094,52.91935],[125.64647,52.88489],[125.66869,52.87796],[125.73649,52.89579],[125.83736,52.90672],[125.86372,52.88858],[125.85695,52.86432],[125.86744,52.84936],[125.97694,52.765],[126.01782,52.78239],[126.0667,52.78319],[126.08804,52.77541],[126.10406,52.75446],[126.03513,52.72712],[126.06861,52.67989],[126.00257,52.66549],[125.98278,52.65304],[125.97317,52.63157],[125.99084,52.58643],[126.00924,52.56839],[126.02805,52.56638],[126.05911,52.5755],[126.06861,52.59532],[126.08277,52.59335],[126.21233,52.53305],[126.20034,52.46708],[126.27599,52.46328],[126.34369,52.39138],[126.34431,52.35758],[126.31573,52.31621],[126.34441,52.30262],[126.4212,52.2873],[126.43929,52.27529],[126.39206,52.26436],[126.31222,52.22795],[126.31671,52.19976],[126.53117,52.15266],[126.55597,52.13064],[126.51443,52.04254],[126.46709,52.03166],[126.44735,52.01879],[126.43929,51.99786],[126.64791,51.74126],[126.71359,51.72317],[126.72558,51.70873],[126.72485,51.69754],[126.70734,51.68563],[126.72372,51.63589],[126.67514,51.58838],[126.6769,51.57659],[126.70057,51.56272],[126.80743,51.53422],[126.83038,51.50812],[126.7927,51.45906],[126.78929,51.4358],[126.8003,51.41896],[126.89011,51.40702],[126.90944,51.3911],[126.8975,51.36196],[126.82702,51.33899],[126.80733,51.30811],[126.80898,51.28907],[126.84588,51.25147],[126.86991,51.25173],[126.89068,51.2715],[126.88531,51.30289],[126.89936,51.31651],[126.93445,51.32875],[126.97218,51.324],[126.97776,51.29656],[126.91631,51.23277],[126.90515,51.20812],[126.90541,51.16427],[126.93177,51.06378],[126.98117,51.02769],[127.03233,50.97245],[127.11077,50.93152],[127.14426,50.90351],[127.22074,50.78817],[127.28735,50.75101],[127.29645,50.73008],[127.28229,50.69484],[127.28895,50.67515],[127.34399,50.62776],[127.36709,50.57779],[127.36481,50.55474],[127.28895,50.46602],[127.35851,50.41512],[127.35872,50.38132],[127.33066,50.3282],[127.35463,50.29864],[127.40481,50.27595],[127.57839,50.22055],[127.59064,50.20872],[127.57018,50.13022],[127.50661,50.06346],[127.48667,50.02563],[127.49442,49.97318],[127.534,49.92248],[127.50672,49.8443],[127.50811,49.82233],[127.53865,49.78993],[127.64428,49.76714],[127.67999,49.73919],[127.68996,49.68146],[127.70361,49.66064],[127.77001,49.63387],[127.85466,49.58488],[127.9207,49.58111],[127.94793,49.60121],[127.96793,49.60323],[128.01248,49.58741],[128.06715,49.54669],[128.1983,49.53899],[128.26786,49.55878],[128.32036,49.54478],[128.34475,49.54798],[128.38351,49.57935],[128.55125,49.58845],[128.62866,49.57532],[128.67187,49.61144],[128.73419,49.58442],[128.79692,49.57248],[128.80168,49.56514],[128.79951,49.53186],[128.76933,49.5207],[128.75414,49.50246],[128.75021,49.48453],[128.76013,49.47088],[128.78659,49.46546],[128.85356,49.48055],[128.87919,49.47972],[128.9471,49.44954],[128.99815,49.44127],[129.06688,49.36164],[129.11535,49.34877],[129.1939,49.3897],[129.21788,49.39078],[129.27235,49.37528],[129.31606,49.34412],[129.34097,49.34118],[129.36206,49.34981],[129.37322,49.36986],[129.3787,49.42505],[129.4034,49.43068],[129.4806,49.42127],[129.52773,49.38484],[129.53207,49.32154],[129.55181,49.29048],[129.57176,49.27984],[129.6192,49.27425],[129.66922,49.27916],[129.71118,49.27415],[129.73506,49.23891],[129.74178,49.19571],[129.77599,49.17757],[129.84151,49.16718],[129.84151,49.1092],[129.92068,49.08186],[129.91344,49.03954],[129.92647,49.02569],[129.97422,49.01515],[130.03747,48.972],[130.2018,48.8826],[130.24934,48.86451],[130.3868,48.89629],[130.43972,48.8965],[130.46535,48.89133],[130.48664,48.86369],[130.5409,48.85345],[130.62493,48.87433],[130.67433,48.87082],[130.6765,48.85743],[130.62782,48.79604],[130.52974,48.61626],[130.5408,48.59835],[130.60767,48.57673],[130.62017,48.5605],[130.61345,48.51947],[130.62637,48.48226],[130.63929,48.47725],[130.71588,48.49906],[130.7443,48.49733],[130.75897,48.48572],[130.75959,48.46792],[130.7383,48.42981],[130.74326,48.41159],[130.77964,48.35638],[130.82212,48.33377],[130.82398,48.29416],[130.77386,48.24419],[130.75277,48.18962],[130.67474,48.13593],[130.66337,48.11644],[130.67474,48.06394],[130.68239,48.05035],[130.90698,47.88426],[130.9417,47.8206],[130.94181,47.71797],[130.96568,47.70394],[131.04412,47.67722],[131.10386,47.67655],[131.21011,47.70921],[131.4409,47.74117],[131.50777,47.72153],[131.57743,47.66856],[131.60326,47.66154],[131.63065,47.66686],[131.68357,47.69461],[131.703,47.69616],[131.78041,47.67911],[131.85462,47.68407],[131.91405,47.66763],[131.96655,47.69001],[132.02536,47.69786],[132.16168,47.69001],[132.20219,47.7005],[132.25077,47.72536],[132.33242,47.73652],[132.40063,47.7298],[132.47577,47.70675],[132.52465,47.70753],[132.57416,47.73959],[132.58233,47.75613],[132.57643,47.79424],[132.66801,47.88132],[132.66036,47.93134],[132.67462,47.95061],[132.72247,47.95893],[132.77487,47.93377],[132.80588,47.9362],[132.83337,47.9516],[132.86479,47.98565],[132.94075,48.02671],[133.03284,48.05676],[133.06095,48.09185],[133.09196,48.10678],[133.22373,48.12598],[133.2628,48.11944],[133.30145,48.10128],[133.39623,48.10593],[133.46372,48.08952],[133.52439,48.09544],[133.55994,48.11329],[133.59384,48.16419],[133.67022,48.18998],[133.72127,48.24476],[133.73791,48.25109],[133.79662,48.2506],[133.86762,48.27432],[133.96643,48.27866],[134.05717,48.32718],[134.11608,48.33519],[134.20621,48.35966],[134.38635,48.38134],[134.47131,48.33989],[134.5082,48.34258],[134.54262,48.35731],[134.56949,48.31553],[134.61135,48.28543],[134.66116,48.26698],[134.71873,48.26341],[134.70302,48.25256],[134.68742,48.21985],[134.68297,48.13551],[134.66272,48.10797],[134.58644,48.06115],[134.56722,48.04038],[134.55936,48.00953],[134.56691,47.9855],[134.60132,47.94413],[134.58768,47.92591],[134.59905,47.91069],[134.65775,47.88669],[134.67646,47.82432],[134.69651,47.79507],[134.76979,47.74101],[134.76514,47.71817],[134.77258,47.71073],[134.72545,47.66324],[134.69289,47.6489],[134.68266,47.58785],[134.62427,47.54963],[134.55688,47.47119],[134.53528,47.46558],[134.48464,47.43018],[134.43658,47.42982],[134.41498,47.43922],[134.31287,47.42013],[134.27948,47.39781],[134.24507,47.3551],[134.18357,47.3275],[134.15412,47.25789],[134.16187,47.23844],[134.19721,47.20534],[134.18977,47.17294],[134.22729,47.11775],[134.21716,47.09444],[134.19711,47.08516],[134.14574,47.08118],[134.12425,47.07051],[134.08735,46.99881],[134.06916,46.98124],[134.06275,46.90685],[134.01666,46.81947],[134.04467,46.772],[134.0148,46.66503],[133.98803,46.62517],[133.90245,46.57364],[133.89191,46.52897],[133.84581,46.47065],[133.85439,46.44466],[133.90028,46.42657],[133.93387,46.39076],[133.92602,46.37131],[133.86338,46.33929],[133.87444,46.31978],[133.89635,46.3272],[133.91599,46.31299],[133.89377,46.30188],[133.90245,46.25899],[133.85532,46.23656],[133.8609,46.22359],[133.8301,46.19687],[133.80623,46.21739],[133.79352,46.21429],[133.77512,46.18669],[133.74101,46.15904],[133.68737,46.14184],[133.72003,46.06375],[133.65813,45.93451],[133.64986,45.92784],[133.61761,45.93627],[133.58588,45.87632],[133.57007,45.87643],[133.55229,45.88841],[133.51436,45.87927],[133.49834,45.8372],[133.47726,45.8201],[133.48377,45.79659],[133.51136,45.77855],[133.48491,45.76847],[133.47085,45.72889],[133.44305,45.70967],[133.45163,45.69918],[133.4878,45.68667],[133.49152,45.67339],[133.45669,45.64879],[133.47726,45.62771],[133.42765,45.61525],[133.41514,45.60042],[133.42517,45.58042],[133.41349,45.57334],[133.37484,45.57309],[133.33029,45.54926],[133.20213,45.51128],[133.17981,45.49381],[133.1332,45.41961],[133.10188,45.28721],[133.10674,45.26463],[133.09754,45.24354],[133.1272,45.15538],[133.11542,45.12303],[133.02385,45.05834],[132.99264,45.04847],[132.96618,45.02888],[132.92122,45.0279],[132.83978,45.05916],[131.96882,45.23398],[131.91456,45.26013],[131.87074,45.32633],[131.85307,45.3376],[131.81803,45.33279],[131.78527,45.30473],[131.72315,45.21533],[131.71127,45.20866],[131.6445,45.20644],[131.62776,45.19848],[131.60523,45.16463],[131.60492,45.14743],[131.62238,45.12366],[131.60905,45.0897],[131.45216,44.98372],[131.43377,44.96129],[131.32948,44.96764],[131.259,44.92816],[131.17652,44.90341],[131.15802,44.9017],[131.11006,44.91953],[131.05157,44.90904],[131.03885,44.87457],[131.0248,44.86243],[130.93343,44.84171],[130.93013,44.82497],[130.97157,44.77561],[131.02139,44.74688],[131.06583,44.68203],[131.26447,44.05421],[131.21776,44.01607],[131.2067,43.97478],[131.21734,43.90848],[131.19285,43.86024],[131.17032,43.7811],[131.17507,43.69377],[131.18799,43.65666],[131.18024,43.62302],[131.19202,43.58863],[131.16071,43.53277],[131.16691,43.52107],[131.27429,43.4512],[131.28091,43.38022],[131.24794,43.3442],[131.2377,43.26584],[131.16908,43.20171],[131.16722,43.18155],[131.18985,43.13915],[131.18396,43.12081],[131.13435,43.08933],[131.11988,43.059],[131.07833,43.03182],[131.0743,42.9934],[131.10304,42.91043],[131.07399,42.89658],[131.02387,42.89627],[131.00878,42.88689],[130.99245,42.84873],[130.85623,42.84976],[130.79432,42.86906],[130.76952,42.86581],[130.73489,42.82449],[130.64911,42.82894],[130.58648,42.81726],[130.49098,42.78083],[130.40716,42.73538],[130.37967,42.69667],[130.40375,42.67755],[130.5039,42.67781],[130.52674,42.66577],[130.57191,42.62182],[130.58431,42.5989],[130.58451,42.5689],[130.53077,42.53048],[130.51651,42.59936],[130.50142,42.61079],[130.48416,42.61001],[130.45512,42.58515],[130.47103,42.56975],[130.46793,42.5549],[130.45253,42.54934],[130.43124,42.56151],[130.42773,42.59936],[130.393,42.60624],[130.32479,42.65029],[130.31714,42.6674],[130.26267,42.70861],[130.24304,42.74336],[130.25647,42.86689],[130.23901,42.90224],[130.14041,42.90712],[130.09876,42.92152],[130.13049,42.95947],[130.13359,42.97273],[130.12149,42.98185],[130.04729,42.9619],[130.00822,42.96056],[129.98135,42.96673],[129.93412,43.00841],[129.90921,43.00844],[129.87975,42.99603],[129.90704,42.97614],[129.85174,42.9619],[129.84668,42.92823],[129.75728,42.73471],[129.75759,42.70365],[129.78756,42.67685],[129.77226,42.66166],[129.77671,42.64719],[129.75108,42.64293],[129.74157,42.629],[129.74622,42.61551],[129.76307,42.61239],[129.76307,42.60624],[129.7365,42.58515],[129.72886,42.47586],[129.70333,42.44237],[129.67119,42.43793],[129.59171,42.44795],[129.58768,42.41137],[129.56318,42.40411],[129.55419,42.37687],[129.53517,42.36956],[129.51709,42.39095],[129.43409,42.44111],[129.38624,42.42811],[129.36309,42.44501],[129.34015,42.44547],[129.35214,42.42062],[129.33787,42.41441],[129.3265,42.42677],[129.31544,42.42232],[129.30377,42.38958],[129.23607,42.37437],[129.22801,42.3592],[129.24227,42.33873],[129.23628,42.32388],[129.1939,42.31824],[129.1939,42.31078],[129.22801,42.29773],[129.21612,42.29106],[129.21116,42.26701],[129.18336,42.25455],[129.18078,42.24311],[129.18687,42.23603],[129.2093,42.23468],[129.21116,42.21996],[129.1198,42.14937],[129.08848,42.14319],[129.06471,42.15376],[129.06347,42.13609],[129.02657,42.10188],[128.96384,42.08852],[128.94007,42.03537],[128.90348,42.02627],[128.81708,42.04387],[128.72096,42.04759],[128.70928,42.03017],[128.60789,42.03017],[128.56438,42.0008],[128.54371,42.00806],[128.50237,41.99609],[128.454,42.01033],[128.40759,42.00834],[128.36377,42.02648],[128.26197,42.03286],[128.10053,41.99909],[128.03459,41.99374],[128.02043,41.96506],[128.04782,41.86398],[128.05764,41.84985],[128.09102,41.84174],[128.14425,41.75471],[128.15913,41.71182],[128.22414,41.66945],[128.25091,41.66012],[128.303,41.58341],[128.2876,41.5447],[128.18569,41.40445],[128.14611,41.37634],[128.10394,41.37913],[128.11821,41.39344],[128.10394,41.39959],[128.08813,41.3889],[128.06415,41.38843],[128.04689,41.39877],[128.05061,41.42073],[128.01516,41.41329],[128.01237,41.46011],[128.00142,41.47085],[127.97423,41.45034],[127.94421,41.47085],[127.88148,41.46088],[127.86515,41.43742],[127.84887,41.43132],[127.81037,41.44357],[127.78463,41.4369],[127.69027,41.43897],[127.66268,41.44698],[127.63834,41.42988],[127.59751,41.45034],[127.55881,41.45825],[127.54475,41.46889],[127.54289,41.49132],[127.52584,41.48434],[127.47411,41.49881],[127.42734,41.4831],[127.40512,41.4845],[127.37897,41.49881],[127.34425,41.49132],[127.30513,41.49468],[127.26906,41.50496],[127.28978,41.51855],[127.28146,41.53106],[127.24451,41.52801],[127.2071,41.54594],[127.17971,41.51695],[127.15594,41.53054],[127.13465,41.52201],[127.12824,41.53157],[127.10468,41.53741],[127.13651,41.56925],[127.17971,41.58516],[127.16607,41.59496],[127.09723,41.61245],[127.10468,41.62617],[127.05899,41.6433],[127.04943,41.65343],[127.04897,41.67774],[127.07662,41.68079],[127.04266,41.73265],[127.03316,41.73159],[126.98117,41.76332],[126.94613,41.76619],[126.93962,41.79373],[126.9298,41.80104],[126.88712,41.78492],[126.86479,41.74727],[126.80888,41.72983],[126.78862,41.69591],[126.72728,41.73691],[126.69659,41.74123],[126.67948,41.73598],[126.68713,41.72402],[126.72795,41.70125],[126.6693,41.66712],[126.61788,41.66593],[126.60207,41.64206],[126.56703,41.61415],[126.58088,41.57524],[126.57727,41.56181],[126.54223,41.48899],[126.5013,41.43437],[126.52213,41.37763],[126.52213,41.35195],[126.48766,41.3444],[126.5013,41.36611],[126.47252,41.36652],[126.44089,41.34838],[126.38059,41.29081],[126.35733,41.24942],[126.30953,41.20782],[126.27475,41.15258],[126.12375,41.07553],[126.13817,41.05698],[126.10133,41.0221],[126.10406,41.00918],[126.07564,40.99709],[126.06582,40.96861],[126.04552,40.94469],[125.99203,40.92836],[125.98056,40.91363],[126.01001,40.91389],[126.01534,40.90913],[126.00784,40.89931],[125.96428,40.8913],[125.93617,40.8774],[125.90154,40.89931],[125.88521,40.8975],[125.82196,40.86975],[125.76093,40.88567],[125.7459,40.86815],[125.70641,40.86045],[125.68321,40.8479],[125.64482,40.81059],[125.68264,40.76888],[125.66869,40.76216],[125.60993,40.76129],[125.58653,40.78185],[125.57175,40.7849],[125.56007,40.77834],[125.54648,40.72594],[125.46906,40.71292],[125.45299,40.67338],[125.41889,40.66656],[125.41325,40.63178],[125.39088,40.63246],[125.36359,40.64672],[125.33667,40.64114],[125.29331,40.64858],[125.27719,40.64362],[125.25611,40.61504],[125.02511,40.53437],[125.01529,40.50828],[125.0463,40.47107],[125.04129,40.4611],[124.9353,40.45557],[124.91794,40.4611],[124.89551,40.48363],[124.84988,40.43159],[124.80084,40.39407],[124.7412,40.37035],[124.71247,40.31031],[124.6426,40.29429],[124.57088,40.25243],[124.55486,40.24142],[124.54866,40.22091],[124.52819,40.21414],[124.36997,40.09829]]},"properties":{"kind":"country_border"}},{"type":"Feature","geometry":{"type":"LineString","coordinates":[[130.69996,42.29511],[130.66275,42.32057],[130.65665,42.38325],[130.6458,42.40088],[130.58741,42.43201],[130.53077,42.53048]]},"properties":{"kind":"country_border"}},{"type":"Feature","geometry":{"type":"LineString","coordinates":[[35.61222,32.68155],[35.56055,32.6409],[35.57254,32.62124],[35.56561,32.60755],[35.57998,32.56039],[35.5744,32.5544],[35.57254,32.56039],[35.56561,32.5461],[35.55941,32.55295],[35.56561,32.52559],[35.55197,32.52559],[35.55197,32.51882],[35.56137,32.51918],[35.57998,32.49148],[35.56127,32.47709],[35.57254,32.45673],[35.55197,32.43621],[35.5591,32.41397],[35.54515,32.40957],[35.56561,32.36795],[35.55197,32.37482],[35.55652,32.32821],[35.56561,32.31335],[35.56086,32.28263],[35.57254,32.25191],[35.55941,32.23759],[35.57254,32.23759],[35.55517,32.17439],[35.55941,32.15509],[35.5467,32.14703],[35.55197,32.1352],[35.53523,32.11081],[35.54515,32.08683],[35.5283,32.0751],[35.52282,32.05784],[35.52468,32.01169],[35.54587,31.94456],[35.52468,31.91924],[35.54908,31.83919],[35.53833,31.8193],[35.55941,31.76535],[35.52758,31.73507],[35.48014,31.64112],[35.46422,31.56857],[35.45285,31.40082],[35.41647,31.33184],[35.42391,31.3246],[35.42226,31.303],[35.3957,31.25768],[35.41069,31.20461],[35.43621,31.15955],[35.44324,31.13221],[35.43849,31.10374],[35.39157,31.02395],[35.38526,30.96328],[35.33493,30.91258],[35.32222,30.88995],[35.31663,30.82282],[35.27953,30.78024],[35.26382,30.71978],[35.20532,30.6171],[35.14,30.43019],[35.14,30.40616],[35.16212,30.3614],[35.12523,30.24467],[35.14528,30.12338],[35.12905,30.08974],[35.08626,30.03403],[35.05412,29.92339],[35.04895,29.84231],[35.00255,29.7331],[34.98983,29.65196],[34.96699,29.60812],[34.95558,29.55899]]},"properties":{"kind":"country_border"}},{"type":"Feature","geometry":{"type":"LineString","coordinates":[[88.11822,27.86088],[88.16462,27.84536],[88.16659,27.8336],[88.1546,27.81515],[88.15966,27.77412],[88.13486,27.72317],[88.11088,27.6395],[88.02334,27.49491],[88.02809,27.45512],[88.04163,27.43807],[88.01476,27.37807],[88.03512,27.32257],[87.98934,27.21839],[87.98546,27.14837],[87.96918,27.1108],[88.00949,27.04564],[88.04282,27.02895],[88.07688,26.99179],[88.15139,26.86281],[88.16752,26.72504],[88.14664,26.66122],[88.10168,26.58194],[88.07982,26.51756],[88.07419,26.45394],[88.04432,26.40568],[88.00665,26.36986],[87.97549,26.36656],[87.91477,26.40826],[87.8973,26.44345],[87.86981,26.46464],[87.85208,26.46066],[87.8216,26.43751],[87.80444,26.43735],[87.76899,26.45146],[87.75617,26.44691],[87.74222,26.41048],[87.72754,26.40376],[87.7109,26.40568],[87.68119,26.42423],[87.58698,26.37803],[87.55205,26.38671],[87.48032,26.4234],[87.41645,26.42697],[87.3564,26.40371],[87.32622,26.35333],[87.31403,26.34377],[87.30049,26.34599],[87.2453,26.37023],[87.2191,26.4081],[87.13502,26.3942],[87.10629,26.40475],[87.06671,26.46562],[87.04133,26.58019],[87.02991,26.57977],[86.97245,26.53197],[86.87597,26.49492],[86.86568,26.47244],[86.82186,26.43813],[86.79644,26.43151],[86.75189,26.44552],[86.7382,26.44371],[86.7136,26.41456],[86.5579,26.48402],[86.49491,26.52784],[86.35367,26.58262],[86.316,26.58096],[86.30861,26.60215],[86.28443,26.61202],[86.22516,26.5974],[86.19585,26.58267],[86.15265,26.60065],[86.11586,26.60256],[86.0417,26.64545],[86.01137,26.65445],[85.95215,26.64204],[85.86637,26.57993],[85.82854,26.56613],[85.80973,26.60303],[85.781,26.5992],[85.71289,26.65321],[85.70224,26.68845],[85.70963,26.76245],[85.70183,26.79661],[85.68777,26.81185],[85.60938,26.85102],[85.59858,26.85438],[85.51946,26.82643],[85.43962,26.78772],[85.42153,26.78266],[85.38588,26.78844],[85.33704,26.74679],[85.28728,26.73697],[85.19493,26.75888],[85.16568,26.78627],[85.16202,26.85102],[85.12285,26.8657],[85.04399,26.84374],[85.01856,26.8458],[85.01805,26.87443],[84.95273,26.89764],[84.92405,26.95567],[84.85175,26.98213],[84.82813,26.99494],[84.81749,27.0106],[84.80193,27.01375],[84.7607,26.99902],[84.64024,27.02838],[84.62727,27.03649],[84.62148,27.05799],[84.6544,27.12537],[84.65765,27.20341],[84.63192,27.27704],[84.60655,27.31048],[84.57704,27.32903],[84.28941,27.37611],[84.2677,27.38856],[84.22554,27.44039],[84.18585,27.43864],[84.16575,27.47217],[84.12156,27.49496],[84.11717,27.51328],[84.09955,27.51687],[84.0796,27.50954],[84.02891,27.45373],[84.00767,27.44081],[83.97584,27.43972],[83.92302,27.44995],[83.83409,27.43404],[83.87119,27.38944],[83.87765,27.36991],[83.87739,27.36174],[83.8546,27.34505],[83.6634,27.43228],[83.59043,27.45662],[83.48098,27.46975],[83.38703,27.47047],[83.36099,27.4622],[83.35592,27.45249],[83.35582,27.42866],[83.37096,27.41021],[83.36275,27.38562],[83.32435,27.34169],[83.30487,27.33192],[83.28244,27.33094],[83.24942,27.3481],[83.21924,27.39378],[83.16963,27.43119],[83.13279,27.44422],[83.01047,27.44339],[82.94716,27.45732],[82.87626,27.48755],[82.75214,27.49496],[82.72971,27.51817],[82.70925,27.63092],[82.69705,27.6694],[82.67969,27.69441],[82.65214,27.70415],[82.52616,27.67521],[82.44068,27.66643],[82.40193,27.67717],[82.34792,27.72601],[82.27041,27.76048],[82.15104,27.84828],[82.09037,27.87233],[82.05161,27.90517],[82.02722,27.91241],[81.97591,27.91695],[81.9464,27.90535],[81.8832,27.84905],[81.85565,27.85094],[81.75013,27.90967],[81.68895,27.9632],[81.61505,27.98124],[81.56193,28.02599],[81.47346,28.0664],[81.45821,28.07728],[81.43527,28.12978],[81.39604,28.16063],[81.35791,28.16598],[81.33811,28.13273],[81.30706,28.12381],[81.29621,28.12831],[81.29941,28.14252],[81.27677,28.15379],[81.29595,28.16745],[81.28236,28.19159],[81.22432,28.25078],[81.19037,28.33812],[81.1697,28.36132],[81.14634,28.37225],[81.00041,28.397],[80.9878,28.43098],[80.97602,28.43692],[80.94119,28.43268],[80.90527,28.44085],[80.88667,28.45279],[80.87225,28.49687],[80.79841,28.5057],[80.78166,28.51475],[80.72709,28.55968],[80.67862,28.57472],[80.63563,28.62787],[80.56359,28.64704],[80.55584,28.67895],[80.5176,28.68003],[80.48762,28.65647],[80.48845,28.56244],[80.46881,28.57185],[80.42654,28.61681],[80.40835,28.62634],[80.34975,28.62022],[80.3297,28.62748],[80.29105,28.68967],[80.25704,28.70275],[80.23327,28.73272],[80.16206,28.75328],[80.11421,28.80258],[80.03639,28.83703],[80.03391,28.91594],[80.05292,28.94911],[80.09943,28.97728],[80.10791,28.99459],[80.1047,29.02761],[80.11307,29.07221],[80.13261,29.11021],[80.16351,29.12337],[80.22066,29.12608],[80.23307,29.13931],[80.21374,29.19657],[80.2188,29.21109],[80.23606,29.21308],[80.25818,29.20246],[80.27875,29.26809],[80.28009,29.31015],[80.25498,29.31664],[80.24216,29.36741],[80.21374,29.41689],[80.21767,29.43464],[80.25746,29.45006],[80.26624,29.47213],[80.32009,29.51582],[80.32722,29.54859],[80.35078,29.56207],[80.3852,29.60483],[80.38675,29.62682],[80.3544,29.70488],[80.3543,29.73028],[80.36898,29.75793],[80.39523,29.77658],[80.45486,29.79059],[80.47615,29.80614],[80.54953,29.89368],[80.57134,29.94686],[80.64141,29.96344],[80.71583,30.01331],[80.76967,30.07729],[80.82983,30.11713],[80.84967,30.14338],[80.83644,30.17005],[80.88388,30.21041]]},"properties":{"kind":"country_border"}},{"type":"Feature","geometry":{"type":"LineString","coordinates":[[101.15902,21.55269],[101.15711,21.51967],[101.00343,21.40598],[100.89604,21.35575],[100.85134,21.31477],[100.79197,21.29736],[100.75667,21.31245],[100.72541,21.31167],[100.68939,21.15933],[100.62552,21.05412],[100.54345,21.0274],[100.55725,20.992],[100.52924,20.96844],[100.51782,20.90632],[100.5157,20.88648],[100.5342,20.87392],[100.62309,20.88855],[100.65213,20.88276],[100.65213,20.87661],[100.5989,20.83346],[100.53668,20.80767],[100.38367,20.8317],[100.36481,20.82819],[100.32967,20.78602],[100.29019,20.77501],[100.22161,20.70959],[100.17293,20.6221],[100.14927,20.5481],[100.12095,20.38878],[100.09981,20.36222],[100.0993,20.3178]]},"properties":{"kind":"country_border"}},{"type":"Feature","geometry":{"type":"LineString","coordinates":[[28.98085,-28.90904],[28.92586,-28.85953],[28.87284,-28.78356],[28.8437,-28.76475],[28.78768,-28.74874],[28.75864,-28.70047],[28.74386,-28.68951],[28.69952,-28.68848],[28.68898,-28.67442],[28.66655,-28.59722],[28.6343,-28.57076],[28.61942,-28.57242],[28.56247,-28.60652],[28.40341,-28.61892],[28.38295,-28.62647],[28.33644,-28.68466],[28.29706,-28.70688],[28.25086,-28.70739],[28.23071,-28.69954],[28.15495,-28.70233],[28.01873,-28.85684],[28.01357,-28.87844],[27.9775,-28.88072],[27.94504,-28.8555],[27.92623,-28.85343],[27.91166,-28.86077],[27.88799,-28.9049],[27.86133,-28.91544],[27.74743,-28.90862],[27.75477,-28.92547],[27.72015,-28.94593],[27.71167,-28.99099],[27.69906,-28.99058],[27.66749,-29.02665],[27.63917,-29.03533],[27.66496,-29.06572],[27.64439,-29.07254],[27.63752,-29.06572],[27.63075,-29.07254],[27.6356,-29.09662],[27.61297,-29.13383],[27.55571,-29.19543],[27.5215,-29.21651],[27.52889,-29.26095],[27.45329,-29.29165],[27.44585,-29.33196],[27.40626,-29.36399],[27.41908,-29.38384],[27.41763,-29.39655],[27.36554,-29.44668],[27.35025,-29.48027],[27.31604,-29.48719],[27.3025,-29.51809],[27.26312,-29.54114],[27.12814,-29.57856],[27.08587,-29.61442],[27.07202,-29.59995],[27.0622,-29.60016],[27.04236,-29.62806],[27.03295,-29.61618],[27.02241,-29.61618],[27.01487,-29.62558],[27.00215,-29.66651],[27.05099,-29.69679],[27.08013,-29.73513],[27.19884,-29.97853],[27.26591,-30.03331],[27.31278,-30.1316],[27.35666,-30.13222],[27.38136,-30.14266],[27.34368,-30.21294],[27.36616,-30.31102],[27.40781,-30.31856],[27.4521,-30.31009],[27.47747,-30.35629],[27.52967,-30.38223],[27.53659,-30.40321],[27.58682,-30.45499],[27.5986,-30.49033],[27.65953,-30.53054],[27.71353,-30.58377],[27.77844,-30.60971],[27.8204,-30.61456],[27.85823,-30.60371],[27.93657,-30.64082],[28.0547,-30.6497],[28.07878,-30.6588],[28.08157,-30.58687],[28.12085,-30.55338],[28.14121,-30.50077],[28.12539,-30.45726],[28.13325,-30.44538],[28.2182,-30.38739],[28.23846,-30.35225],[28.23577,-30.32941],[28.19846,-30.3011],[28.20063,-30.28249],[28.23702,-30.25634],[28.29438,-30.24249],[28.38388,-30.14421],[28.45623,-30.147],[28.54056,-30.1133],[28.60588,-30.13129],[28.63968,-30.13149],[28.72949,-30.10183],[28.79564,-30.08943],[28.86003,-30.06638],[29.15065,-29.91114],[29.13298,-29.85203],[29.1058,-29.82557],[29.11376,-29.75012],[29.1613,-29.66692],[29.19034,-29.64687],[29.26734,-29.6261],[29.27861,-29.61359],[29.27995,-29.58145],[29.29628,-29.57163],[29.28202,-29.55613],[29.27514,-29.53225],[29.28274,-29.48564],[29.30382,-29.46683],[29.39953,-29.43035],[29.41255,-29.4103],[29.41374,-29.38012],[29.43591,-29.34239],[29.41503,-29.31893],[29.414,-29.2903],[29.37596,-29.23553],[29.35746,-29.18333],[29.31685,-29.14737],[29.31178,-29.0898],[29.2814,-29.07864],[29.20843,-29.06892],[29.12595,-28.99244],[29.05578,-28.96536],[29.04968,-28.93301],[29.04053,-28.92299],[28.98085,-28.90904]]},"properties":{"kind":"country_border"}},{"type":"Feature","geometry":{"type":"LineString","coordinates":[[30.47179,-1.06684],[30.48101,-1.05911],[30.49341,-1.06024],[30.51166,-1.07337],[30.59274,-1.06345],[30.63863,-1.07337],[30.6871,-1.025],[30.77712,-0.98583],[30.82838,-1.00257],[34.00002,-1.00257],[34.00199,-1.02872],[34.01542,-1.03751],[34.05253,-1.0404],[37.64486,-3.04596],[37.66016,-3.07056],[37.70005,-3.31437],[37.68186,-3.31571],[37.67194,-3.32429],[37.66988,-3.35612],[37.65096,-3.35757],[37.62719,-3.37028],[37.58523,-3.41297],[37.57944,-3.44635],[37.60817,-3.46361],[37.59619,-3.49968],[37.59908,-3.51343],[37.66833,-3.5125],[37.70832,-3.52717],[37.72982,-3.55539],[37.74718,-3.61699],[37.77096,-3.65543],[39.1906,-4.6775]]},"properties":{"kind":"country_border"}},{"type":"Feature","geometry":{"type":"LineString","coordinates":[[35.2693,5.49178],[35.26196,5.51189],[35.22341,5.543],[35.09866,5.62247],[35.08822,5.64175],[35.07954,5.69978],[34.98436,5.84101],[34.97268,5.87626],[34.97991,5.91284],[34.95531,5.95256],[34.96978,5.99669],[34.95945,6.06172],[34.95149,6.08118],[34.89888,6.13867],[34.87997,6.18763],[34.84473,6.24869],[34.83263,6.35354],[34.78426,6.44183],[34.7761,6.49945],[34.73352,6.63761],[34.7145,6.65567],[34.70355,6.68492],[34.61849,6.73654],[34.55399,6.73925],[34.52474,6.75287],[34.5111,6.81431],[34.52474,6.82457],[34.5233,6.84418],[34.50366,6.89002],[34.43917,6.93487],[34.29758,6.96857],[34.28073,6.98009],[34.27081,7.0034],[34.19825,7.06438],[34.19577,7.12902],[34.18141,7.16721],[34.16776,7.17538],[34.13242,7.16339],[34.08591,7.2115],[34.03361,7.25026],[34.03061,7.3487],[34.02369,7.38244],[34.00653,7.40994],[33.88241,7.53608],[33.85254,7.55355],[33.81151,7.56099],[33.76107,7.59814],[33.71606,7.65716],[33.6372,7.69131],[33.5723,7.68522],[33.55085,7.69131],[33.5168,7.72609],[33.46233,7.7495],[33.39329,7.73974],[33.3598,7.71927],[33.34714,7.71896],[33.29159,7.73307],[33.23392,7.7832],[33.16452,7.80113],[33.13212,7.79394],[33.12085,7.7833],[33.05832,7.79797],[33.04075,7.82485],[33.02349,7.83508],[32.9898,7.91724],[33.02163,7.96525],[33.03114,7.99631],[33.10059,8.07103],[33.11754,8.10416],[33.16478,8.11705],[33.18514,8.14108],[33.18782,8.1609],[33.16798,8.18136],[33.16994,8.2055],[33.18162,8.22573],[33.20689,8.24074],[33.20829,8.25368],[33.18576,8.26451],[33.16436,8.29278],[33.16116,8.30458],[33.17408,8.34306],[33.16188,8.36151],[33.17408,8.40448],[33.20291,8.41411],[33.21035,8.42078],[33.20643,8.43057],[33.23516,8.45563],[33.25273,8.45817],[33.36135,8.43429],[33.3921,8.45186],[33.48052,8.45765],[33.48992,8.46292],[33.48476,8.47401],[33.50512,8.47488],[33.55214,8.44682],[33.6001,8.46395],[33.62041,8.4607],[33.65167,8.4345],[33.69554,8.37288],[33.74102,8.36709],[33.75621,8.37014],[33.82412,8.41949],[33.95031,8.43321],[34.09025,8.55651],[34.10317,8.57932],[34.11185,8.62655],[34.06689,9.53118],[34.09821,9.67972],[34.22192,10.02603],[34.28083,10.08011],[34.30347,10.11354],[34.30181,10.16029],[34.31742,10.18127],[34.32589,10.22356],[34.32486,10.26865],[34.27618,10.48871],[34.27174,10.53008],[34.27949,10.56551],[34.36558,10.68578],[34.42005,10.78082],[34.57477,10.88414],[34.75067,10.74394],[34.75698,10.7288],[34.75439,10.68413],[34.76483,10.68025],[34.7729,10.68826],[34.78623,10.71899],[34.79853,10.72966],[34.83852,10.72914],[34.85134,10.74575],[34.86157,10.78759],[34.93382,10.84531],[34.95066,10.86918],[34.95831,10.90342],[34.95283,10.91843],[34.91356,10.95298],[34.98032,11.15526],[34.98415,11.1864],[34.95397,11.22611],[34.94425,11.25324],[34.94715,11.27487],[35.07314,11.54896],[35.07438,11.58736],[35.04626,11.64864],[35.04812,11.68952],[35.04058,11.7274],[35.04823,11.77138],[35.07272,11.81887],[35.08802,11.83819],[35.12667,11.86295],[35.21556,11.89659],[35.24573,11.92987],[35.25142,11.97173],[35.29782,12.00159],[35.31736,12.02371],[35.35374,12.14603],[35.41255,12.19864],[35.42877,12.26695],[35.61687,12.57515],[35.62587,12.58512],[35.66245,12.59365],[35.67238,12.6043],[35.68767,12.65923],[35.72839,12.67437],[36.02998,12.71716],[36.09943,12.69566],[36.11504,12.70181],[36.14325,12.83255],[36.14304,12.85694],[36.11535,12.91172],[36.11442,12.93389],[36.14987,12.98024],[36.13695,13.03244],[36.23358,13.36164],[36.3821,13.57103],[36.3913,13.59935],[36.39843,13.67604],[36.45817,13.82014],[36.45538,13.87001],[36.43801,13.91995],[36.43212,13.96992],[36.52638,14.26352],[36.42509,15.13344],[36.43316,15.15086],[36.50674,15.22034],[36.52493,15.24791],[36.57558,15.39343],[36.59511,15.42433],[36.62787,15.44562],[36.61413,15.48926],[36.61671,15.53153],[36.67097,15.72312],[36.68327,15.74519],[36.73267,15.79475],[36.75954,15.83748],[36.88594,16.18485],[36.90217,16.211],[36.94403,16.25286],[36.95426,16.27828],[36.92822,16.36112],[36.93369,16.41807],[36.92625,16.43827],[36.88336,16.49042],[36.87654,16.51357],[36.89256,16.58653],[36.89235,16.63687],[36.90145,16.65573],[36.96036,16.70565],[36.98496,16.7657],[36.98878,16.82554],[36.99974,16.84213],[36.99126,16.86078],[36.99064,16.91365],[36.96811,16.94662],[36.9924,16.9802],[36.99705,16.99953],[36.99343,17.01865],[36.97359,17.04521],[36.97348,17.06253],[36.9801,17.07002],[37.00046,17.0726],[37.13399,17.01643],[37.23342,17.02465],[37.28096,17.05297],[37.30979,17.05534],[37.40343,17.02992],[37.45976,17.09472],[37.47278,17.13699],[37.49469,17.17461],[37.50565,17.23678],[37.49604,17.31217],[37.63918,17.35801],[37.67959,17.36344],[37.72042,17.38385],[37.76393,17.45909],[37.79886,17.47713],[37.81922,17.4717],[37.84919,17.444],[37.87203,17.43728],[37.89591,17.44255],[37.94686,17.49573],[38.03885,17.54818],[38.06179,17.54808],[38.0712,17.5381],[38.07647,17.47986],[38.09145,17.48002],[38.10799,17.49382],[38.11843,17.51294],[38.11946,17.5456],[38.1606,17.55733],[38.20969,17.52229],[38.23336,17.5257],[38.2502,17.54182],[38.25661,17.60254],[38.34374,17.65593],[38.37133,17.69882],[38.43159,17.85199],[38.45929,17.89074],[38.60157,18.00483]]},"properties":{"kind":"country_border"}},{"type":"Feature","geometry":{"type":"LineString","coordinates":[[11.11402,-3.93686],[11.21252,-3.69729],[11.33469,-3.60862],[11.41396,-3.58764],[11.45499,-3.52821],[11.48259,-3.50929],[11.53271,-3.51653],[11.56982,-3.54495],[11.66593,-3.6914],[11.68764,-3.69874],[11.7421,-3.69171],[11.83833,-3.71094],[11.87998,-3.68716],[11.89765,-3.66608],[11.90551,-3.64355],[11.89848,-3.62236],[11.83492,-3.59208],[11.82499,-3.5712],[11.82778,-3.54805],[11.89837,-3.3892],[11.94147,-3.35695],[11.95491,-3.33545],[11.94437,-3.30321],[11.82189,-3.25484],[11.78159,-3.22166],[11.70386,-3.18539],[11.68753,-3.17102],[11.68826,-3.09226],[11.70645,-3.04989],[11.71689,-3.04359],[11.75368,-3.04235],[11.77838,-3.02715],[11.77838,-3.00566],[11.63679,-2.83326],[11.61684,-2.82675],[11.58842,-2.83543],[11.5479,-2.86386],[11.53075,-2.86675],[11.52558,-2.84329],[11.53747,-2.79771],[11.61033,-2.67885],[11.62439,-2.63276],[11.61901,-2.58646],[11.57653,-2.50253],[11.58335,-2.42967],[11.55824,-2.34936],[11.56837,-2.32911],[11.60537,-2.33035],[11.65591,-2.34564],[11.72133,-2.40414],[11.75606,-2.4151],[11.8066,-2.37417],[11.90706,-2.34461],[11.93837,-2.32911],[11.96679,-2.34854],[12.00069,-2.3906],[12.03129,-2.41158],[12.06229,-2.41499],[12.45927,-2.32993],[12.4479,-2.30792],[12.4755,-2.21242],[12.47023,-2.1563],[12.49978,-2.09553],[12.46082,-2.07786],[12.44005,-2.04582],[12.43147,-2.00541],[12.42692,-1.88407],[12.43808,-1.88665],[12.46899,-1.91942],[12.48656,-1.92489],[12.49947,-1.91787],[12.5063,-1.8882],[12.52345,-1.8633],[12.58319,-1.8265],[12.63239,-1.82516],[12.67497,-1.84283],[12.74545,-1.89389],[12.80457,-1.91911],[12.84715,-2.03724],[12.87299,-2.06587],[12.8763,-2.10493],[12.89511,-2.10979],[12.88271,-2.1408],[12.90203,-2.16726],[12.9071,-2.19537],[12.94565,-2.18245],[12.98244,-2.23299],[12.99019,-2.26803],[13.00818,-2.2765],[13.01066,-2.28777],[12.9967,-2.30482],[12.98709,-2.34068],[12.96611,-2.36642],[12.96901,-2.37241],[12.98244,-2.37169],[13.0121,-2.34203],[13.02502,-2.3382],[13.1352,-2.37696],[13.17685,-2.36197],[13.36102,-2.42884],[13.43895,-2.42543],[13.4589,-2.44104],[13.46944,-2.43504],[13.48226,-2.40807],[13.5576,-2.34048],[13.60339,-2.32001],[13.61744,-2.2796],[13.70157,-2.19475],[13.70948,-2.15351],[13.74317,-2.09708],[13.78276,-2.13801],[13.80053,-2.20043],[13.82327,-2.24684],[13.86058,-2.29366],[13.86389,-2.32146],[13.89252,-2.3412],[13.90616,-2.3598],[13.89004,-2.37365],[13.87588,-2.40383],[13.84766,-2.42306],[13.8458,-2.46657],[13.86213,-2.48093],[13.90947,-2.48972],[13.96703,-2.4706],[13.98564,-2.5015],[14.04558,-2.4861],[14.09002,-2.49861],[14.10677,-2.46026],[14.13188,-2.43515],[14.13147,-2.4089],[14.14418,-2.39019],[14.18232,-2.36332],[14.23441,-2.35495],[14.22697,-2.32311],[14.15121,-2.25903],[14.148,-2.22482],[14.19586,-2.20178],[14.20919,-2.1872],[14.20433,-2.15217],[14.23379,-2.13449],[14.25167,-2.03786],[14.23348,-2.01822],[14.24505,-1.97481],[14.39729,-1.90681],[14.40453,-1.89306],[14.39688,-1.84945],[14.4067,-1.73555],[14.4131,-1.71395],[14.44876,-1.68625],[14.40298,-1.67085],[14.39088,-1.63034],[14.36484,-1.61205],[14.41321,-1.58528],[14.43036,-1.55489],[14.46313,-1.54869],[14.46271,-1.5336],[14.43843,-1.50259],[14.45631,-1.44017],[14.48773,-1.40937],[14.48214,-1.3886],[14.447,-1.36534],[14.43233,-1.35015],[14.42633,-1.33103],[14.46075,-1.27801],[14.46581,-1.22437],[14.45641,-1.20246],[14.4283,-1.16949],[14.43439,-1.13507],[14.39181,-1.02335],[14.39202,-1.00898],[14.40256,-0.98769],[14.41279,-0.92154],[14.45713,-0.85612],[14.44597,-0.77571],[14.49217,-0.66337],[14.49899,-0.63092],[14.46654,-0.55268],[14.41445,-0.51216],[14.39233,-0.4824],[14.35864,-0.46131],[14.2927,-0.43641],[14.24474,-0.4516],[14.19307,-0.44044],[14.15968,-0.45511],[14.15059,-0.37646],[14.13829,-0.33636],[14.12144,-0.30215],[14.0954,-0.27662],[14.05881,-0.25885],[14.01871,-0.25264],[13.98233,-0.26226],[13.96703,-0.24582],[13.92156,-0.23787],[13.90306,-0.25885],[13.88342,-0.26494],[13.83123,-0.20541],[13.83216,-0.17709],[13.8427,-0.15229],[13.92114,-0.05297],[13.91298,-0.01659],[13.93293,0.02207],[13.92507,0.03437],[13.9014,0.03685],[13.89489,0.04367],[13.89066,0.11591],[13.87123,0.19642],[13.87577,0.2203],[13.90978,0.27094],[13.94523,0.35042],[13.96652,0.37305],[14.04041,0.41377],[14.05912,0.43527],[14.06305,0.45594],[14.04558,0.49728],[14.07597,0.53945],[14.12547,0.54617],[14.23182,0.54255],[14.25094,0.55185],[14.32877,0.6212],[14.33838,0.69391],[14.36732,0.73551],[14.41341,0.77504],[14.44762,0.81623],[14.4376,0.87514],[14.46623,0.89964],[14.46809,0.91323],[14.43657,0.93328],[14.40081,0.97033],[14.34644,1.08712],[14.29849,1.10924],[14.28288,1.13011],[14.27471,1.15564],[14.27306,1.25724],[14.25218,1.33082],[14.18387,1.38085],[14.14449,1.39162],[14.12444,1.39359],[14.0707,1.37511],[14.04951,1.3764],[14.00083,1.41302],[13.79474,1.43444],[13.78058,1.43102],[13.75485,1.37434],[13.7441,1.37028],[13.72436,1.37795],[13.69909,1.36279],[13.64225,1.35739],[13.61507,1.33744],[13.5792,1.32349],[13.54344,1.28349],[13.47978,1.27713],[13.41394,1.29553],[13.37694,1.29444],[13.35741,1.28907],[13.34294,1.26385],[13.3078,1.25672],[13.28919,1.23398],[13.25023,1.22179],[13.18491,1.22251],[13.18181,1.23646],[13.15018,1.25662],[13.1692,1.25858],[13.18832,1.29145],[13.23359,1.30881],[13.25126,1.33765],[13.23958,1.35651],[13.23948,1.42798],[13.22346,1.438],[13.20548,1.48637],[13.18491,1.49689],[13.1909,1.51107],[13.18264,1.53655],[13.17127,1.54526],[13.16445,1.53784],[13.12962,1.59246],[13.14677,1.61225],[13.14998,1.63628],[13.14398,1.68181],[13.15752,1.73915],[13.15018,1.7563],[13.17302,1.77695],[13.19101,1.82873],[13.18832,1.85658],[13.16217,1.89983],[13.17819,1.90779],[13.21023,1.95632],[13.20692,1.99357],[13.28113,2.04497],[13.29136,2.06894],[13.29839,2.21583],[13.28465,2.24224],[13.24289,2.27149],[13.2123,2.26405],[13.19173,2.27769],[13.13334,2.28451],[13.09303,2.25346],[13.04094,2.24421],[12.99691,2.26002],[12.97221,2.25035],[12.92477,2.26405],[12.90317,2.25035],[12.8764,2.25718],[12.86782,2.24498],[12.80819,2.26405],[12.77016,2.24069],[12.7499,2.23671],[12.61461,2.25692],[12.57482,2.27769],[12.55146,2.27227],[12.47839,2.29588],[12.43994,2.29852],[12.38486,2.28591],[12.3216,2.31407],[12.20264,2.27955],[12.11883,2.28782],[11.96617,2.28875],[11.76815,2.28017],[11.70138,2.29872],[11.6712,2.321],[11.65725,2.3225],[11.6186,2.3104],[11.35164,2.30058],[11.35598,2.26519],[11.33593,2.22917],[11.33241,2.18803],[11.32208,2.16576],[9.991,2.16561],[9.87214,2.21124],[9.82367,2.24901],[9.81085,2.26488],[9.81106,2.32487],[9.79957,2.34174]]},"properties":{"kind":"country_border"}},{"type":"Feature","geometry":{"type":"LineString","coordinates":[[1.1854,6.10049],[1.18797,6.13565],[1.17619,6.15151],[1.0934,6.16092],[1.07965,6.16792],[1.04813,6.20939],[1.02519,6.22233],[1.00968,6.24445],[0.98354,6.3246],[0.8868,6.33039],[0.84132,6.37922],[0.76681,6.41935],[0.74572,6.4409],[0.71792,6.48883],[0.71172,6.51338],[0.71348,6.53999],[0.72743,6.57143],[0.71461,6.58391],[0.66821,6.58583],[0.63224,6.62399],[0.62666,6.64489],[0.63534,6.69538],[0.62583,6.72776],[0.59379,6.75111],[0.57664,6.75473],[0.54108,6.81718],[0.51928,6.83225],[0.51607,6.84181],[0.54625,6.91477],[0.53447,6.93591],[0.49457,6.97312],[0.57891,6.99678],[0.59803,7.0312],[0.59772,7.15889],[0.6218,7.21884],[0.64568,7.32359],[0.62304,7.3979],[0.5664,7.38079],[0.54821,7.38327],[0.51669,7.41102],[0.50057,7.45505],[0.49561,7.5043],[0.49943,7.56238],[0.50925,7.58538],[0.56206,7.6123],[0.57054,7.68392],[0.58335,7.70429],[0.61229,7.69943],[0.59317,8.01574],[0.57498,8.12462],[0.59328,8.15067],[0.59152,8.16449],[0.57271,8.191],[0.57385,8.20394],[0.59503,8.21273],[0.64506,8.25342],[0.70521,8.28275],[0.71275,8.29797],[0.70882,8.32257],[0.68919,8.3313],[0.68505,8.38256],[0.64671,8.41416],[0.61632,8.48876],[0.5508,8.51933],[0.44352,8.60687],[0.40373,8.66208],[0.37443,8.72477],[0.36587,8.77427],[0.37267,8.78375],[0.38528,8.78608],[0.39711,8.78153],[0.40781,8.75905],[0.42497,8.78732],[0.41959,8.79125],[0.46248,8.7883],[0.47349,8.79355],[0.48352,8.83481],[0.50563,8.86633],[0.49313,8.91522],[0.43127,9.02759],[0.45848,9.08924],[0.46365,9.13709],[0.5047,9.18717],[0.49292,9.25861],[0.52248,9.28507],[0.52661,9.29765],[0.53757,9.37765],[0.53137,9.40111],[0.51328,9.41679],[0.48279,9.42788],[0.49168,9.45128],[0.48352,9.47002],[0.41166,9.49224],[0.33378,9.47947],[0.32182,9.44284],[0.26849,9.42064],[0.23136,9.41896],[0.22681,9.43235],[0.23498,9.44377],[0.22805,9.47397],[0.28531,9.48836],[0.30192,9.50746],[0.29314,9.51828],[0.2535,9.51425],[0.22591,9.53193],[0.2302,9.57575],[0.30456,9.57156],[0.32244,9.58314],[0.35461,9.5711],[0.37081,9.57564],[0.37773,9.58942],[0.36916,9.61014],[0.34936,9.61391],[0.3088,9.60368],[0.27764,9.60699],[0.26169,9.62794],[0.26097,9.65716],[0.27529,9.68559],[0.31872,9.64861],[0.33665,9.65083],[0.34709,9.66316],[0.34761,9.69884],[0.32389,9.74207],[0.32244,9.76067],[0.34389,9.83839],[0.34172,9.90379],[0.36957,9.93883],[0.34978,9.99717],[0.35572,10.01898],[0.34978,10.02882],[0.39391,10.03249],[0.39815,10.05213],[0.39515,10.07236],[0.36339,10.08967],[0.3536,10.11551],[0.35719,10.22],[0.37205,10.26514],[0.3966,10.28322],[0.3666,10.30449],[0.3088,10.2971],[0.31758,10.31733],[0.27882,10.36663],[0.28311,10.39681],[0.27324,10.4066],[0.23322,10.39862],[0.19707,10.41027],[0.18751,10.39495],[0.17986,10.39417],[0.12602,10.49161],[0.05726,10.54111],[0.02943,10.58253],[-0.01092,10.59827],[-0.03335,10.61506],[-0.06836,10.62106],[-0.08813,10.63349],[-0.09834,10.65416],[-0.09769,10.67501],[-0.08281,10.75622],[-0.0611,10.79136],[-0.03206,10.81317],[-0.03609,10.85314],[-0.01444,10.9536],[0.01419,10.98367],[0.01621,11.06258],[0.00112,11.08599],[-0.03227,11.09857],[-0.10335,11.08754],[-0.12174,11.09219],[-0.15867,11.11844],[-0.16611,11.13498],[0.48662,11.00321],[0.49065,10.99636],[0.48362,10.97969],[0.49974,10.97569],[0.48765,10.93324],[0.6126,10.97657],[0.67534,10.98853],[0.90147,10.99274],[0.93196,10.9761],[0.96328,10.97414],[0.96907,11.0029],[0.95532,11.01199],[0.95243,11.0424],[0.98137,11.08013],[1.00793,11.07506],[1.03501,11.04928],[1.05609,11.05607],[1.09702,11.04928],[1.11417,11.02767],[1.11862,11.04824],[1.10095,11.07041],[1.09702,11.10449],[1.08276,11.11069],[1.08276,11.1318],[1.06332,11.12697],[1.06229,11.14206],[1.10043,11.15162],[1.11748,11.17898],[1.15841,11.16593],[1.14931,11.21725],[1.13061,11.24758],[1.13557,11.26011],[1.15634,11.28554],[1.17216,11.26148],[1.21897,11.26805],[1.26838,11.24789],[1.28264,11.27887],[1.26838,11.30621],[1.27334,11.31822],[1.30248,11.28885],[1.31633,11.29988],[1.33039,11.28885],[1.34786,11.3035],[1.33039,11.34716],[1.33907,11.3661],[1.39808,11.39869],[1.38982,11.4284],[1.41111,11.44984],[1.43384,11.45941],[1.43963,11.47377],[1.47529,11.46077],[1.56934,11.45331],[1.56324,11.42602],[1.58061,11.42706],[1.60159,11.38869],[1.7191,11.42778],[1.78225,11.42602],[1.84064,11.44548],[1.85801,11.44031],[1.87981,11.44486],[1.94803,11.41672],[1.98337,11.41401],[2.01076,11.4269],[2.14698,11.56374],[2.22005,11.62255],[2.28744,11.66528],[2.29085,11.70321],[2.3016,11.73153],[2.34004,11.77386],[2.3541,11.79985],[2.39017,11.89654],[2.37653,11.92408],[2.38087,11.9479],[2.40743,11.95121],[2.42893,11.98036],[2.45673,11.97906],[2.45528,12.00867],[2.42862,12.02035],[2.40557,12.04671],[2.37188,12.14045],[2.36123,12.21889],[2.37002,12.23626],[2.3942,12.24721],[2.44371,12.24923],[2.45952,12.26675],[2.47771,12.2576],[2.49507,12.28323],[2.51626,12.28142],[2.5237,12.26917],[2.58613,12.29403],[2.60359,12.28783],[2.6286,12.3008],[2.66385,12.29155],[2.67294,12.29672],[2.70043,12.3471],[2.73227,12.34679],[2.76854,12.38007],[2.83242,12.38405],[2.8443,12.39924],[2.91262,12.34633],[2.94497,12.29248],[3.00936,12.27631],[3.06341,12.19378],[3.25203,12.02413],[3.26991,11.95653],[3.30701,11.90238],[3.34164,11.88289],[3.36913,11.89731],[3.38091,11.89504],[3.49542,11.83752],[3.55372,11.76967],[3.5717,11.72187],[3.5964,11.69577]]},"properties":{"kind":"country_border"}},{"type":"Feature","geometry":{"type":"LineString","coordinates":[[-5.52258,10.42549],[-5.50899,10.49094],[-5.48165,10.53533],[-5.46811,10.58783],[-5.47855,10.60424],[-5.47741,10.61956],[-5.46057,10.64457],[-5.47591,10.65038],[-5.48263,10.68423],[-5.46796,10.75268],[-5.44646,10.7687],[-5.43142,10.84469],[-5.47912,10.97553],[-5.5018,10.97021],[-5.4956,10.9962],[-5.50733,11.05695],[-5.50423,11.07268],[-5.48976,11.08212],[-5.39013,11.0947],[-5.33251,11.12157],[-5.32233,11.13555],[-5.30673,11.1994],[-5.26285,11.25159],[-5.26347,11.39018],[-5.21831,11.4222],[-5.22466,11.54077],[-5.23391,11.57599],[-5.26947,11.6041],[-5.29996,11.60642],[-5.3076,11.61764],[-5.28068,11.69949],[-5.27954,11.73903],[-5.28714,11.75892],[-5.29897,11.77267],[-5.33427,11.79081],[-5.37065,11.79106],[-5.406,11.8123],[-5.41235,11.82853],[-5.3923,11.83235],[-5.36987,11.82016],[-5.3538,11.83173],[-5.31902,11.83742],[-5.30652,11.84605],[-5.27515,11.83742],[-5.16782,11.94366],[-5.08932,11.97927],[-5.0047,11.98067],[-4.95375,12.00511],[-4.88996,11.99793],[-4.84724,12.01307],[-4.82624,12.0127],[-4.80681,11.99627],[-4.76128,12.00661],[-4.74689,12.01508],[-4.71462,12.05901],[-4.67359,12.05973],[-4.65372,12.06914],[-4.63612,12.11756],[-4.60031,12.13755],[-4.57023,12.1389],[-4.56047,12.14949],[-4.58553,12.19724],[-4.49355,12.27284],[-4.48817,12.3207],[-4.46249,12.32819],[-4.43582,12.30173],[-4.40613,12.30747],[-4.41536,12.35031],[-4.45164,12.43531],[-4.44368,12.45945],[-4.39345,12.51645],[-4.38725,12.53396],[-4.42249,12.59722],[-4.48254,12.64626],[-4.49132,12.66279],[-4.48525,12.71468],[-4.36885,12.73899],[-4.29723,12.71215],[-4.25764,12.72093],[-4.23413,12.74235],[-4.21188,12.81919],[-4.22465,12.86451],[-4.22131,12.92125],[-4.22932,12.94895],[-4.28973,13.01347],[-4.3164,13.07086],[-4.35107,13.10607],[-4.35107,13.11832],[-4.32704,13.16855],[-4.3102,13.17555],[-4.2348,13.17561],[-4.23002,13.19315],[-4.25811,13.21413],[-4.25351,13.22909],[-4.2055,13.27299],[-4.16602,13.27816],[-4.13158,13.32384],[-4.10427,13.3827],[-4.08755,13.39799],[-4.05254,13.409],[-4.0282,13.43153],[-3.97691,13.46063],[-3.97161,13.46995],[-3.99797,13.48052],[-3.98125,13.49897],[-3.96448,13.48781],[-3.95606,13.46166],[-3.91797,13.45107],[-3.91859,13.44032],[-3.94273,13.43195],[-3.98404,13.39647],[-3.97161,13.38676],[-3.8926,13.37893],[-3.79863,13.34715],[-3.59688,13.1994],[-3.56996,13.19677],[-3.54505,13.17449],[-3.44947,13.16881],[-3.43948,13.18486],[-3.45227,13.23751],[-3.44854,13.26578],[-3.42653,13.27423],[-3.26241,13.28392],[-3.24863,13.29278],[-3.28396,13.5422],[-3.2639,13.60266],[-3.25972,13.65831],[-3.26628,13.68234],[-3.28695,13.69777],[-3.26706,13.71704],[-3.24042,13.70798],[-3.19582,13.6749],[-3.1251,13.67728],[-3.08221,13.64622],[-3.06751,13.60677],[-3.01911,13.63751],[-2.97232,13.62447],[-2.89524,13.65165],[-2.92338,13.74604],[-2.92806,13.79962],[-2.89447,13.86657],[-2.85538,13.99618],[-2.86729,14.00054],[-2.84086,14.04299],[-2.69319,14.1232],[-2.59738,14.22231],[-2.51615,14.26786],[-2.46168,14.28091],[-2.38561,14.26471],[-2.15188,14.15614],[-2.10434,14.15118],[-2.03592,14.18123],[-2.02341,14.19864],[-2.00502,14.44424],[-1.99706,14.47069],[-1.96703,14.48374],[-1.83696,14.47958],[-1.76668,14.48317],[-1.69692,14.49612],[-1.35027,14.71497],[-1.30774,14.73466],[-1.1167,14.78044],[-1.07856,14.79636],[-1.04332,14.81791],[-0.78282,15.04838],[-0.7529,15.06973],[-0.71972,15.07846],[-0.4679,15.07991],[-0.45865,15.07546],[-0.42573,15.0026],[-0.39767,15.00213],[-0.29918,15.05474],[-0.2367,15.06562],[-0.16699,15.04968],[-0.0334,14.99593],[0.21847,14.91098],[0.2132,14.98542],[0.22126,14.99593],[0.35319,14.96343],[0.38704,14.96325],[0.48352,14.99211],[0.51483,14.99356],[0.67007,14.93974],[0.76918,14.96906],[0.92214,14.97397],[0.97372,14.99126],[1.27086,15.2599],[1.29783,15.27574],[1.33153,15.28362],[3.00016,15.33912],[3.01029,15.41766],[3.03354,15.42645],[3.07302,15.4272],[3.5071,15.35397],[3.51651,15.46919],[3.52653,15.49595],[3.61407,15.54773],[3.69221,15.63145],[3.7289,15.65088],[3.80838,15.66558],[3.8461,15.6853],[3.87122,15.7148],[3.89447,15.78865],[3.90987,15.90477],[3.98325,15.98399],[3.96692,16.0585],[3.97116,16.0861],[4.06056,16.29833],[4.09477,16.34081],[4.1759,16.39264],[4.18396,16.41605],[4.182,16.80962],[4.20205,16.8489],[4.19781,16.96522],[4.2037,16.98279],[4.23564,16.99586],[4.22861,19.14224]]},"properties":{"kind":"country_border"}},{"type":"Feature","geometry":{"type":"LineString","coordinates":[[-8.48545,7.55799],[-8.54782,7.60078],[-8.56653,7.62341],[-8.57278,7.65075],[-8.56741,7.68821],[-8.68657,7.69436],[-8.72758,7.62202],[-8.73003,7.58744],[-8.73918,7.56569],[-8.72683,7.55184],[-8.72962,7.50869],[-8.75649,7.47241],[-8.79039,7.45081],[-8.79923,7.41221],[-8.83341,7.39387],[-8.86537,7.34689],[-8.85137,7.29289],[-8.85783,7.27305],[-8.92542,7.2486],[-8.94438,7.27868],[-8.9572,7.28648],[-8.96257,7.26297],[-8.97772,7.26622],[-8.98102,7.25057],[-9.0157,7.23889],[-9.03285,7.24028],[-9.07311,7.21134],[-9.11394,7.20039],[-9.12541,7.19021],[-9.11605,7.22468],[-9.11962,7.23796],[-9.1469,7.25408],[-9.15308,7.27547],[-9.18148,7.27568],[-9.20628,7.29837],[-9.21987,7.361],[-9.23434,7.38131],[-9.29951,7.37661],[-9.3194,7.41195],[-9.34922,7.42156],[-9.37516,7.41929],[-9.40735,7.37805],[-9.4381,7.42156],[-9.48663,7.37283],[-9.49071,7.37604],[-9.4735,7.39557],[-9.46621,7.43345],[-9.43609,7.45856],[-9.4134,7.49226],[-9.40493,7.5136],[-9.4087,7.52745],[-9.38366,7.55954],[-9.37299,7.60135],[-9.35351,7.62243],[-9.37469,7.64692],[-9.37624,7.68057],[-9.35547,7.74191],[-9.41567,7.82443],[-9.43867,7.86624],[-9.44844,7.90784],[-9.44601,7.95006],[-9.42456,8.00582],[-9.42415,8.02618],[-9.44094,8.05057],[-9.45154,8.05176],[-9.47422,8.02881],[-9.45981,8.06879],[-9.48141,8.1647],[-9.53014,8.1855],[-9.52543,8.24079],[-9.50916,8.26559],[-9.53939,8.31458],[-9.49913,8.34347],[-9.52905,8.36631],[-9.57918,8.38729],[-9.60016,8.41088],[-9.61954,8.39272],[-9.67726,8.39153],[-9.67592,8.40964],[-9.64512,8.44341],[-9.65054,8.46481],[-9.68351,8.48705],[-9.70325,8.48726],[-9.7155,8.47333],[-9.72212,8.43564],[-9.7463,8.46806],[-9.75731,8.53271],[-9.77358,8.56302],[-9.79059,8.5654],[-9.79002,8.55307],[-9.80885,8.52847],[-9.80681,8.50625],[-9.85864,8.48705],[-9.8728,8.50036],[-9.94417,8.48835],[-10.04039,8.42566],[-10.06168,8.42217],[-10.07501,8.42664],[-10.07935,8.43995],[-10.06928,8.48687],[-10.0761,8.5015],[-10.09108,8.5101],[-10.16488,8.52465],[-10.18183,8.51958],[-10.23242,8.47705],[-10.24027,8.49375],[-10.28224,8.48463]]},"properties":{"kind":"country_border"}},{"type":"Feature","geometry":{"type":"LineString","coordinates":[[-11.38842,12.4039],[-11.38863,12.38446],[-11.43167,12.38297],[-11.44723,12.37454],[-11.45147,12.35212],[-11.44459,12.28948],[-11.46325,12.24995],[-11.49167,12.22091],[-11.50779,12.19161],[-11.4896,12.1512],[-11.47079,12.13461],[-11.39173,12.09373],[-11.33468,12.02619],[-11.27499,11.99627],[-11.19117,12.01441],[-11.16564,12.04862],[-11.15939,12.07751],[-11.13629,12.0851],[-11.1166,12.11373],[-11.07278,12.14949],[-11.05232,12.20251],[-10.95212,12.21946],[-10.90979,12.20013],[-10.86964,12.13843],[-10.80494,12.09596],[-10.79854,12.0681],[-10.81104,12.04154],[-10.80779,12.02283],[-10.78102,11.99622],[-10.74035,11.91989],[-10.71136,11.89039],[-10.66996,11.89204],[-10.65508,11.89896],[-10.61379,11.96769],[-10.55948,11.99519],[-10.56651,12.01725],[-10.51509,12.05291],[-10.51731,12.08035],[-10.50444,12.08836],[-10.51163,12.11807],[-10.49349,12.12443],[-10.44569,12.12071],[-10.42895,12.14339],[-10.3814,12.18014],[-10.35339,12.16649],[-10.35412,12.18086],[-10.32988,12.19042],[-10.32358,12.202],[-10.31102,12.19104],[-10.30497,12.20287],[-10.26694,12.21781],[-10.24782,12.20107],[-10.17976,12.17822],[-10.12865,12.1745],[-10.09729,12.15368],[-10.06018,12.14753],[-9.96158,12.09601],[-9.92319,12.08758],[-9.87074,12.05208],[-9.83368,12.05513],[-9.77865,12.02666],[-9.72299,12.02542],[-9.6863,12.06815],[-9.67514,12.13399],[-9.62817,12.17016],[-9.51562,12.20706],[-9.4796,12.23584],[-9.43888,12.25476],[-9.36017,12.24664],[-9.33682,12.26985],[-9.33501,12.30654],[-9.32183,12.31021],[-9.31289,12.32607],[-9.30917,12.35775],[-9.33917,12.37062],[-9.34715,12.39645],[-9.37469,12.41113],[-9.41257,12.45536],[-9.39816,12.47324],[-9.35087,12.48461],[-9.33418,12.49629],[-9.29408,12.48379],[-9.26586,12.49521],[-9.18949,12.47924],[-9.14732,12.46549],[-8.99384,12.38751],[-8.96475,12.34628],[-8.96309,12.32421],[-8.99591,12.26101],[-8.99428,12.22484],[-8.97384,12.18758],[-8.94201,12.19585],[-8.92702,12.18737],[-8.90604,12.14774],[-8.9263,12.06428],[-8.92211,12.04536],[-8.90372,12.03038],[-8.83798,12.02816],[-8.81979,12.01265],[-8.81491,11.9554],[-8.79783,11.92511],[-8.84723,11.65795],[-8.82853,11.65919],[-8.77721,11.63593],[-8.72652,11.64947],[-8.71287,11.64007],[-8.68735,11.55002],[-8.65675,11.49643],[-8.60218,11.47209],[-8.57521,11.47028],[-8.54958,11.49013],[-8.52756,11.42339],[-8.42772,11.40008],[-8.37532,11.36765],[-8.41413,11.35347],[-8.42607,11.34047],[-8.41796,11.32551],[-8.37103,11.32055],[-8.37672,11.29466],[-8.3884,11.28141],[-8.40669,11.27528],[-8.48322,11.28492],[-8.49258,11.27779],[-8.50312,11.25541],[-8.49878,11.2335],[-8.5518,11.21074],[-8.56394,11.19343],[-8.57815,11.14206],[-8.61541,11.13405],[-8.62461,11.12204],[-8.62311,11.09126],[-8.63368,11.07129],[-8.6798,11.02519],[-8.69691,10.99605],[-8.69623,10.96274],[-8.68094,10.9523],[-8.64797,10.96582],[-8.59335,10.96471],[-8.55955,10.97161],[-8.54157,10.98378],[-8.50576,11.05279],[-8.46901,11.04638],[-8.43816,11.04974],[-8.41046,11.04191],[-8.36933,11.05424],[-8.32659,11.02385],[-8.3051,10.97825],[-8.30365,10.87489],[-8.30587,10.85629],[-8.31889,10.83952],[-8.33982,10.78386],[-8.34194,10.76325],[-8.31559,10.75309],[-8.31114,10.73529],[-8.29554,10.53745],[-8.22887,10.42342],[-8.21058,10.41407],[-8.18903,10.41363],[-8.13544,10.42732],[-8.12542,10.41167],[-8.11549,10.36025],[-8.09612,10.34673],[-8.01571,10.33934],[-7.99628,10.32826],[-7.97121,10.2818],[-7.96258,10.23325],[-7.98966,10.16199]]},"properties":{"kind":"country_border"}},{"type":"Feature","geometry":{"type":"LineString","coordinates":[[107.52039,14.70458],[107.47378,14.64626],[107.45177,14.63218],[107.43032,14.58624],[107.42784,14.55371],[107.41492,14.54343],[107.35157,14.56162],[107.30568,14.59722],[107.28728,14.59852],[107.2339,14.54493],[107.21974,14.49798],[107.18057,14.49617],[107.15871,14.45152],[107.13142,14.42754],[107.07856,14.40078],[107.04295,14.43072],[107.02724,14.43527],[106.97795,14.36543],[106.9611,14.36039],[106.94611,14.32352],[106.93361,14.32016],[106.89568,14.33631],[106.83584,14.30706],[106.8069,14.31293],[106.76669,14.34832],[106.70716,14.4293],[106.6344,14.4509],[106.60536,14.46664],[106.58567,14.49596],[106.54376,14.51211],[106.531,14.56596],[106.5125,14.59035],[106.47224,14.56407],[106.47317,14.53749],[106.48485,14.52382],[106.44578,14.52909],[106.43648,14.52382],[106.43359,14.5057],[106.44516,14.49948],[106.41922,14.46646],[106.39379,14.45617],[106.30646,14.44548],[106.23008,14.49046],[106.20394,14.3999],[106.18916,14.37889],[106.17324,14.36967],[106.06353,14.37292],[106.05542,14.34843],[106.03816,14.34765],[105.97398,14.36584],[105.96917,14.33202],[106.00452,14.28998],[106.00405,14.24593],[106.01247,14.22577],[106.07619,14.17451],[106.10172,14.11516],[106.14456,14.0724],[106.14947,14.05356],[106.14208,14.03501],[106.08198,13.98096],[106.08384,13.93401],[106.06916,13.91654],[105.97398,13.92928],[105.92457,13.91711],[105.89966,13.92261],[105.87305,13.93685],[105.78711,14.01015],[105.74402,14.08694],[105.71601,14.10154],[105.66934,14.10041],[105.64314,14.11345],[105.61725,14.10299],[105.59457,14.13635],[105.57653,14.14402],[105.56139,14.13816],[105.53318,14.16433],[105.49049,14.13692],[105.42217,14.10787],[105.36409,14.10405],[105.33779,14.10999],[105.30394,14.15239],[105.27531,14.16482],[105.25691,14.18244],[105.19743,14.27029],[105.18798,14.29102],[105.18431,14.34574]]},"properties":{"kind":"country_border"}},{"type":"Feature","geometry":{"type":"LineString","coordinates":[[107.99122,21.48566],[107.85546,21.60034],[107.83236,21.63935],[107.7779,21.65599],[107.74482,21.65754],[107.69025,21.62473],[107.6132,21.60561],[107.53305,21.60866],[107.51827,21.58737],[107.50132,21.58153],[107.46102,21.59636],[107.45704,21.6315],[107.44593,21.64695],[107.42603,21.65206],[107.34816,21.59935],[107.32965,21.61605],[107.3032,21.6887],[107.27266,21.71831],[107.21214,21.70524],[107.17235,21.71506],[107.06585,21.79583],[107.0029,21.81056],[106.98911,21.82425],[106.98714,21.84482],[107.02115,21.89226],[107.02022,21.91293],[107.00936,21.92745],[106.97123,21.93582],[106.92038,21.91696],[106.89883,21.92776],[106.86477,21.96807],[106.78152,21.97504],[106.72876,22.00832],[106.6746,21.96217],[106.65895,21.96279],[106.6482,21.99551],[106.66789,22.04269],[106.67218,22.0925],[106.65869,22.11193],[106.66132,22.14356],[106.63967,22.19089],[106.66293,22.2233],[106.63378,22.30944],[106.6173,22.32277],[106.55534,22.33197],[106.5418,22.3451],[106.52691,22.43827],[106.54588,22.47253],[106.57714,22.59531],[106.58799,22.60777],[106.60763,22.60999],[106.64634,22.5688],[106.66789,22.56911],[106.68019,22.57945],[106.6977,22.63087],[106.73553,22.69541],[106.74664,22.74435],[106.7915,22.77213],[106.79873,22.78437],[106.78984,22.79719],[106.73036,22.79763],[106.71491,22.8261],[106.66747,22.86752],[106.64794,22.86698],[106.63275,22.84961],[106.61037,22.85287],[106.58169,22.89527],[106.48779,22.92542],[106.47798,22.91961],[106.47374,22.8971],[106.45798,22.88897],[106.31566,22.8538],[106.25541,22.85465],[106.23401,22.86385],[106.22709,22.87556],[106.223,22.91238],[106.20239,22.947],[106.17004,22.96602],[106.13211,22.97501],[106.07759,22.98103],[105.99925,22.97537],[105.96121,22.9324],[105.9132,22.92439],[105.876,22.92827],[105.85388,22.90465],[105.75471,23.00568],[105.71968,23.0196],[105.69032,23.04397],[105.55157,23.05968],[105.53969,23.07547],[105.52827,23.15551],[105.47385,23.1945],[105.4259,23.27321],[105.41447,23.27848],[105.38952,23.27543],[105.34404,23.30419],[105.31216,23.36581],[105.29366,23.36628],[105.24554,23.33018],[105.21754,23.26535],[105.2009,23.25401],[105.18958,23.2522],[105.15563,23.26685],[105.1424,23.25375],[105.06106,23.23246],[104.98143,23.19037],[104.93507,23.15427],[104.89476,23.17034],[104.88086,23.17171],[104.87006,23.16355],[104.86128,23.1196],[104.83591,23.09975],[104.81146,23.09619],[104.79792,23.08557],[104.82702,22.95428],[104.82361,22.92413],[104.7742,22.89623],[104.72821,22.8391],[104.70077,22.81825],[104.66274,22.81093],[104.60982,22.823],[104.58843,22.80685],[104.56466,22.81995],[104.56238,22.8344],[104.55355,22.83605],[104.449,22.74518],[104.35547,22.68864],[104.34017,22.68637],[104.24948,22.72833],[104.23682,22.74208],[104.22876,22.78344],[104.24116,22.8244],[104.21326,22.82502],[104.1282,22.79683],[104.08686,22.79156],[104.02381,22.71918],[104.00748,22.63025],[103.98557,22.57025],[103.98536,22.52715],[103.95952,22.5071],[103.94071,22.52467],[103.91705,22.53325],[103.89462,22.56922],[103.86682,22.57542],[103.83633,22.60276],[103.79421,22.65944],[103.72641,22.71629],[103.64693,22.79905],[103.59004,22.76802],[103.56833,22.72497],[103.54715,22.70068],[103.55092,22.64079],[103.50364,22.58141],[103.47315,22.59165],[103.44751,22.61826],[103.40431,22.6888],[103.40173,22.73784],[103.35708,22.77603],[103.32158,22.79039],[103.30964,22.78794],[103.24489,22.66869],[103.14175,22.60704],[103.13001,22.57795],[103.14469,22.55578],[103.142,22.5378],[103.09126,22.50509],[103.04418,22.48648],[103.04506,22.44054],[103.02904,22.43016],[103.00894,22.43031],[102.95654,22.45972],[102.90259,22.47723],[102.83184,22.59971],[102.7519,22.62529],[102.69273,22.6705],[102.61248,22.69159],[102.58669,22.71608],[102.55837,22.69495],[102.53579,22.69583],[102.51579,22.74518],[102.46778,22.76859],[102.44272,22.76517],[102.42561,22.74531],[102.41523,22.70983],[102.39497,22.68053],[102.36272,22.67743],[102.35585,22.66994],[102.35626,22.65872],[102.38432,22.62885],[102.25255,22.49548],[102.23131,22.42633],[102.21803,22.41067],[102.16454,22.42551],[102.12884,22.41088],[102.11866,22.39755]]},"properties":{"kind":"country_border"}},{"type":"Feature","geometry":{"type":"LineString","coordinates":[[113.99879,4.60114],[114.06418,4.57003],[114.11896,4.56163],[114.20908,4.50815],[114.21673,4.48766],[114.24556,4.48143],[114.26851,4.43774],[114.27626,4.38185],[114.2899,4.36131],[114.29672,4.31666],[114.27626,4.28902],[114.28267,4.26491],[114.36049,4.25388],[114.41992,4.26013],[114.43253,4.24693],[114.4533,4.1837],[114.47738,4.14497],[114.56937,4.0644],[114.58663,4.02144],[114.62776,4.01668],[114.67489,4.04407],[114.76688,4.13182],[114.78713,4.20721],[114.81721,4.25966],[114.8138,4.2771],[114.78259,4.26442],[114.78196,4.28493],[114.82899,4.34049],[114.84563,4.39511],[114.8479,4.42374],[114.80605,4.43332],[114.78817,4.4612],[114.7739,4.63682],[114.74135,4.71294],[114.74197,4.72945],[114.80543,4.76457],[114.85576,4.80666],[114.87819,4.81281],[114.93245,4.80914],[114.94836,4.81893],[114.95891,4.86629],[114.9817,4.88906]]},"properties":{"kind":"country_border"}},{"type":"Feature","geometry":{"type":"LineString","coordinates":[[33.20271,-14.01387],[33.28022,-14.06079],[33.29128,-14.08922],[33.29056,-14.15691],[33.31557,-14.19712],[33.35433,-14.22533],[33.45737,-14.40434],[33.51246,-14.43297],[33.54594,-14.48165],[33.59576,-14.51141],[33.62449,-14.57808],[33.64485,-14.60174],[33.66242,-14.60701],[33.67224,-14.60019],[33.68407,-14.51875],[33.69921,-14.49622],[33.7204,-14.48971],[33.7742,-14.53002],[33.80241,-14.53281],[33.88892,-14.48816],[33.91631,-14.48134],[34.05077,-14.49519],[34.07754,-14.45467],[34.10958,-14.44144],[34.18244,-14.43948],[34.28135,-14.40496],[34.31287,-14.40424],[34.34408,-14.38739],[34.37209,-14.40196],[34.42646,-14.49756],[34.5018,-14.5757],[34.51813,-14.60743],[34.51937,-14.64081],[34.50583,-14.70034],[34.54283,-14.79625],[34.5511,-14.91831],[34.58417,-14.98446],[34.58231,-15.00131],[34.54872,-15.05763],[34.55988,-15.09567],[34.54831,-15.12368],[34.56908,-15.27116],[34.56516,-15.29731],[34.54676,-15.32325],[34.508,-15.34805],[34.49663,-15.36273],[34.48041,-15.41286],[34.46025,-15.42485],[34.44062,-15.45554],[34.42263,-15.46453],[34.41013,-15.48128],[34.41912,-15.57533],[34.41591,-15.61512],[34.40403,-15.64685],[34.34181,-15.73087],[34.29334,-15.75113],[34.24714,-15.79413],[34.23639,-15.81924],[34.23319,-15.88983],[34.24404,-15.91763],[34.30429,-15.95215],[34.40455,-16.05974],[34.40899,-16.08785],[34.38522,-16.18645],[34.42646,-16.27389],[34.44599,-16.29322],[34.52474,-16.30076],[34.54707,-16.32309],[34.57508,-16.39233],[34.6374,-16.45052],[34.65497,-16.48938],[34.73207,-16.52917],[34.773,-16.58974],[34.81951,-16.62777],[34.84462,-16.67841],[34.89351,-16.7057],[34.9055,-16.74084],[34.94808,-16.75934],[35.00451,-16.81463],[35.09577,-16.81732],[35.1183,-16.83344],[35.1275,-16.86445],[35.12512,-16.93287],[35.11344,-16.96026],[35.0444,-17.0047],[35.03655,-17.03591],[35.0691,-17.08407],[35.066,-17.10981],[35.0813,-17.12407],[35.13391,-17.13203],[35.23478,-17.13534],[35.29193,-17.12934],[35.30754,-17.08759],[35.29865,-17.01359],[35.31436,-16.98227],[35.27602,-16.95519],[35.27095,-16.94424],[35.28511,-16.93008],[35.28522,-16.87106],[35.31023,-16.8506],[35.28511,-16.78673],[35.27819,-16.70074],[35.223,-16.64214],[35.17432,-16.6255],[35.13194,-16.53765],[35.22816,-16.47026],[35.23871,-16.39409],[35.2662,-16.35647],[35.25194,-16.31781],[35.25876,-16.27151],[35.27715,-16.234],[35.30496,-16.20206],[35.37462,-16.14098],[35.39343,-16.12858],[35.4358,-16.12392],[35.4729,-16.14015],[35.48872,-16.16465],[35.51456,-16.17136],[35.52902,-16.14077],[35.6486,-16.11059],[35.68705,-16.11266],[35.77004,-16.05881],[35.78513,-16.04228],[35.79568,-16.00497],[35.78968,-15.95866],[35.80673,-15.89582],[35.84053,-15.4172],[35.78451,-15.1952],[35.7842,-15.17184],[35.9043,-14.88689],[35.86988,-14.88555],[35.86327,-14.87666],[35.84725,-14.65042],[35.78689,-14.58789],[35.52282,-14.26275],[35.45575,-14.13697],[35.08409,-13.70423],[34.89444,-13.53473],[34.86312,-13.51581],[34.79543,-13.49876],[34.66748,-13.50093],[34.6406,-13.49235],[34.61146,-13.43582],[34.57818,-13.39841],[34.54531,-13.32575],[34.54934,-13.15909],[34.49446,-12.68739],[34.35401,-12.19946],[34.35876,-12.1544],[34.38005,-12.10386],[34.56381,-11.8309],[34.60443,-11.73262],[34.61394,-11.65272],[34.60712,-11.59113],[34.61673,-11.57831],[34.65125,-11.57004],[35.4235,-11.57655],[35.44117,-11.59144],[35.47011,-11.59216],[35.49874,-11.58234],[35.52014,-11.60911],[35.53151,-11.61273],[35.53275,-11.59557],[35.57626,-11.60518],[35.66483,-11.57201],[35.68023,-11.53759],[35.70338,-11.51651],[35.69563,-11.49459],[35.71403,-11.48385],[35.76426,-11.47485],[35.82637,-11.41346],[35.90203,-11.43455],[35.93975,-11.43413],[35.97034,-11.46121],[35.96083,-11.48354],[35.96982,-11.50245],[35.98853,-11.51216],[36.02222,-11.50565],[36.16806,-11.57872],[36.18263,-11.64001],[36.17622,-11.655],[36.17922,-11.67557],[36.19968,-11.70151],[36.24092,-11.69458],[36.27875,-11.70884],[36.36122,-11.69241],[36.37807,-11.68094],[36.49486,-11.68094],[36.50271,-11.68631],[36.50871,-11.70978],[36.54571,-11.72941],[36.6257,-11.72135],[36.66725,-11.71339],[36.68968,-11.69458],[36.73805,-11.67474],[36.82011,-11.57356],[36.83706,-11.56797],[36.86631,-11.57418],[36.90589,-11.59278],[36.99839,-11.58461],[37.0324,-11.56487],[37.04438,-11.59567],[37.07157,-11.62916],[37.1065,-11.6581],[37.14164,-11.67474],[37.27021,-11.69841],[37.30607,-11.69458],[37.3408,-11.68094],[37.37832,-11.70884],[37.42782,-11.72259],[37.46968,-11.71949],[37.48477,-11.70884],[37.50379,-11.67267],[37.57293,-11.64415],[37.64776,-11.63598],[37.71091,-11.5904],[37.78367,-11.55888],[37.81695,-11.53356],[37.82511,-11.52023],[37.81323,-11.4823],[37.8185,-11.45987],[37.84248,-11.4178],[37.84103,-11.39982],[37.86842,-11.32778],[37.93808,-11.28396],[37.99533,-11.27755],[38.01363,-11.26546],[38.10117,-11.25647],[38.10933,-11.24965],[38.1669,-11.28375],[38.21041,-11.27001],[38.25661,-11.27714],[38.29247,-11.30163],[38.34766,-11.35879],[38.38311,-11.37667],[38.46239,-11.39631],[38.49225,-11.41346],[38.51716,-11.38308],[38.61566,-11.31724],[38.65421,-11.2758],[38.71508,-11.25647],[38.75973,-11.26319],[38.81782,-11.21627],[38.85192,-11.20283],[38.89626,-11.16769],[38.93006,-11.16004],[39.0608,-11.16014],[39.12622,-11.13968],[39.21159,-11.17389],[39.26327,-11.16676],[39.4985,-10.99065],[39.59276,-10.97938],[39.7605,-10.9431],[39.88597,-10.86445],[40.00813,-10.81112],[40.13319,-10.71459],[40.16109,-10.70436],[40.2507,-10.61093],[40.28853,-10.58302],[40.35333,-10.5607],[40.38919,-10.53527],[40.42103,-10.50375],[40.43686,-10.47479]]},"properties":{"kind":"country_border"}},{"type":"Feature","geometry":{"type":"LineString","coordinates":[[-5.35839,36.14111],[-5.33877,36.14112]]},"properties":{"kind":"country_border"}},{"type":"Feature","geometry":{"type":"LineString","coordinates":[[-122.75301,48.99251],[-120.89471,48.99251],[-118.91648,48.99251],[-117.03815,48.99251],[-115.17966,48.99251],[-113.20138,48.99251],[-111.44288,48.99262],[-109.46471,48.99262],[-107.70624,48.99262],[-106.60718,48.99262],[-105.28832,48.99262],[-104.04757,48.99262],[-102.87038,48.99262],[-101.55157,48.99267],[-100.45249,48.99267],[-99.13366,48.99267],[-98.03461,48.99267],[-96.49599,48.99267],[-95.17711,48.99267],[-95.15933,49.01179],[-95.16057,49.36949],[-95.10282,49.35394],[-94.98252,49.35616],[-94.92609,49.34557],[-94.8562,49.31828],[-94.82726,49.29286],[-94.80612,49.2109],[-94.81118,49.16656],[-94.71122,48.91459],[-94.71091,48.80751],[-94.68889,48.77883],[-94.59285,48.72643],[-94.51916,48.70447],[-94.4795,48.7007],[-94.29259,48.71191],[-94.25845,48.69083],[-94.25104,48.65729],[-94.23215,48.65202],[-93.87489,48.63621],[-93.83574,48.61714],[-93.80939,48.54358],[-93.77866,48.51947],[-93.75678,48.51655],[-93.6163,48.5313],[-93.59989,48.52634],[-93.56658,48.53828],[-93.49176,48.54231],[-93.45992,48.5574],[-93.45147,48.59742],[-93.38572,48.61486],[-93.25774,48.63031],[-92.97972,48.61768],[-92.8842,48.57988],[-92.6486,48.53626],[-92.63018,48.51947],[-92.62747,48.50278],[-92.71064,48.48288],[-92.71891,48.45978],[-92.70405,48.44516],[-92.65705,48.43823],[-92.52693,48.44562],[-92.49063,48.43312],[-92.46758,48.39428],[-92.46247,48.3293],[-92.37185,48.22259],[-92.32787,48.22943],[-92.29103,48.24956],[-92.3031,48.31093],[-92.2816,48.33178],[-92.15473,48.35012],[-92.0705,48.34671],[-92.04342,48.3346],[-92.008,48.26248],[-91.97549,48.23657],[-91.85224,48.19597],[-91.74414,48.17959],[-91.69551,48.13758],[-91.71644,48.11205],[-91.69251,48.09787],[-91.58968,48.08833],[-91.57981,48.07097],[-91.58699,48.05257],[-91.57484,48.04821],[-91.4871,48.05348],[-91.42793,48.03645],[-91.3654,48.05784],[-91.27636,48.06477],[-91.0711,48.17086],[-90.92315,48.22711],[-90.8738,48.23434],[-90.84068,48.22011],[-90.84972,48.18957],[-90.843,48.17698],[-90.81231,48.16099],[-90.78647,48.10045],[-90.75035,48.08399],[-90.70131,48.08456],[-90.58684,48.10482],[-90.54201,48.08373],[-90.49049,48.09624],[-90.47062,48.08988],[-90.17863,48.11644],[-90.12039,48.11536],[-90.07326,48.1012],[-89.99533,48.01859],[-89.92045,47.98746],[-89.90244,47.98591],[-89.80345,48.01376],[-89.7633,48.0173],[-89.71279,48.00338],[-89.65659,48.00798],[-89.59311,47.9965],[-89.46185,47.99454],[-89.36364,47.9796],[-88.64272,48.25659],[-88.40791,48.30406],[-88.34726,48.29866],[-87.40926,47.93],[-84.87869,46.89791],[-84.8542,46.86117],[-84.77332,46.63343],[-84.56656,46.4612],[-84.54129,46.45282],[-84.49218,46.45688],[-84.42324,46.51158],[-84.3897,46.52026],[-84.35247,46.52274],[-84.30534,46.50161],[-84.19728,46.54636],[-84.14768,46.54135],[-84.11044,46.52646],[-84.15881,46.43334],[-84.14768,46.39988],[-84.10543,46.34774],[-84.1191,46.31423],[-84.09677,46.22483],[-84.0868,46.20121],[-84.02104,46.1516],[-84.01417,46.116],[-83.96459,46.06318],[-83.93074,46.06696],[-83.87268,46.10788],[-83.8393,46.1192],[-83.76654,46.10649],[-83.66484,46.11915],[-83.61388,46.11564],[-83.56544,46.09078],[-83.46281,46.00779],[-83.55621,45.86966],[-83.63687,45.77394],[-83.48397,45.77194],[-82.58878,45.37181],[-82.54829,45.3346],[-82.14565,43.57641],[-82.41109,43.05128],[-82.4146,42.98324],[-82.45318,42.91898],[-82.48232,42.83511],[-82.48527,42.81852],[-82.47098,42.79057],[-82.48341,42.71925],[-82.52622,42.61991],[-82.57583,42.5718],[-82.64433,42.55782],[-82.80014,42.41798],[-82.83282,42.39801],[-82.94351,42.35548],[-83.04035,42.33186],[-83.07996,42.30507],[-83.12851,42.23996],[-83.13965,42.11585],[-83.15949,42.04632],[-83.15701,42.00043],[-83.12345,41.92034],[-83.09738,41.87577],[-83.06841,41.84773],[-82.71112,41.68025],[-82.66691,41.66909],[-82.42486,41.67681],[-81.27666,42.20867],[-80.2466,42.36548],[-79.01938,42.80269],[-78.96306,42.84013],[-78.91895,42.88924],[-78.90905,42.93022],[-78.91526,42.94761],[-78.98352,42.97614],[-79.03197,43.01342],[-79.02326,43.05807],[-79.06527,43.1059],[-79.04861,43.17062],[-79.05843,43.2778],[-79.09163,43.34252],[-79.17431,43.46453],[-78.75082,43.61705],[-78.68809,43.63181],[-76.84153,43.6255],[-76.79719,43.64527],[-76.45463,44.08424],[-76.35009,44.15172],[-76.32777,44.18149],[-76.18576,44.22567],[-76.16933,44.24237],[-76.17868,44.27864],[-76.14979,44.30453],[-76.06726,44.34799],[-75.87033,44.40861],[-75.83095,44.46432],[-75.69969,44.58167],[-75.27023,44.86377],[-75.12965,44.92517],[-75.05872,44.94103],[-75.0149,44.96599],[-74.90374,45.00521],[-74.86847,45.01012],[-74.69588,44.99803],[-73.49892,45.00392],[-71.50408,45.01374],[-71.50475,45.05296],[-71.45659,45.11099],[-71.40657,45.20494],[-71.44904,45.2269],[-71.39489,45.24153],[-71.33432,45.28871],[-71.2934,45.29233],[-71.20937,45.25476],[-71.16033,45.24577],[-71.14173,45.25233],[-71.09524,45.30091],[-71.05442,45.31036],[-71.01654,45.34312],[-70.99316,45.34783],[-70.96812,45.34452],[-70.95161,45.33201],[-70.90691,45.24623],[-70.89241,45.2346],[-70.87435,45.24566],[-70.87024,45.28313],[-70.83526,45.30979],[-70.83384,45.3931],[-70.81299,45.42343],[-70.77188,45.43004],[-70.69674,45.38865],[-70.65359,45.39547],[-70.64132,45.4085],[-70.65026,45.42746],[-70.70738,45.4564],[-70.73201,45.49159],[-70.73033,45.50797],[-70.68679,45.57272],[-70.57241,45.66228],[-70.48476,45.69964],[-70.43913,45.70589],[-70.41931,45.7169],[-70.40244,45.74966],[-70.41523,45.80439],[-70.28317,45.89048],[-70.26253,45.92304],[-70.25594,45.94888],[-70.30395,45.96862],[-70.3163,45.98298],[-70.30614,46.03533],[-70.29201,46.04866],[-70.31263,46.07957],[-70.26444,46.10659],[-70.244,46.14101],[-70.26333,46.18323],[-70.2848,46.19186],[-70.2809,46.21186],[-70.23617,46.28834],[-70.22369,46.30079],[-70.20189,46.3055],[-70.1884,46.35841],[-70.07432,46.41954],[-70.00776,46.70408],[-69.26763,47.43984],[-69.23727,47.45881],[-69.06966,47.43189],[-69.05402,47.4184],[-69.06619,47.32967],[-69.05749,47.26947],[-69.0402,47.24906],[-68.90623,47.19022],[-68.76182,47.23704],[-68.71779,47.24523],[-68.6442,47.24528],[-68.58524,47.28249],[-68.51801,47.30476],[-68.46675,47.30569],[-68.43533,47.29127],[-68.38561,47.30171],[-68.38205,47.32781],[-68.34784,47.35851],[-68.29973,47.36783],[-68.24645,47.36057],[-68.19705,47.3414],[-68.15607,47.30667],[-68.10145,47.28618],[-67.99318,47.22322],[-67.96244,47.19769],[-67.94342,47.16454],[-67.89913,47.13878],[-67.87061,47.10736],[-67.81356,47.08191],[-67.80518,47.03563],[-67.78457,45.96014],[-67.75785,45.91947],[-67.79924,45.87565],[-67.77284,45.82806],[-67.81113,45.76651],[-67.80705,45.71287],[-67.80012,45.69985],[-67.76178,45.68011],[-67.74803,45.67778],[-67.72798,45.69225],[-67.69077,45.6538],[-67.60752,45.62006],[-67.55187,45.61045],[-67.44996,45.61081],[-67.43131,45.59794],[-67.42211,45.5688],[-67.42619,45.53345],[-67.49321,45.49314],[-67.48231,45.45552],[-67.42883,45.38705],[-67.43456,45.35031],[-67.46867,45.30184],[-67.4713,45.26628],[-67.42759,45.23657],[-67.35627,45.16593],[-67.31922,45.15389],[-67.28465,45.1697],[-67.27721,45.19507],[-67.25499,45.20505],[-67.17601,45.17866]]},"properties":{"kind":"country_border"}},{"type":"Feature","geometry":{"type":"LineString","coordinates":[[-97.13927,25.96583],[-97.26636,25.96064],[-97.2692,25.94436],[-97.28765,25.92865],[-97.31098,25.92209],[-97.32845,25.9333],[-97.35111,25.91842],[-97.34573,25.85222],[-97.36599,25.8439],[-97.37602,25.84674],[-97.38989,25.86566],[-97.39782,25.86581],[-97.40418,25.85139],[-97.42542,25.85486],[-97.44826,25.89232],[-97.48632,25.89573],[-97.52027,25.91279],[-97.56518,25.95475],[-97.59432,25.96637],[-97.62264,26.00906],[-97.65987,26.03066],[-97.76695,26.03965],[-97.78031,26.04322],[-97.78232,26.05862],[-97.80201,26.06373],[-97.94167,26.05681],[-98.01306,26.06368],[-98.06546,26.04218],[-98.07515,26.04663],[-98.08331,26.07092],[-98.1031,26.07495],[-98.15023,26.06368],[-98.22266,26.07541],[-98.30043,26.11143],[-98.33926,26.15985],[-98.37727,26.16357],[-98.36934,26.19401],[-98.42885,26.21773],[-98.45654,26.22595],[-98.47238,26.20765],[-98.49295,26.2306],[-98.58163,26.26227],[-98.64056,26.24181],[-98.65366,26.24429],[-98.68529,26.26848],[-98.70224,26.27163],[-98.69146,26.29023],[-98.70141,26.29912],[-98.73991,26.30325],[-98.73593,26.32005],[-98.7464,26.33214],[-98.80133,26.37214],[-98.82502,26.36645],[-98.83608,26.37214],[-98.85083,26.36408],[-98.87021,26.37214],[-98.89303,26.36785],[-98.9299,26.39224],[-98.94538,26.37829],[-98.96284,26.39953],[-99.01052,26.3926],[-99.02788,26.40624],[-99.0855,26.40764],[-99.10643,26.42304],[-99.10891,26.43425],[-99.08937,26.47115],[-99.09149,26.48402],[-99.11511,26.52562],[-99.16487,26.54045],[-99.18112,26.6299],[-99.24828,26.8271],[-99.33698,26.92477],[-99.38618,26.96223],[-99.39933,27.01267],[-99.42465,27.01789],[-99.46173,27.05695],[-99.4394,27.09835],[-99.45245,27.12501],[-99.43199,27.20759],[-99.45183,27.26118],[-99.48041,27.2833],[-99.48658,27.29761],[-99.52136,27.31125],[-99.49759,27.3388],[-99.47292,27.42665],[-99.48041,27.49078],[-99.5095,27.50003],[-99.5072,27.57377],[-99.51501,27.5886],[-99.53503,27.60483],[-99.57226,27.61847],[-99.60017,27.64643],[-99.64487,27.63273],[-99.66474,27.6594],[-99.70037,27.65919],[-99.73065,27.69183],[-99.74044,27.72216],[-99.77458,27.73583],[-99.80817,27.77241],[-99.83292,27.77676],[-99.86336,27.80466],[-99.86336,27.84567],[-99.88801,27.86481],[-99.88134,27.90646],[-99.89677,27.91292],[-99.92992,27.94633],[-99.93968,27.96109],[-99.92829,27.97576],[-99.97661,27.99245],[-99.99113,28.0078],[-100.01412,28.05046],[-100.0102,28.06888],[-100.04508,28.09529],[-100.0565,28.13792],[-100.07489,28.15441],[-100.1892,28.20133],[-100.19763,28.20717],[-100.20595,28.24288],[-100.24072,28.2497],[-100.27509,28.27724],[-100.28434,28.29652],[-100.27855,28.33109],[-100.32263,28.3869],[-100.33633,28.45857],[-100.35555,28.47819],[-100.35162,28.49671],[-100.32263,28.51041],[-100.38423,28.53717],[-100.39777,28.55759],[-100.40144,28.60226],[-100.44619,28.6265],[-100.4449,28.64378],[-100.49394,28.70838],[-100.51905,28.80496],[-100.53445,28.83023],[-100.56623,28.8425],[-100.56623,28.86979],[-100.58654,28.87979],[-100.59497,28.89932],[-100.62432,28.92472],[-100.6267,28.94834],[-100.63791,28.96288],[-100.62892,28.98433],[-100.63279,29.00516],[-100.65222,29.04482],[-100.66897,29.11621],[-100.70204,29.12365],[-100.7625,29.17378],[-100.7701,29.18729],[-100.76209,29.20866],[-100.79614,29.25767],[-100.86389,29.29062],[-100.91474,29.33705],[-101.00807,29.38059],[-101.02218,29.40048],[-101.03778,29.46006],[-101.13478,29.48766],[-101.16356,29.5013],[-101.19142,29.52815],[-101.21286,29.53158],[-101.22648,29.55445],[-101.21901,29.61029],[-101.23392,29.62266],[-101.25878,29.62016],[-101.30097,29.59414],[-101.31216,29.59786],[-101.30107,29.64951],[-101.33624,29.65432],[-101.35768,29.66744],[-101.40654,29.75289],[-101.4051,29.77844],[-101.4461,29.77105],[-101.47091,29.79152],[-101.52181,29.76594],[-101.54289,29.77105],[-101.5286,29.80144],[-101.54646,29.82014],[-101.56491,29.78648],[-101.63222,29.77565],[-101.79453,29.79586],[-101.80598,29.81193],[-101.8576,29.80518],[-101.88742,29.81229],[-101.92961,29.79772],[-101.97225,29.81818],[-101.98793,29.80518],[-102.0146,29.811],[-102.10934,29.80211],[-102.20368,29.84614],[-102.23978,29.84914],[-102.25344,29.85528],[-102.25828,29.87347],[-102.27618,29.86955],[-102.30217,29.88939],[-102.32101,29.89394],[-102.33977,29.87063],[-102.37072,29.85777],[-102.38005,29.81139],[-102.4061,29.77728],[-102.51529,29.78472],[-102.54658,29.75787],[-102.55831,29.75909],[-102.56676,29.77105],[-102.62122,29.74728],[-102.68347,29.74372],[-102.73127,29.65059],[-102.76135,29.60341],[-102.77966,29.5923],[-102.77408,29.57962],[-102.78589,29.57181],[-102.78075,29.55825],[-102.79548,29.54427],[-102.83907,29.45195],[-102.83519,29.40384],[-102.84558,29.38472],[-102.83767,29.36632],[-102.86496,29.35953],[-102.88307,29.34377],[-102.89971,29.2639],[-102.85878,29.22915],[-102.89689,29.22028],[-102.94754,29.18202],[-102.96976,29.19284],[-102.98839,29.17713],[-103.02428,29.11616],[-103.07254,29.0914],[-103.09153,29.05787],[-103.10468,29.05787],[-103.10921,29.02337],[-103.12277,28.99647],[-103.14799,28.98511],[-103.24176,29.0035],[-103.30155,29.00237],[-103.31625,29.01007],[-103.30999,29.03117],[-103.33048,29.02373],[-103.3426,29.04123],[-103.37208,29.02373],[-103.38663,29.0288],[-103.4236,29.05787],[-103.47854,29.08205],[-103.52975,29.12678],[-103.55024,29.15466],[-103.58499,29.15466],[-103.67312,29.17357],[-103.77077,29.22984],[-103.77772,29.2353],[-103.76942,29.25754],[-103.78366,29.2748],[-103.92812,29.29302],[-104.01915,29.32033],[-104.05731,29.33904],[-104.10542,29.38568],[-104.16165,29.41676],[-104.19451,29.44893],[-104.21229,29.48466],[-104.26717,29.52657],[-104.3206,29.53226],[-104.33848,29.52401],[-104.34903,29.53758],[-104.44401,29.5892],[-104.45522,29.61339],[-104.53082,29.66791],[-104.57028,29.78751],[-104.61968,29.83306],[-104.63759,29.888],[-104.68048,29.94231],[-104.68048,29.97647],[-104.70159,30.05532],[-104.68048,30.13413],[-104.68156,30.19294],[-104.71523,30.24399],[-104.74939,30.26446],[-104.78877,30.33593],[-104.8129,30.35071],[-104.81827,30.38052],[-104.85326,30.41215],[-104.85243,30.43887],[-104.8667,30.47302],[-104.85925,30.49726],[-104.87972,30.51085],[-104.88659,30.55188],[-104.93434,30.61054],[-104.98276,30.62072],[-104.99578,30.66175],[-105.0085,30.67699],[-105.04947,30.69926],[-105.08704,30.70981],[-105.1336,30.75792],[-105.14043,30.75048],[-105.16089,30.76412],[-105.1673,30.78117],[-105.19531,30.78794],[-105.20492,30.80241],[-105.22926,30.81021],[-105.24905,30.79884],[-105.27701,30.81941],[-105.37617,30.85956],[-105.41555,30.90246],[-105.49668,30.95651],[-105.53079,30.9917],[-105.55596,31.0026],[-105.59094,31.07144],[-105.64381,31.10368],[-105.66804,31.12787],[-105.76819,31.18001],[-105.78483,31.21102],[-105.86198,31.28838],[-105.92805,31.32646],[-105.9612,31.37101],[-106.00474,31.39695],[-106.04626,31.40465],[-106.16432,31.4478],[-106.17447,31.46025],[-106.20925,31.4773],[-106.23266,31.51994],[-106.2863,31.58014],[-106.31229,31.64861],[-106.35849,31.71755],[-106.39177,31.74592],[-106.42895,31.75848],[-106.47313,31.75507],[-106.51719,31.77382],[-108.21512,31.77775],[-108.21481,31.32744],[-109.58181,31.32734],[-111.00627,31.32718],[-111.06712,31.33364],[-112.73397,31.85454],[-113.9617,32.23413],[-114.82211,32.50024],[-114.80945,32.51132],[-114.79555,32.55223],[-114.80268,32.5945],[-114.78154,32.62806],[-114.73948,32.66907],[-114.72428,32.71284],[-115.94121,32.62083],[-117.12512,32.53167]]},"properties":{"kind":"country_border"}},{"type":"Feature","geometry":{"type":"LineString","coordinates":[[-88.22092,15.72565],[-88.23262,15.72142],[-88.24159,15.68824],[-88.24776,15.69568],[-88.29559,15.67501],[-88.31667,15.6746],[-88.35256,15.6169],[-88.39899,15.5728],[-88.97343,15.14039],[-89.10983,15.09146],[-89.16081,15.06024],[-89.18858,14.99609],[-89.1691,14.97842],[-89.16915,14.95206],[-89.19881,14.89982],[-89.23145,14.86731],[-89.23243,14.8485],[-89.18941,14.783],[-89.17055,14.73879],[-89.1445,14.7083],[-89.14523,14.68345],[-89.15941,14.66598],[-89.15523,14.61559],[-89.16039,14.58128],[-89.17215,14.5704],[-89.22109,14.58009],[-89.24568,14.57299],[-89.32304,14.48746],[-89.3555,14.47545],[-89.36379,14.44656],[-89.36162,14.41548]]},"properties":{"kind":"country_border"}},{"type":"Feature","geometry":{"type":"LineString","coordinates":[[-82.89763,8.03475],[-82.88641,8.10219],[-82.93909,8.21684],[-82.94367,8.24857],[-82.96801,8.26797],[-82.99552,8.26482],[-83.01607,8.289],[-83.05325,8.3151],[-83.05211,8.32763],[-82.99777,8.36016],[-82.95351,8.4021],[-82.87041,8.43812],[-82.8483,8.46517],[-82.83597,8.52976],[-82.84186,8.59948],[-82.86222,8.6557],[-82.91922,8.72707],[-82.92297,8.75616],[-82.87579,8.79391],[-82.87563,8.80753],[-82.88832,8.81693],[-82.87858,8.82977],[-82.76378,8.87995],[-82.73386,8.89799],[-82.71936,8.92152],[-82.74913,8.97408],[-82.80817,8.99837],[-82.88243,9.04534],[-82.90023,9.07206],[-82.93938,9.05958],[-82.9417,9.45635],[-82.93331,9.47033],[-82.84639,9.49255],[-82.84478,9.50069],[-82.86021,9.5112],[-82.87925,9.55991],[-82.86605,9.58507],[-82.84747,9.60066],[-82.82902,9.60272],[-82.77109,9.57986],[-82.72936,9.5449],[-82.71169,9.545],[-82.67805,9.49777],[-82.63213,9.48467],[-82.61885,9.48671],[-82.61239,9.4995],[-82.6011,9.54867],[-82.56284,9.5387],[-82.57359,9.57619]]},"properties":{"kind":"country_border"}},{"type":"Feature","geometry":{"type":"LineString","coordinates":[[-77.37352,8.66474],[-77.37494,8.65095],[-77.38538,8.64363],[-77.41767,8.63847],[-77.434,8.62826],[-77.42909,8.59263],[-77.44113,8.56767],[-77.48036,8.5262],[-77.48873,8.47364],[-77.47968,8.46786],[-77.44961,8.47065],[-77.42232,8.45641],[-77.39127,8.39355],[-77.37437,8.28931],[-77.36321,8.27208],[-77.32435,8.2612],[-77.3169,8.25084],[-77.23107,8.09873],[-77.2012,7.98199],[-77.17107,7.95492],[-77.16327,7.93926],[-77.23613,7.92923],[-77.30042,7.9021],[-77.32161,7.88102],[-77.34719,7.82381],[-77.3799,7.77441],[-77.33974,7.70723],[-77.3691,7.68077],[-77.50935,7.59411],[-77.57999,7.52838],[-77.60267,7.52605],[-77.61332,7.53747],[-77.62546,7.58744],[-77.66076,7.63804],[-77.67481,7.64465],[-77.67022,7.65995],[-77.67993,7.67095],[-77.74024,7.71886],[-77.76422,7.70573],[-77.77052,7.66899],[-77.76582,7.62646],[-77.73125,7.53034],[-77.75512,7.48611],[-77.79631,7.47128],[-77.82018,7.47655],[-77.89584,7.2351]]},"properties":{"kind":"country_border"}},{"type":"Feature","geometry":{"type":"LineString","coordinates":[[-75.28349,-0.10702],[-75.29535,-0.12232],[-75.33075,-0.14464],[-75.36002,-0.14991],[-75.40258,-0.14578],[-75.4295,-0.16366],[-75.45526,-0.16118],[-75.53926,-0.12004],[-75.57117,-0.1217],[-75.623,-0.10661],[-75.6376,-0.11146],[-75.64321,-0.12883],[-75.6384,-0.15095],[-75.61957,-0.18092],[-75.57897,-0.18268],[-75.5459,-0.20975],[-75.49619,-0.23311],[-75.48477,-0.24768],[-75.45273,-0.36065],[-75.43423,-0.40302],[-75.40563,-0.4424],[-75.37565,-0.467],[-75.34736,-0.47093],[-75.30429,-0.5071],[-75.29098,-0.52798],[-75.27204,-0.5257],[-75.2607,-0.54348],[-75.25558,-0.6243],[-75.29398,-0.66792],[-75.28814,-0.70626],[-75.29703,-0.74698],[-75.25261,-0.89788],[-75.25207,-0.93343],[-75.2275,-0.96309],[-75.22726,-0.96981],[-75.34873,-0.97498],[-75.4064,-0.91514],[-75.41258,-0.92392],[-75.57303,-1.53732],[-75.65148,-1.6167],[-76.09124,-2.12891],[-76.62527,-2.53767],[-76.68459,-2.57364],[-77.86783,-2.99026],[-77.94147,-3.05454],[-78.04254,-3.18993],[-78.10492,-3.24543],[-78.14817,-3.32243],[-78.19641,-3.36367],[-78.19651,-3.38558],[-78.15665,-3.4293],[-78.15453,-3.45679],[-78.16373,-3.47725],[-78.19685,-3.48759],[-78.22631,-3.50702],[-78.25718,-3.40956],[-78.26969,-3.39953],[-78.31302,-3.38744],[-78.35079,-3.38961],[-78.36172,-3.40852],[-78.3547,-3.43457],[-78.36294,-3.48873],[-78.40239,-3.59435],[-78.40074,-3.67983],[-78.42585,-3.68944],[-78.41358,-3.77181],[-78.41968,-3.79103],[-78.47037,-3.8302],[-78.48068,-3.84953],[-78.49763,-3.94958],[-78.51572,-3.96136],[-78.55189,-3.96921],[-78.56207,-3.97976],[-78.56592,-4.05572],[-78.57662,-4.10006],[-78.63757,-4.22739],[-78.65574,-4.29064],[-78.67413,-4.30594],[-78.68243,-4.32692],[-78.67315,-4.40154],[-78.66098,-4.42066],[-78.63721,-4.43513],[-78.6399,-4.45125],[-78.66979,-4.49342],[-78.67266,-4.55099],[-78.68168,-4.56711],[-78.71971,-4.59223],[-78.85306,-4.65227],[-78.89864,-4.69423],[-78.92861,-4.74746],[-78.92789,-4.77485],[-78.90022,-4.84368],[-78.91081,-4.86353],[-78.98034,-4.87396],[-78.99101,-4.8904],[-79.00928,-4.96011],[-79.06393,-5.01137],[-79.10416,-4.98006],[-79.14085,-4.98326],[-79.20932,-4.96476],[-79.28027,-4.96734],[-79.30322,-4.96125],[-79.34104,-4.90425],[-79.37807,-4.88482],[-79.39533,-4.84761],[-79.45057,-4.8102],[-79.46104,-4.76917],[-79.48721,-4.71997],[-79.49871,-4.66064],[-79.52785,-4.61806],[-79.52718,-4.59657],[-79.50413,-4.55564],[-79.50721,-4.53156],[-79.52754,-4.51967],[-79.55777,-4.51657],[-79.63033,-4.45249],[-79.65798,-4.43875],[-79.69412,-4.4436],[-79.72859,-4.46407],[-79.79574,-4.48474],[-79.83287,-4.47895],[-79.90408,-4.39865],[-79.98201,-4.38862],[-80.02927,-4.35968],[-80.07966,-4.30904],[-80.13386,-4.29395],[-80.14025,-4.2831],[-80.20505,-4.29819],[-80.22195,-4.31896],[-80.23967,-4.36981],[-80.25541,-4.38676],[-80.38287,-4.47626],[-80.42511,-4.47151],[-80.48353,-4.43399],[-80.49229,-4.41301],[-80.48854,-4.39596],[-80.34527,-4.19845],[-80.43472,-4.21695],[-80.46961,-4.21323],[-80.49077,-4.169],[-80.48718,-4.13127],[-80.51407,-4.08342],[-80.49198,-4.0149],[-80.46614,-3.98813],[-80.42746,-3.98131],[-80.38646,-3.98895],[-80.32551,-4.01541],[-80.30463,-4.00518],[-80.25908,-3.94369],[-80.18115,-3.90793],[-80.16526,-3.89005],[-80.16505,-3.8795],[-80.18877,-3.8577],[-80.19272,-3.82163],[-80.22631,-3.74928],[-80.21686,-3.72695],[-80.22494,-3.68065],[-80.21639,-3.63156],[-80.225,-3.59187],[-80.24998,-3.57771],[-80.24029,-3.51405],[-80.24908,-3.49792],[-80.27163,-3.48552],[-80.26566,-3.4264],[-80.34073,-3.3935]]},"properties":{"kind":"country_border"}},{"type":"Feature","geometry":{"type":"LineString","coordinates":[[-62.65036,-22.23446],[-62.62752,-22.18454],[-62.2757,-21.06657],[-62.27731,-20.57978],[-62.26883,-20.55311],[-61.94425,-20.10415],[-61.89252,-20.0009],[-61.7532,-19.64588],[-61.51084,-19.60692],[-60.00638,-19.2981],[-59.08954,-19.28673],[-59.06965,-19.29148],[-58.17528,-19.82137],[-58.16117,-19.84721],[-58.16221,-19.91232],[-58.14185,-20.0009],[-58.14474,-20.08616],[-58.15952,-20.13908],[-58.1588,-20.16512]]},"properties":{"kind":"country_border"}},{"type":"Feature","geometry":{"type":"LineString","coordinates":[[-66.87506,1.22251],[-66.9009,1.28897],[-66.8825,1.32602],[-66.88354,1.34994],[-66.90173,1.39446],[-66.93273,1.42464],[-66.93361,1.50169],[-66.97418,1.58003],[-66.98089,1.66595],[-67.0873,1.93882],[-67.13262,1.99081],[-67.13515,2.00334],[-67.11463,2.0313],[-67.11117,2.04884],[-67.11463,2.103],[-67.12099,2.1191],[-67.16925,2.14116],[-67.17783,2.15449],[-67.21726,2.26606],[-67.21768,2.28451],[-67.17375,2.33645],[-67.18972,2.39438],[-67.23137,2.42233],[-67.26656,2.43375],[-67.32542,2.47463],[-67.34061,2.51049],[-67.38154,2.53778],[-67.40035,2.56822],[-67.41699,2.57576],[-67.44035,2.61002],[-67.47089,2.62713],[-67.4852,2.66191],[-67.50029,2.67534],[-67.5637,2.68175],[-67.57559,2.6911],[-67.59429,2.77611],[-67.62659,2.81342],[-67.66561,2.80133],[-67.69041,2.80634],[-67.75103,2.8421],[-67.7702,2.83244],[-67.82332,2.82732],[-67.85593,2.78975],[-67.85526,2.85817],[-67.83862,2.88613],[-67.45218,3.24368],[-67.3958,3.26657],[-67.30945,3.38393],[-67.30465,3.42571],[-67.33782,3.4601],[-67.39012,3.48506],[-67.40392,3.50446],[-67.47141,3.68006],[-67.49983,3.71791],[-67.53745,3.73551],[-67.59481,3.73091],[-67.61414,3.74057],[-67.63176,3.76186],[-67.64442,3.83462],[-67.69387,3.9286],[-67.70163,4.01195],[-67.71702,4.03934],[-67.71408,4.0565],[-67.72064,4.07497],[-67.73165,4.08637],[-67.74018,4.11872],[-67.77774,4.15393],[-67.78622,4.17298],[-67.80493,4.26847],[-67.79986,4.30607],[-67.7794,4.35079],[-67.79986,4.39891],[-67.79309,4.42898],[-67.8135,4.44327],[-67.82906,4.49143],[-67.85655,4.50417],[-67.87505,4.53264],[-67.8734,4.54652],[-67.85516,4.56616],[-67.84565,4.68974],[-67.82286,4.74359],[-67.8135,4.84051],[-67.8272,4.87154],[-67.82637,4.89484],[-67.80668,4.97226],[-67.80673,5.03571],[-67.79309,5.06334],[-67.821,5.10059],[-67.82663,5.12039],[-67.8272,5.14212],[-67.8135,5.18656],[-67.81862,5.22782],[-67.84368,5.29725],[-67.83459,5.33931],[-67.80978,5.37882],[-67.77258,5.40967],[-67.75211,5.40967],[-67.73165,5.43013],[-67.70214,5.4414],[-67.67527,5.46719],[-67.65248,5.47796],[-67.636,5.51954],[-67.61703,5.5416],[-67.61429,5.55367],[-67.636,5.57759],[-67.64907,5.65609],[-67.64116,5.74484],[-67.62514,5.78451],[-67.60122,5.82058],[-67.54158,5.87672],[-67.4852,5.94408],[-67.42247,5.97824],[-67.41859,5.99535],[-67.42857,6.03847],[-67.4543,6.05679],[-67.4912,6.11449],[-67.48696,6.16678],[-67.44996,6.19794],[-67.49048,6.20164],[-67.57398,6.26623],[-67.73098,6.30269],[-67.8272,6.31341],[-67.86813,6.27988],[-67.9043,6.27515],[-67.92414,6.23456],[-67.97799,6.21784],[-68.01902,6.21161],[-68.14651,6.22378],[-68.19028,6.21784],[-68.30417,6.17699],[-68.34112,6.17683],[-68.4067,6.19489],[-68.44902,6.195],[-68.52251,6.17329],[-68.58472,6.17001],[-68.63531,6.13588],[-68.80786,6.18433],[-68.89292,6.18433],[-68.9609,6.20236],[-68.97858,6.19732],[-69.03689,6.21877],[-69.06113,6.21784],[-69.12996,6.16993],[-69.18916,6.11263],[-69.2461,6.08066],[-69.31135,6.14622],[-69.3314,6.15637],[-69.44364,6.12224],[-70.09662,6.94444],[-70.1292,6.97255],[-70.15778,6.97952],[-70.19501,6.97756],[-70.23126,6.96852],[-70.28762,6.93694],[-70.31906,6.93829],[-70.43779,6.99301],[-70.45166,7.00769],[-70.5107,7.0097],[-70.57861,7.08582],[-70.63928,7.07347],[-70.68261,7.08463],[-70.7033,7.09993],[-70.89554,7.06851],[-70.91882,7.03947],[-70.96132,7.00944],[-71.01127,6.99089],[-71.06548,6.98454],[-71.13604,6.99213],[-71.16632,6.9681],[-71.18405,6.96257],[-71.21325,6.97751],[-71.27552,6.98438],[-71.28353,7.01885],[-71.29252,7.02577],[-71.34936,7.01947],[-71.4139,7.03099],[-71.4677,7.01244],[-71.48765,7.02893],[-71.50992,7.03461],[-71.54863,7.02831],[-71.55844,7.04123],[-71.59472,7.03011],[-71.6204,7.05213],[-71.66702,7.05151],[-71.67353,7.04422],[-71.6696,7.02774],[-71.69802,7.03497],[-71.77404,7.02893],[-71.77151,7.01115],[-71.79962,7.00919],[-71.83264,6.98645],[-71.84819,6.98386],[-71.99382,7.01285],[-72.081,7.0666],[-72.09826,7.08675],[-72.16414,7.2208],[-72.17422,7.27961],[-72.16404,7.32886],[-72.20621,7.38188],[-72.23969,7.39128],[-72.32181,7.39004],[-72.41462,7.41381],[-72.45131,7.44022],[-72.4787,7.48445],[-72.48201,7.50802],[-72.4634,7.57075],[-72.48335,7.64935],[-72.47415,7.75415],[-72.45177,7.8328],[-72.45865,7.89352],[-72.4912,7.9375],[-72.48779,7.94918],[-72.45674,7.96494],[-72.43012,7.99052],[-72.40707,8.04377],[-72.35008,8.04259],[-72.33385,8.06548],[-72.33576,8.1039],[-72.35726,8.17214],[-72.39596,8.2566],[-72.38397,8.32179],[-72.39354,8.35538],[-72.41508,8.38241],[-72.45627,8.40393],[-72.65543,8.6179],[-72.67543,8.65151],[-72.78307,9.05994],[-72.80002,9.07945],[-72.7856,9.10244],[-72.79103,9.11394],[-72.82669,9.14169],[-72.83413,9.13363],[-72.87402,9.13342],[-72.9364,9.09919],[-72.95531,9.10399],[-72.97319,9.12844],[-72.98006,9.21652],[-72.99562,9.23535],[-72.99112,9.25168],[-73.00972,9.29538],[-73.03267,9.2946],[-73.07603,9.25427],[-73.12434,9.23448],[-73.17617,9.19094],[-73.21224,9.17345],[-73.37782,9.16469],[-73.39115,9.17277],[-73.39084,9.1945],[-73.37911,9.21388],[-73.34216,9.23918],[-73.31177,9.27623],[-73.27741,9.36181],[-73.19741,9.47867],[-73.17845,9.52304],[-73.10765,9.578],[-73.07189,9.66409],[-73.01691,9.74861],[-72.98554,9.81217],[-72.97763,9.83806],[-72.99696,9.90071],[-72.98771,9.99942],[-72.93562,10.17519],[-72.9149,10.4329],[-72.90756,10.45246],[-72.86141,10.50809],[-72.84302,10.5606],[-72.78142,10.63132],[-72.75439,10.67485],[-72.70613,10.81125],[-72.68297,10.85562],[-72.65672,10.8852],[-72.5945,10.93298],[-72.57647,10.95737],[-72.54205,11.04108],[-72.50748,11.08299],[-72.49932,11.1208],[-72.48149,11.13253],[-72.417,11.13762],[-72.34134,11.16211],[-72.28465,11.15046],[-72.26708,11.1549],[-72.00793,11.62461],[-71.99061,11.64906],[-71.97108,11.66192],[-71.44946,11.79546],[-71.40967,11.8123],[-71.35763,11.8508],[-71.32751,11.85]]},"properties":{"kind":"country_border"}},{"type":"Feature","geometry":{"type":"LineString","coordinates":[[22.76722,54.35627],[22.69839,54.34294],[20.92961,54.39782],[19.68028,54.43668],[19.60955,54.45673]]},"properties":{"kind":"country_border"}},{"type":"Feature","geometry":{"type":"LineString","coordinates":[[140.97446,-2.60052],[140.9769,-6.33512],[140.95282,-6.37377],[140.96709,-6.39392],[140.95019,-6.41894],[140.95282,-6.43175],[140.91251,-6.43857],[140.92998,-6.44498],[140.93282,-6.46596],[140.94858,-6.46555],[140.95019,-6.49872],[140.92099,-6.5164],[140.9151,-6.55846],[140.89298,-6.56539],[140.90497,-6.58947],[140.85929,-6.60838],[140.8504,-6.62357],[140.86492,-6.6306],[140.8658,-6.64921],[140.84921,-6.70285],[140.8504,-6.71297],[140.88451,-6.7539],[140.87086,-6.7784],[140.87417,-6.78946],[140.90161,-6.81219],[140.91603,-6.86273],[140.9397,-6.85632],[140.94331,-6.88805],[140.96218,-6.89798],[140.97716,-6.89663],[140.97701,-9.10615]]},"properties":{"kind":"country_border"}},{"type":"Feature","geometry":{"type":"LineString","coordinates":[[52.43767,41.74888],[52.76467,41.99377],[52.97871,42.12663],[53.13508,42.16784],[53.19172,42.19303],[53.41227,42.25817],[54.04717,42.3454],[54.12262,42.3376],[54.19528,42.31806],[54.73829,42.04821],[54.90707,41.93214],[54.94076,41.88961],[54.93497,41.83373],[54.95068,41.79556],[55.10003,41.64415],[55.22839,41.47282],[55.25919,41.44465],[55.37257,41.37556],[55.41267,41.30792],[55.45029,41.27888],[55.5093,41.25888],[55.6355,41.26436],[55.69441,41.28156],[55.78732,41.29169],[55.87662,41.32451],[55.97842,41.32172],[55.97615,44.99508],[58.53144,45.55872],[58.58219,45.54869],[59.87658,44.9338],[61.0363,44.38282],[61.08023,44.33549],[61.10286,44.23606],[61.16167,44.16811],[61.38605,43.99344],[61.9857,43.49334],[62.02612,43.48063],[63.20801,43.62747],[64.42674,43.54703],[64.46157,43.55432],[64.85504,43.71291],[64.89101,43.72278],[64.92294,43.71912],[64.95653,43.69736],[65.17192,43.49368],[65.27145,43.41702],[65.47738,43.32281],[65.51691,43.29723],[65.79524,42.8772],[65.8126,42.87576],[66.10127,42.99032],[66.05321,42.44087],[66.04318,42.42366],[66.01962,42.41684],[66.01373,42.40302],[66.00866,42.00266],[66.01724,41.99762],[66.50414,41.99348],[66.53886,41.74076],[66.60263,41.4938],[66.68821,41.19919],[66.73296,41.15806],[66.81528,41.14188],[67.74814,41.1841],[67.83491,41.15687],[67.85413,41.15899],[67.93743,41.20038],[67.95893,41.15945],[68.00306,41.11563],[68.03438,41.04272],[68.05908,41.05476],[68.08213,41.04272],[68.09598,41.06514],[68.11737,41.06675],[68.11892,41.03403],[68.13132,41.02964],[68.0997,41.01362],[68.12089,40.99383],[68.12058,40.9653],[68.08058,40.87296],[68.05474,40.84722],[68.00306,40.82516],[67.99092,40.8111],[68.0675,40.788],[68.2261,40.67886],[68.46174,40.58466],[68.47735,40.59923],[68.49244,40.59861],[68.51481,40.61912],[68.593,40.59949],[68.61424,40.6091],[68.62039,40.62222],[68.60111,40.63003],[68.62742,40.66713],[68.61212,40.69054],[68.60943,40.71581],[68.5746,40.72449],[68.55977,40.75131],[68.5497,40.83503],[68.57187,40.87048],[68.57088,40.91352],[68.58918,40.9066],[68.60013,40.93006],[68.68938,40.96494],[68.70953,40.98375],[68.74627,41.0638],[68.77377,41.08726],[68.84244,41.1101],[68.88022,41.15553],[68.94378,41.16488],[69.03122,41.20875],[69.05478,41.31541],[69.05116,41.34363],[69.03158,41.36699],[69.03618,41.37401],[69.10946,41.40068],[69.12806,41.39515],[69.13819,41.41592],[69.16268,41.43406],[69.21715,41.46005],[69.26293,41.45458],[69.33115,41.47793],[69.39068,41.46972],[69.40236,41.47483],[69.38081,41.51881],[69.39378,41.54496],[69.42034,41.55953],[69.47729,41.57312],[69.62457,41.66831],[69.75944,41.69645],[69.87086,41.69957],[69.9124,41.71286],[69.97204,41.76458],[70.02795,41.77998],[70.1111,41.82598],[70.20417,41.93581],[70.27031,41.96555],[70.31507,42.03459],[70.35791,42.06224],[70.45542,42.09374],[70.4702,42.09162],[70.50446,42.06847],[70.51888,42.03669],[70.53423,42.02498],[70.57903,42.01625],[70.61024,42.02741],[70.67318,42.12598],[70.73427,42.1973],[70.80455,42.18843],[70.84237,42.19254],[70.94779,42.24815]]},"properties":{"kind":"country_border"}},{"type":"Feature","geometry":{"type":"LineString","coordinates":[[55.97842,41.32172],[56.79346,41.28833],[57.01019,41.25412],[57.02952,41.2626],[57.08006,41.32203],[57.14796,41.35107],[57.1614,41.36797],[57.07417,41.39499],[57.03304,41.43825],[57.0196,41.46595],[57.01205,41.55783],[56.96048,41.6472],[56.97195,41.74854],[56.94984,41.8275],[56.95015,41.86605],[56.97836,41.89512],[57.07438,41.92879],[57.11551,41.95209],[57.2078,42.07056],[57.28821,42.12942],[57.38226,42.16363],[57.47828,42.16652],[57.61977,42.14818],[57.66628,42.1551],[57.72157,42.17533],[57.80922,42.17639],[57.85045,42.19143],[57.8273,42.22737],[57.83547,42.24045],[57.87371,42.24964],[57.88807,42.26158],[57.93748,42.35424],[57.90864,42.43043],[57.95277,42.45007],[57.99773,42.49343],[58.01602,42.49971],[58.0799,42.4973],[58.13323,42.45457],[58.20382,42.4695],[58.32505,42.43186],[58.35895,42.41341],[58.38468,42.38783],[58.39492,42.35225],[58.38582,42.30132],[58.3976,42.28786],[58.41393,42.28476],[58.49062,42.29757],[58.48959,42.31452],[58.43791,42.3577],[58.30624,42.52867],[58.271,42.54903],[58.14573,42.59257],[58.12703,42.605],[58.12134,42.62425],[58.14883,42.649],[58.25828,42.68951],[58.28267,42.68892],[58.44184,42.64784],[58.4932,42.64546],[58.53455,42.6545],[58.55573,42.6836],[58.56938,42.7685],[58.58788,42.79119],[58.61227,42.78085],[58.82745,42.59376],[58.89442,42.54784],[58.9647,42.52438],[59.00925,42.51847],[59.122,42.538],[59.14608,42.52676],[59.22381,42.46087],[59.2452,42.36535],[59.25843,42.34755],[59.28716,42.33594],[59.36158,42.32579],[59.40147,42.29391],[59.42648,42.28677],[59.47816,42.28564],[59.68951,42.3098],[59.86635,42.30421],[59.96071,42.22272],[60.0282,42.19952],[60.0404,42.18647],[60.03699,42.1697],[59.98366,42.14559],[59.97446,42.09924],[59.99409,42.0501],[59.9972,42.01062],[59.91927,41.98966],[59.90645,41.96661],[59.93177,41.94765],[59.98366,41.94904],[60.08877,41.91935],[60.11822,41.90044],[60.16752,41.84959],[60.22891,41.81962],[60.25082,41.79427],[60.25268,41.78006],[60.24111,41.76706],[60.2254,41.76546],[60.17134,41.78841],[60.13372,41.79729],[60.10241,41.79528],[60.07492,41.78104],[60.04918,41.7535],[60.05828,41.71859],[60.16473,41.58496],[60.09259,41.54548],[60.07171,41.51437],[60.05921,41.43416],[60.06613,41.4105],[60.09424,41.38952],[60.29992,41.30983],[60.41453,41.23526],[60.44327,41.21966],[60.4781,41.21211],[60.53814,41.21325],[60.65886,41.24379],[60.8603,41.25299],[60.93026,41.24022],[60.97801,41.20281],[61.01026,41.23723],[61.02277,41.21687],[61.09966,41.2241],[61.2026,41.16881],[61.24322,41.1563],[61.28135,41.15728],[61.31587,41.17046],[61.34399,41.19382],[61.363,41.22519],[61.3875,41.23578],[61.41075,41.292],[61.43318,41.30032],[61.56733,41.27779],[61.65436,41.24942],[61.87791,41.12498],[61.9793,40.99884],[61.99025,40.89316],[61.98271,40.88567],[62.03681,40.73633],[62.05573,40.70175],[62.10006,40.66041],[62.13417,40.57783],[62.17138,40.53996],[62.19184,40.49903],[62.21344,40.48657],[62.26093,40.47572],[62.35328,40.4304],[62.36258,40.36968],[62.39653,40.31201],[62.40506,40.24524],[62.43575,40.19419],[62.43968,40.1729],[62.4216,40.11507],[62.45281,40.00924],[62.52459,39.93973],[62.59316,39.89023],[63.47755,39.40292],[63.54101,39.3561],[63.6485,39.23952],[63.70927,39.19089],[64.15059,38.94946],[64.20598,38.94946],[64.28339,38.97969],[64.31357,38.98248],[64.33734,38.97096],[64.42432,38.88295],[64.6349,38.74415],[64.76336,38.68601],[64.91054,38.64534],[64.97772,38.61227],[65.2053,38.44964],[65.60414,38.23741],[65.67163,38.21968],[65.7402,38.22408],[65.81436,38.26619],[65.84288,38.27534],[65.87668,38.27296],[65.97745,38.23457],[66.04349,38.22619],[66.13356,38.17529],[66.23108,38.14878],[66.30694,38.08039],[66.43944,38.03546],[66.51592,38.0351],[66.55416,38.02685],[66.62434,37.99383],[66.64578,37.9459],[66.60904,37.88919],[66.55364,37.83201],[66.51881,37.78271],[66.51912,37.62525],[66.49349,37.52221],[66.50713,37.49384],[66.54269,37.46676],[66.54661,37.45079],[66.49701,37.39774],[66.49483,37.37942],[66.51959,37.36418]]},"properties":{"kind":"country_border"}},{"type":"Feature","geometry":{"type":"LineString","coordinates":[[61.26968,35.6185],[61.23175,35.67188],[61.22916,35.6986],[61.24973,35.72247],[61.25634,35.7695],[61.24973,35.78671],[61.25552,35.82536],[61.24105,35.89388],[61.22182,35.92453],[61.18834,35.95357],[61.12984,35.97052],[61.17397,36.00649],[61.17397,36.04803],[61.19816,36.0608],[61.20725,36.0995],[61.22472,36.12369],[61.20549,36.2211],[61.18761,36.25035],[61.18544,36.28399],[61.17108,36.30642],[61.15351,36.31494],[61.16095,36.32864],[61.14669,36.35727],[61.17397,36.48682],[61.16632,36.51384],[61.18761,36.56511],[61.16581,36.63632],[61.07548,36.64779],[60.34229,36.63714],[60.30922,36.65198],[60.23852,36.76975],[60.13259,36.87341],[60.01921,37.0258],[59.98159,37.03883],[59.89953,37.05056],[59.79721,37.11221],[59.65324,37.14967],[59.63319,37.14626],[59.60497,37.12388],[59.59154,37.13233],[59.57273,37.18339],[59.55598,37.19778],[59.5012,37.19021],[59.46172,37.2076],[59.46937,37.2407],[59.37036,37.31943],[59.34835,37.40929],[59.36199,37.43921],[59.3532,37.45844],[59.3563,37.48063],[59.35165,37.49384],[59.31228,37.53035],[59.28923,37.53518],[59.23311,37.51471],[59.21171,37.51632],[59.03457,37.62453],[58.99219,37.63145],[58.93866,37.65393],[58.86104,37.66809],[58.80109,37.69465],[58.7798,37.65964],[58.72637,37.65938],[58.70425,37.64463],[58.68172,37.64272],[58.61588,37.65951],[58.54932,37.70158],[58.52979,37.70039],[58.51429,37.69147],[58.47967,37.64411],[58.4623,37.6375],[58.35781,37.63331],[58.31885,37.65305],[58.24092,37.66233],[58.20681,37.67873],[58.19927,37.72219],[58.17994,37.75305],[58.18118,37.77485],[58.15669,37.78819],[58.04093,37.8057],[57.88415,37.86534],[57.84952,37.87273],[57.80002,37.86764],[57.78503,37.87257],[57.76302,37.89939],[57.72994,37.89864],[57.69119,37.92027],[57.61233,37.9166],[57.54463,37.92999],[57.49626,37.92231],[57.3524,37.96753],[57.32707,37.99412],[57.34681,38.04693],[57.34433,38.08106],[57.32294,38.10512],[57.31136,38.13501],[57.26692,38.1769],[57.21835,38.26508],[57.18589,38.27648],[57.14662,38.26981],[57.1028,38.22201],[57.03841,38.18728],[56.81238,38.22896],[56.72938,38.27105],[56.68153,38.26462],[56.58521,38.23457],[56.52816,38.25741],[56.43648,38.25508],[56.36641,38.22552],[56.30336,38.17943],[56.29706,38.16579],[56.32424,38.14114],[56.329,38.12377],[56.31546,38.08946],[56.29975,38.08023],[56.21407,38.06884],[56.12146,38.08646],[55.96302,38.06651],[55.90504,38.08558],[55.85409,38.086],[55.80035,38.1078],[55.73844,38.1186],[55.51096,38.08584],[55.4474,38.08367],[55.30746,38.00879],[55.2288,37.9858],[55.21971,37.96998],[55.13031,37.95231],[55.10354,37.9188],[55.06664,37.90844],[55.05352,37.88441],[55.0068,37.84309],[54.85663,37.76113],[54.81364,37.71863],[54.78728,37.65186],[54.78831,37.6308],[54.8094,37.60334],[54.80506,37.56505],[54.78831,37.52464],[54.65396,37.4389],[54.61685,37.43301],[54.55598,37.44361],[54.53334,37.44082],[54.36415,37.36268],[54.3285,37.35328],[54.26152,37.35483],[54.20644,37.3246],[53.91375,37.34275]]},"properties":{"kind":"country_border"}},{"type":"Feature","geometry":{"type":"LineString","coordinates":[[61.58823,25.20209],[61.62004,25.28549],[61.64319,25.61332],[61.65249,25.6373],[61.67348,25.65828],[61.67637,25.6928],[61.66035,25.76918],[61.68143,25.79548],[61.73931,25.80328],[61.7545,25.81998],[61.8099,26.16745],[61.83295,26.22538],[61.85713,26.24238],[61.97775,26.27318],[62.03226,26.30289],[62.09417,26.31483],[62.12384,26.374],[62.24341,26.35064],[62.26512,26.36098],[62.249,26.41653],[62.29788,26.47404],[62.29199,26.50123],[62.35586,26.53662],[62.39669,26.53905],[62.41849,26.56231],[62.59533,26.5807],[62.6406,26.60515],[62.67104,26.59771],[62.70194,26.60401],[62.72473,26.61512],[62.74271,26.64132],[62.75356,26.64416],[63.06889,26.63254],[63.09804,26.63838],[63.14134,26.6254],[63.16377,26.64509],[63.17431,26.68504],[63.18227,26.83025],[63.18956,26.84601],[63.24666,26.85955],[63.26165,26.87175],[63.26485,26.89004],[63.23498,26.94115],[63.23136,27.06584],[63.26092,27.11561],[63.28056,27.1232],[63.31963,27.11731],[63.27126,27.20341],[63.1771,27.25844],[63.1123,27.2432],[63.05618,27.2432],[63.00378,27.22878],[62.89242,27.21348],[62.82932,27.23364],[62.80064,27.22516],[62.74235,27.26681],[62.76809,27.27436],[62.77878,27.29983],[62.77568,27.32691],[62.75604,27.3481],[62.8086,27.45336],[62.8147,27.49496],[62.78028,27.82972],[62.73568,27.99498],[62.76638,28.21148],[62.76152,28.24644],[62.7393,28.25833],[62.57564,28.22903],[62.49229,28.3007],[62.46428,28.34982],[62.42097,28.36855],[62.39054,28.40612],[62.36279,28.41889],[62.2307,28.44245],[62.1475,28.47527],[62.04911,28.48632],[61.89279,28.5426],[61.79771,28.62657],[61.75616,28.67396],[61.65301,28.75633],[61.62397,28.78765],[61.59534,28.84269],[61.56651,28.87098],[61.55317,28.92214],[61.5109,29.00738],[61.46801,29.04174],[61.48723,29.06293],[61.48775,29.08066],[61.46088,29.09388],[61.43773,29.13962],[61.40858,29.14856],[61.39794,29.15907],[61.38698,29.20664],[61.34233,29.25452],[61.33282,29.27491],[61.34657,29.34906],[61.33737,29.37438],[61.27918,29.40663],[60.84438,29.85818]]},"properties":{"kind":"country_border"}},{"type":"Feature","geometry":{"type":"LineString","coordinates":[[49.22713,46.32788],[49.03316,46.40489],[48.89705,46.48218],[48.81963,46.47926],[48.70502,46.55044],[48.57324,46.55827],[48.53939,46.56796],[48.56301,46.59132],[48.54689,46.59928],[48.53004,46.63819],[48.45511,46.6608],[48.47909,46.68346],[48.50575,46.7326],[48.5567,46.76175],[48.6182,46.77043],[48.67659,46.75803],[48.71266,46.72878],[48.73954,46.69056],[48.76403,46.68284],[48.91689,46.70258],[49.00629,46.76911],[48.69726,47.10098],[48.52508,47.41023],[48.43754,47.4292],[48.41108,47.44576],[48.36059,47.4931],[48.17435,47.71285],[48.11249,47.74851],[48.04449,47.7697],[47.64973,47.76559],[47.43533,47.83439],[47.41218,47.83587],[47.39419,47.8268],[47.38882,47.81191],[47.38293,47.70536],[47.37424,47.68582],[47.35967,47.68334],[47.17446,47.77052],[47.12382,47.80804],[47.12516,47.83209],[47.15865,47.87155],[47.04424,47.98622],[47.13705,48.02725],[47.17818,48.0518],[47.19203,48.0718],[47.17395,48.0842],[47.11948,48.08828],[47.10356,48.1012],[47.11648,48.15386],[47.10883,48.17399],[47.07524,48.20512],[47.11214,48.24155],[47.09891,48.26538],[47.07829,48.27535],[46.47828,48.41056],[46.75382,48.91407],[46.778,48.93603],[46.93003,49.00404],[47.02088,49.09685],[47.04,49.15033],[47.02863,49.20149],[46.97923,49.24428],[46.83071,49.31833],[46.77511,49.33255],[46.89991,49.82032],[46.92259,49.86135],[46.95856,49.88414],[47.17736,49.94718],[47.30872,50.0448],[47.32856,50.07297],[47.32763,50.10929],[47.27306,50.15844],[47.2651,50.18634],[47.32231,50.2374],[47.29477,50.27543],[47.32288,50.30448],[47.39223,50.32323],[47.46979,50.41176],[47.5115,50.43692],[47.55692,50.45258],[47.5993,50.45268],[47.68999,50.38633],[47.74911,50.36023],[47.77649,50.3298],[47.80822,50.31993],[47.99323,50.1818],[48.02475,50.13126],[48.07456,50.10526],[48.09637,50.07855],[48.14236,49.96377],[48.20045,49.92502],[48.23931,49.86476],[48.30287,49.86672],[48.35951,49.83396],[48.42989,49.80967],[48.47909,49.84316],[48.68352,49.89546],[48.7846,49.93339],[48.88568,50.01989],[48.8741,50.06981],[48.85183,50.09725],[48.78284,50.11146],[48.78904,50.17301],[48.72889,50.26541],[48.7013,50.3346],[48.67442,50.47847],[48.67339,50.57955],[48.64848,50.60156],[48.57293,50.61686],[48.56828,50.63655],[48.58399,50.64962],[48.60879,50.64792],[48.73959,50.59753],[48.78625,50.59061],[48.83044,50.59603],[49.0127,50.68342],[49.10241,50.75799],[49.14406,50.78171],[49.28369,50.80372],[49.36942,50.82677],[49.40844,50.84827],[49.42373,50.88206],[49.40549,50.91353],[49.34735,50.96428],[49.39273,51.0342],[49.41061,51.08554],[49.43655,51.11233],[49.46011,51.11616],[49.53975,51.10078],[49.77906,51.10218],[49.84283,51.15068],[49.98685,51.22982],[50.02876,51.243],[50.20746,51.26594],[50.32538,51.30346],[50.34895,51.3226],[50.33758,51.37203],[50.37623,51.39702],[50.35959,51.41332],[50.37964,51.42115],[50.45747,51.42689],[50.47896,51.45373],[50.51834,51.45975],[50.52723,51.47009],[50.52537,51.56559],[50.5757,51.58843],[50.5817,51.6353],[50.59984,51.63473],[50.63927,51.61618],[50.6942,51.61117],[50.6587,51.57618],[50.67089,51.56753],[50.71998,51.56742],[50.76432,51.57866],[50.79068,51.59729],[50.7945,51.62597],[50.74737,51.70904],[50.74417,51.74237],[50.76701,51.7594],[50.83925,51.74552],[50.87367,51.72188],[50.90075,51.68713],[50.92545,51.67969],[51.16978,51.66948],[51.23385,51.68548],[51.28842,51.64287],[51.37193,51.62959],[51.38113,51.58706],[51.35896,51.56148],[51.24166,51.5437],[51.23654,51.5359],[51.27302,51.49259],[51.30424,51.47164],[51.37948,51.46709],[51.46185,51.47528],[51.51497,51.4927],[51.55983,51.53458],[51.58432,51.53492],[51.6205,51.51869],[51.62442,51.48102],[51.64737,51.45123],[51.69331,51.4541],[51.7823,51.49285],[51.76473,51.59331],[51.86916,51.67307],[51.92477,51.67827],[51.97861,51.66036],[52.03525,51.6524],[52.09179,51.65871],[52.14801,51.71607],[52.17411,51.72524],[52.25818,51.72421],[52.27958,51.73534],[52.29224,51.76563],[52.30779,51.77454],[52.33487,51.76371],[52.37766,51.6601],[52.44453,51.58019],[52.47884,51.50487],[52.50582,51.47887],[52.54582,51.45952],[52.57506,51.46714],[52.66369,51.46345],[52.66855,51.45513],[52.70947,51.48208],[52.74554,51.48701],[52.76467,51.50526],[52.77975,51.50812],[52.82068,51.48701],[52.89654,51.48528],[52.8828,51.46714],[52.94429,51.45288],[52.99886,51.48019],[53.0371,51.48973],[53.1572,51.48701],[53.14862,51.50476],[53.16578,51.51456],[53.19048,51.51249],[53.21415,51.49476],[53.23223,51.50068],[53.30737,51.49383],[53.34634,51.50303],[53.40731,51.48417],[53.45341,51.4419],[53.55542,51.41552],[53.6103,51.38841],[53.61795,51.37214],[53.57443,51.35322],[53.59325,51.33912],[53.59407,51.28943],[53.64254,51.25543],[53.64937,51.23734],[53.67386,51.21987],[53.85773,51.1846],[53.90899,51.19044],[53.93586,51.18561],[53.99405,51.15339],[54.01761,51.11908],[54.11156,51.096],[54.14908,51.00965],[54.14536,50.99265],[54.17657,50.9679],[54.23352,50.94309],[54.27579,50.90428],[54.30008,50.89472],[54.381,50.88542],[54.41965,50.86449],[54.47857,50.85349],[54.48528,50.82543],[54.42193,50.76869],[54.40715,50.68481],[54.37976,50.61944],[54.3995,50.57867],[54.43578,50.54751],[54.47857,50.52596],[54.49944,50.52327],[54.59143,50.54234],[54.64755,50.57324],[54.67628,50.60255],[54.67359,50.63433],[54.63907,50.70698],[54.65023,50.78631],[54.62688,50.81158],[54.65179,50.84625],[54.63825,50.88573],[54.50296,50.92826],[54.54595,50.95327],[54.52528,50.9911],[54.53376,51.00324],[54.63825,51.02769],[54.68579,51.02355],[54.74625,50.99296],[54.81167,50.97239],[54.89425,50.9124],[55.04773,50.88423],[55.06323,50.86217],[55.06137,50.82269],[55.08401,50.7969],[55.30539,50.66497],[55.34776,50.65138],[55.41598,50.6614],[55.46776,50.65696],[55.49111,50.64585],[55.52429,50.60069],[55.57039,50.58833],[55.61679,50.54994],[55.65999,50.53004],[55.69431,50.53878],[55.7649,50.58684],[55.93233,50.64652],[56.07888,50.72476],[56.10007,50.74786],[56.13738,50.86878],[56.15836,50.90552],[56.1749,50.90868],[56.2582,50.88449],[56.31546,50.88382],[56.33571,50.89586],[56.35049,50.948],[56.36496,50.95787],[56.41581,50.96268],[56.43204,50.97622],[56.42119,51.03353],[56.47834,51.07303],[56.508,51.06626],[56.59658,50.98402],[56.68835,50.96914],[56.70747,50.97043],[56.70964,50.98159],[56.68029,51.04978],[56.71605,51.07247],[56.76008,51.08024],[56.81362,51.05704],[56.86509,51.05177],[56.94105,51.06833],[57.02518,51.06267],[57.07241,51.06973],[57.15447,51.09996],[57.18124,51.0735],[57.19747,51.01735],[57.27292,50.99746],[57.33431,50.89741],[57.41813,50.86237],[57.46763,50.8585],[57.49141,50.86687],[57.53285,50.90997],[57.5559,50.91875],[57.68922,50.89674],[57.7224,50.90873],[57.73728,50.93824],[57.73439,51.07389],[57.7688,51.11967],[57.79619,51.12326],[57.84177,51.1058],[57.91226,51.10339],[57.96021,51.07748],[58.00166,51.08978],[58.07731,51.09794],[58.08878,51.09192],[58.09096,51.07611],[58.11369,51.06518],[58.16764,51.05518],[58.19059,51.06554],[58.22376,51.12313],[58.30841,51.15003],[58.36598,51.10892],[58.37797,51.07066],[58.39802,51.06371],[58.52049,51.06195],[58.56348,51.04926],[58.59501,51.02337],[58.59635,50.96247],[58.55439,50.92542],[58.55015,50.89328],[58.57144,50.86351],[58.641,50.86341],[58.65123,50.85328],[58.64668,50.80129],[58.66436,50.78992],[58.74776,50.79509],[58.76843,50.78269],[58.79396,50.73768],[58.81153,50.72548],[58.88677,50.68895],[58.92594,50.67815],[59.19745,50.66275],[59.21936,50.65836],[59.27331,50.61598],[59.43764,50.63112],[59.4981,50.5997],[59.56342,50.57986],[59.56043,50.55381],[59.53531,50.54658],[59.47816,50.55242],[59.4517,50.53728],[59.45077,50.52229],[59.46627,50.50736],[59.52281,50.47465],[59.55505,50.48436],[59.62223,50.5241],[59.77468,50.53371],[59.81571,50.56291],[59.85922,50.62254],[59.91513,50.67381],[59.91462,50.7459],[59.96216,50.82951],[59.97807,50.84377],[60.02128,50.85405],[60.08329,50.85716],[60.1362,50.84449],[60.15481,50.77091],[60.17672,50.74218],[60.24545,50.70197],[60.30043,50.68466],[60.71849,50.65267],[60.81833,50.6629],[61.09522,50.72269],[61.3721,50.78248],[61.40403,50.80258],[61.44176,50.87498],[61.45674,50.965],[61.53416,51.20607],[61.56733,51.23388],[61.66366,51.2584],[61.59317,51.27783],[61.56299,51.29553],[61.4738,51.4258],[61.35618,51.45965],[61.30492,51.45288],[61.23299,51.47055],[61.16405,51.46714],[61.02328,51.48551],[60.97099,51.51562],[60.94463,51.54437],[60.9344,51.56582],[60.9374,51.61117],[60.5151,51.61791],[60.48471,51.65103],[60.37588,51.66253],[60.35511,51.67142],[60.35604,51.69227],[60.37154,51.70517],[60.43738,51.72839],[60.44017,51.75395],[60.47551,51.77619],[60.47975,51.78426],[60.45205,51.80547],[60.27449,51.83283],[60.13807,51.88888],[60.11781,51.86355],[60.09228,51.85477],[60.06076,51.85867],[60.04009,51.8712],[59.98572,51.95228],[60.00319,51.99259],[60.20276,51.99274],[60.34766,52.08961],[60.4258,52.12958],[60.50652,52.15165],[60.67219,52.14434],[60.72284,52.16958],[60.78123,52.22061],[60.89668,52.25469],[60.94742,52.28973],[61.03992,52.335],[60.96137,52.40197],[60.93647,52.48858],[60.81492,52.52191],[60.81348,52.6055],[60.80314,52.62774],[60.72449,52.62622],[60.67261,52.67216],[60.69617,52.73492],[60.82908,52.77164],[60.88489,52.82525],[61.05842,52.92217],[60.9746,52.97124],[61.0886,52.97806],[61.15578,53.00969],[61.1903,53.01315],[61.28735,52.98516],[61.34936,52.98491],[61.44827,53.02142],[61.47804,53.01235],[61.57426,52.95584],[61.60557,52.94832],[61.67534,52.97362],[61.71781,52.96995],[61.81982,52.97824],[61.85651,52.97015],[61.92256,52.93817],[61.95925,52.93494],[62.03485,52.95271],[62.07268,52.96958],[62.09417,52.99248],[62.11603,53.06459],[62.10802,53.08857],[62.08322,53.1133],[62.05066,53.12477],[61.83512,53.15112],[61.76422,53.16947],[61.7051,53.2035],[61.66428,53.2389],[61.64309,53.24334],[61.54728,53.21146],[61.51431,53.20867],[61.47804,53.21513],[61.37985,53.26187],[61.34481,53.27011],[61.24952,53.2697],[61.20291,53.27644],[61.16271,53.29915],[61.13366,53.34814],[61.13718,53.37313],[61.20095,53.43622],[61.21821,53.49265],[61.23526,53.50304],[61.28766,53.5032],[61.35349,53.44981],[61.38161,53.43612],[61.4123,53.43576],[61.51473,53.4925],[61.55534,53.50573],[61.52837,53.57167],[61.50305,53.58898],[61.39029,53.58851],[61.36125,53.58257],[61.31608,53.54521],[61.28073,53.54242],[61.14038,53.56273],[61.12147,53.56981],[61.09635,53.59921],[61.04664,53.60846],[60.90732,53.61363],[60.88024,53.6328],[60.90474,53.65709],[61.00757,53.63575],[61.04271,53.65425],[61.05222,53.70329],[61.10689,53.71243],[61.12746,53.74716],[61.19909,53.79713],[61.20198,53.81961],[61.11496,53.85232],[61.08498,53.87532],[60.97801,53.8826],[60.97181,53.91583],[60.9961,53.94141],[61.0638,53.95531],[61.14524,53.95014],[61.17624,53.9165],[61.19288,53.9071],[61.21076,53.90767],[61.23051,53.94307],[61.1935,54.01825],[61.24983,54.02073],[61.27484,54.02854],[61.31153,54.05985],[61.33768,54.06316],[61.41768,54.05598],[61.47855,54.00291],[61.55276,53.99252],[61.55617,53.96095],[61.5818,53.94766],[61.61105,53.95955],[61.61994,53.99257],[61.71533,53.99257],[61.7421,53.98156],[61.7913,54.00079],[61.82055,53.99257],[61.83615,53.95113],[61.85641,53.9427],[62.00364,53.93201],[62.0026,54.01738],[62.41271,54.02663],[62.43348,54.02466],[62.44614,54.01453],[62.44402,53.99231],[62.39958,53.97448],[62.38661,53.96131],[62.38997,53.94157],[62.40816,53.92472],[62.45668,53.90922],[62.4989,53.8778],[62.52526,53.87185],[62.5451,53.88369],[62.53177,53.93035],[62.58655,53.96983],[62.56319,53.99252],[62.55058,54.02683],[62.58097,54.0536],[62.62913,54.07117],[62.75718,54.08109],[62.81206,54.09499],[62.90239,54.07846],[62.98549,54.09288],[63.08466,54.08564],[63.1122,54.0937],[63.12744,54.11045],[63.11003,54.15799],[63.12377,54.17411],[63.15674,54.18005],[63.36831,54.16284],[63.47755,54.20398],[63.54494,54.20646],[63.70865,54.25044],[63.74399,54.24873],[63.85603,54.20186],[63.89747,54.19416],[63.90802,54.20749],[64.00785,54.22868],[64.02542,54.25524],[63.97897,54.29648],[64.0045,54.31973],[64.03514,54.30397],[64.05953,54.30371],[64.09374,54.32418],[64.17663,54.32051],[64.29404,54.35338],[64.33383,54.34464],[64.43253,54.35152],[64.46705,54.37198],[64.51139,54.36511],[64.57852,54.38557],[64.65267,54.34712],[64.6843,54.33612],[64.72016,54.33384],[64.91064,54.40273],[64.97772,54.3866],[65.08541,54.30857],[65.11745,54.3064],[65.1437,54.31762],[65.18422,54.31043],[65.21295,54.34304],[65.18132,54.44913],[65.20225,54.47254],[65.19817,54.51616],[65.21429,54.52789],[65.34157,54.56148],[65.42751,54.5528],[65.44901,54.55662],[65.44978,54.62747],[65.47738,54.63269],[65.57458,54.62545],[65.71297,54.59719],[65.74398,54.60085],[65.82697,54.67268],[65.9328,54.70255],[65.95187,54.69367],[65.96066,54.62798],[65.97745,54.61171],[66.44652,54.71093],[66.7003,54.71925],[66.78179,54.75821],[66.97734,54.76369],[67.09852,54.79201],[67.21334,54.79717],[67.28393,54.85329],[67.31132,54.85991],[67.37793,54.84906],[67.44299,54.85701],[67.62272,54.85386],[67.69848,54.86792],[67.75791,54.89784],[67.81734,54.95215],[67.88224,54.97044],[67.91315,54.96915],[68.00968,54.943],[68.16605,54.95613],[68.18362,54.96714],[68.19091,54.99256],[68.22181,55.00775],[68.23478,55.0385],[68.30423,55.05261],[68.30816,55.07282],[68.22811,55.1016],[68.19055,55.12537],[68.20698,55.15415],[68.17711,55.17054],[68.26238,55.19405],[68.30578,55.18139],[68.37679,55.19508],[68.47735,55.18283],[68.54412,55.19689],[68.6053,55.1956],[68.61822,55.21544],[68.61367,55.24309],[68.67641,55.27322],[68.68235,55.32717],[68.70059,55.3605],[68.84601,55.33678],[68.9228,55.27637],[68.94564,55.27037],[68.9706,55.27864],[68.98326,55.30856],[68.97727,55.3467],[68.91784,55.37094],[68.90244,55.41248],[68.9273,55.43372],[69.12258,55.39786],[69.18614,55.32577],[69.22624,55.33357],[69.31027,55.38148],[69.33456,55.38515],[69.47729,55.34944],[69.67387,55.33404],[69.80228,55.29208],[69.91168,55.21162],[69.94031,55.20025],[70.05865,55.18702],[70.21368,55.13198],[70.28463,55.1832],[70.38245,55.20624],[70.38809,55.23027],[70.44116,55.28335],[70.46007,55.28743],[70.56125,55.2696],[70.60652,55.2805],[70.66574,55.30918],[70.72124,55.31311],[70.82036,55.29415],[70.78894,55.26546],[70.78212,55.24846],[70.79318,55.23317],[70.96009,55.10558],[70.97715,55.07798],[70.95699,54.97349],[70.97446,54.94693],[70.94593,54.88792],[70.98996,54.84864],[71.00598,54.77423],[71.04701,54.74906],[71.09724,54.73304],[71.2007,54.724],[71.25279,54.6824],[71.26467,54.66173],[71.25232,54.62535],[71.17905,54.60871],[71.14757,54.59145],[71.14122,54.56375],[71.1452,54.4806],[71.17104,54.45099],[71.16592,54.41704],[71.19801,54.39952],[71.19062,54.31818],[71.11626,54.31172],[71.03947,54.33209],[71.0034,54.33312],[70.98004,54.32506],[70.97084,54.30501],[70.97715,54.27013],[71.05208,54.2632],[71.05637,54.22341],[71.04396,54.18594],[71.09745,54.16507],[71.16127,54.10197],[71.1823,54.10156],[71.21806,54.11628],[71.2963,54.18899],[71.32059,54.20103],[71.45314,54.18135],[71.47711,54.10967],[71.57354,54.1292],[71.61499,54.10951],[71.64723,54.10858],[71.70873,54.1322],[71.71545,54.21075],[71.74139,54.24243],[71.76247,54.24765],[71.98365,54.23157],[72.01868,54.21499],[72.09951,54.13189],[72.15511,54.12838],[72.17764,54.13597],[72.19046,54.15199],[72.18736,54.17943],[72.16999,54.19685],[72.11149,54.2062],[72.06674,54.22238],[72.07212,54.26274],[72.10302,54.31157],[72.02706,54.35534],[72.02468,54.37095],[72.04318,54.37803],[72.1518,54.36826],[72.18477,54.35684],[72.25278,54.30346],[72.27872,54.26274],[72.3244,54.25349],[72.33711,54.23654],[72.33298,54.22377],[72.29856,54.1784],[72.48294,54.13561],[72.46672,54.10993],[72.42321,54.10869],[72.40791,54.08957],[72.3584,54.09298],[72.36357,54.05954],[72.41866,54.01603],[72.37277,53.93624],[72.37298,53.92007],[72.3922,53.90824],[72.45556,53.90534],[72.47674,53.9134],[72.55684,53.97722],[72.67373,53.95051],[72.70019,53.95764],[72.69482,53.99257],[72.65616,54.04254],[72.63177,54.05391],[72.5094,54.04358],[72.5031,54.05086],[72.52739,54.10006],[72.57307,54.12869],[72.62423,54.13499],[72.8855,54.11732],[72.94204,54.12176],[72.96839,54.10414],[72.97676,54.04771],[73.02369,54.03396],[73.04436,53.99231],[73.06275,53.97908],[73.36031,53.93841],[73.37395,53.94095],[73.39276,53.97402],[73.43348,53.97066],[73.48164,53.94539],[73.51802,53.95604],[73.52826,54.01071],[73.58686,54.01944],[73.60443,54.03469],[73.58851,54.06616],[73.60153,54.07122],[73.67047,54.07593],[73.67491,54.05159],[73.68494,54.04843],[73.74065,54.05794],[73.68287,53.87413],[73.66168,53.86085],[73.6343,53.85744],[73.48526,53.87485],[73.43183,53.86545],[73.39121,53.82824],[73.43782,53.8085],[73.34739,53.78762],[73.33116,53.77517],[73.30656,53.68566],[73.26378,53.68101],[73.22967,53.66241],[73.22491,53.62985],[73.25881,53.60629],[73.2306,53.57234],[73.39121,53.52025],[73.34718,53.45937],[73.41095,53.43002],[73.54655,53.50692],[73.58252,53.55864],[73.6407,53.56324],[73.6529,53.60918],[73.73651,53.60975],[73.78777,53.59508],[73.90415,53.63916],[74.05804,53.62458],[74.0628,53.57322],[74.07685,53.56619],[74.11871,53.56955],[74.14796,53.59802],[74.2233,53.59461],[74.25049,53.55678],[74.27033,53.55322],[74.26961,53.51524],[74.3589,53.46614],[74.38836,53.46222],[74.40913,53.47756],[74.45688,53.56975],[74.42081,53.60309],[74.43848,53.67342],[74.45347,53.68499],[74.61646,53.6807],[74.65449,53.7484],[74.66297,53.75496],[74.72529,53.75915],[74.7349,53.76519],[74.772,53.83088],[74.80621,53.8377],[74.88848,53.83635],[75.00083,53.80648],[75.02791,53.80793],[75.43398,53.98652],[75.3607,54.05954],[75.42922,54.09008],[75.49981,54.10233],[75.60317,54.09453],[75.64037,54.09887],[76.1838,54.25157],[76.16975,54.29136],[76.17709,54.30676],[76.21481,54.34221],[76.23424,54.34743],[76.43309,54.31658],[76.4765,54.32315],[76.56187,54.35627],[76.62305,54.35591],[76.64093,54.3665],[76.65179,54.42231],[76.67277,54.43647],[76.78211,54.43947],[76.85239,54.46117],[76.89591,54.46386],[76.91048,54.45461],[76.90355,54.4326],[76.88567,54.42278],[76.80475,54.41012],[76.75297,54.37668],[76.76609,54.36459],[76.8342,54.34568],[76.83772,54.29689],[76.78232,54.24237],[76.76248,54.20264],[76.6646,54.13406],[76.60383,54.13535],[76.4765,54.16403],[76.41263,54.16569],[76.37666,54.15427],[76.4765,54.04203],[76.49521,53.99231],[76.5257,53.96131],[77.61276,53.44279],[77.8668,53.27233],[78.47648,52.63793],[79.46981,51.49259],[79.92693,50.8785],[79.96652,50.81018],[80.0213,50.76688],[80.05499,50.75287],[80.08599,50.75215],[80.03111,50.80879],[80.0154,50.83948],[80.0493,50.85235],[80.1016,50.82155],[80.11917,50.81494],[80.14274,50.81711],[80.18129,50.87566],[80.23482,50.89323],[80.26728,50.91565],[80.36019,50.91922],[80.40287,50.93374],[80.43905,50.95813],[80.45941,50.99265],[80.46447,51.04371],[80.45166,51.0735],[80.41052,51.10484],[80.422,51.18757],[80.45207,51.20793],[80.56131,51.2021],[80.59925,51.20855],[80.63242,51.27796],[80.66456,51.30015],[80.68275,51.30201],[80.84254,51.25752],[80.88248,51.28486],[80.90574,51.28356],[80.92424,51.21607],[80.93607,51.20569],[81.02211,51.17739],[81.07012,51.17199],[81.11286,51.19595],[81.15203,51.18654],[81.15864,51.17427],[81.14717,51.13595],[81.08051,51.03087],[81.05152,50.9557],[81.05829,50.94707],[81.10438,50.93669],[81.15885,50.93824],[81.27745,50.96268],[81.4008,50.95911],[81.40121,50.92299],[81.41609,50.88966],[81.46612,50.83375],[81.42612,50.78817],[81.41878,50.76248],[81.43108,50.74073],[81.46023,50.73034],[81.67412,50.73603],[81.69721,50.74502],[81.74414,50.78491],[81.82243,50.76574],[81.89503,50.77421],[81.94536,50.7692],[81.99032,50.75964],[82.09554,50.70812],[82.14732,50.70161],[82.19879,50.70879],[82.25573,50.74522],[82.28839,50.73742],[82.32839,50.7521],[82.3625,50.74212],[82.40828,50.74838],[82.47582,50.71401],[82.60424,50.76905],[82.67276,50.78977],[82.69803,50.81096],[82.7,50.88098],[82.72645,50.90072],[82.76454,50.90666],[82.84412,50.89173],[82.9759,50.88191],[83.02147,50.89178],[83.05785,50.91715],[83.10757,50.99265],[83.1796,50.98728],[83.32378,51.00242],[83.43396,50.99265],[83.46202,50.96433],[83.49834,50.94542],[83.60976,50.93203],[83.7128,50.88222],[83.77817,50.87943],[83.8205,50.86801],[83.88282,50.81199],[83.92199,50.80072],[83.95057,50.78042],[83.94974,50.71789],[83.97584,50.68636],[84.10172,50.62859],[84.13303,50.60079],[84.15122,50.55257],[84.19561,50.51144],[84.17675,50.43914],[84.23938,50.34463],[84.23964,50.27822],[84.24998,50.25993],[84.30439,50.24324],[84.33137,50.21347],[84.36878,50.21182],[84.44077,50.24463],[84.5357,50.19094],[84.642,50.1849],[84.72029,50.13663],[84.7732,50.13834],[84.79067,50.13276],[84.83868,50.08082],[84.88798,50.09674],[84.91025,50.09508],[84.98673,50.06697],[85.02833,50.02051],[85.02544,50.00408],[84.95479,49.99049],[84.95459,49.90693],[84.97577,49.89401],[85.03262,49.88497],[85.05629,49.87334],[85.08171,49.80001],[85.16326,49.73397],[85.18512,49.70503],[85.19504,49.62565],[85.22361,49.59573],[85.26309,49.58152],[85.38402,49.61568],[85.47569,49.58307],[85.5313,49.58912],[85.59718,49.6193],[85.61486,49.61713],[85.6423,49.57749],[85.6733,49.56044],[85.74741,49.573],[85.80921,49.53651],[85.88073,49.56328],[85.94057,49.55961],[85.93143,49.49285],[85.94626,49.48137],[85.98005,49.48287],[86.02754,49.51564],[86.07049,49.52628],[86.11152,49.52018],[86.17725,49.46334],[86.21425,49.49615],[86.27213,49.58364],[86.32949,49.61025],[86.39181,49.62498],[86.47548,49.67082],[86.48297,49.68627],[86.47274,49.70834],[86.5456,49.74265],[86.56513,49.7427],[86.6102,49.79551],[86.64244,49.79386],[86.68492,49.7782],[86.74838,49.78296],[86.75959,49.76771],[86.73763,49.735],[86.74052,49.72275],[86.77587,49.695],[86.73649,49.6719],[86.66771,49.66426],[86.64709,49.65366],[86.59599,49.60188],[86.59934,49.57351],[86.64255,49.54747],[86.70952,49.5545],[86.73257,49.55067],[86.82434,49.50923],[86.81401,49.45001],[86.82899,49.43331],[86.93307,49.39011],[86.90506,49.35192],[86.91302,49.33869],[87.01255,49.28071],[87.01715,49.25865],[87.03663,49.24273],[87.07601,49.23689],[87.19032,49.23782],[87.27176,49.20511],[87.3238,49.08527]]},"properties":{"kind":"country_border"}},{"type":"Feature","geometry":{"type":"LineString","coordinates":[[35.75759,32.74435],[35.76973,32.74805]]},"properties":{"kind":"country_border"}},{"type":"Feature","geometry":{"type":"LineString","coordinates":[[34.20027,31.31427],[34.22461,31.27571],[34.32951,30.99449],[34.48041,30.65121],[34.50221,30.57168],[34.50438,30.53033],[34.53622,30.48217],[34.52692,30.40962],[34.59947,30.34451],[34.73321,30.01259],[34.74137,29.94024],[34.82436,29.7417],[34.8501,29.63876],[34.84824,29.56964],[34.88673,29.49006]]},"properties":{"kind":"country_border"}},{"type":"Feature","geometry":{"type":"LineString","coordinates":[[34.94939,29.35169],[36.01644,29.18995],[36.04383,29.19088],[36.06946,29.20003],[36.47708,29.49461],[36.70487,29.83115],[36.72874,29.85353],[36.75624,29.86552],[37.4702,29.99455],[37.4917,30.01119],[37.64755,30.33086],[37.98138,30.49881],[37.48002,31.00726],[36.95953,31.491],[38.96344,31.99433],[38.99806,32.00694],[39.11682,32.1029],[39.14637,32.11814]]},"properties":{"kind":"country_border"}},{"type":"Feature","geometry":{"type":"LineString","coordinates":[[48.43278,28.54048],[47.66813,28.5335],[47.65981,28.56004],[47.59682,28.60882],[47.58167,28.63148],[47.55842,28.69148],[47.54994,28.7706],[47.4945,28.90402],[47.43409,28.99459],[46.53244,29.09574]]},"properties":{"kind":"country_border"}},{"type":"Feature","geometry":{"type":"LineString","coordinates":[[42.35724,37.10998],[42.37719,37.06224],[42.28158,36.99397],[41.84378,36.61787],[41.78993,36.58929],[41.41487,36.52738],[41.38541,36.51638],[41.27699,36.35478],[41.23669,36.06033],[41.35451,35.82557],[41.3635,35.65524],[41.34221,35.59369],[41.26108,35.49417],[41.24309,35.36652],[41.20134,35.24302],[41.19152,35.18214],[41.20423,34.79312],[41.19566,34.76847],[40.98802,34.42852],[40.96528,34.40185],[40.93603,34.38607],[40.69047,34.3315],[39.65921,33.81481],[38.77451,33.37169]]},"properties":{"kind":"country_border"}},{"type":"Feature","geometry":{"type":"LineString","coordinates":[[51.56935,24.25617],[51.57554,24.21772],[51.57316,24.12783],[51.57854,24.10184],[51.59352,24.07832],[52.32831,23.20445],[52.55848,22.93858],[53.57805,22.80876],[55.1053,22.62095],[55.12039,22.62343],[55.18684,22.70358]]},"properties":{"kind":"country_border"}},{"type":"Feature","geometry":{"type":"LineString","coordinates":[[42.78949,16.37094],[42.87245,16.40164],[42.89819,16.4189],[42.90677,16.43492],[42.90677,16.47936],[42.97095,16.49579],[43.03627,16.5363],[43.07461,16.61878],[43.08495,16.67258],[43.09776,16.67779],[43.16293,16.66152],[43.17998,16.66462],[43.18608,16.68327],[43.16851,16.73722],[43.18287,16.758],[43.20861,16.7734],[43.2115,16.79686],[43.19445,16.81546],[43.14582,16.83448],[43.11264,16.91003],[43.10872,16.92698],[43.1359,17.00961],[43.136,17.03142],[43.11843,17.08625],[43.1453,17.14655],[43.15616,17.2097],[43.17688,17.22551],[43.24861,17.25192],[43.25217,17.27197],[43.24184,17.29342],[43.2222,17.30783],[43.16504,17.32592],[43.21595,17.38721],[43.30307,17.45904],[43.41288,17.51997],[43.48714,17.51748],[43.57706,17.48296],[43.61954,17.45883],[43.6893,17.38385],[43.73064,17.35243],[43.76878,17.34551],[43.86324,17.34695],[43.88671,17.35367],[43.89265,17.35104],[43.89404,17.31217],[43.91513,17.30184],[43.93869,17.3052],[43.98231,17.35682],[44.00391,17.36783],[44.08535,17.34344],[44.10447,17.35197],[44.13429,17.3947],[44.14902,17.40483],[44.21154,17.39062],[44.40414,17.41873],[44.56196,17.40447],[44.64645,17.43181],[45.16539,17.42839],[45.22213,17.41739],[45.3847,17.32649],[45.43038,17.31202],[45.89082,17.26665],[46.32263,17.22407],[46.7101,17.27538],[46.7472,17.25476],[46.97034,16.95685],[46.983,16.9491],[47.12878,16.94305],[47.16134,16.94744],[47.42757,17.09183],[47.45796,17.13089],[47.58901,17.46328],[48.16195,18.14892],[49.03585,18.57972],[49.12881,18.6121],[50.53932,18.8019],[51.97861,18.99564]]},"properties":{"kind":"country_border"}},{"type":"Feature","geometry":{"type":"LineString","coordinates":[[13.60731,13.7041],[13.48226,14.25978],[13.44918,14.38013],[13.44949,14.43904],[13.48226,14.48359],[13.54386,14.51056],[13.62426,14.52131],[13.65785,14.54873],[13.66674,14.58552],[13.66033,14.62373],[13.64473,14.64425],[13.70999,14.70512],[13.76436,14.71908],[13.77325,14.74251],[13.77201,14.76287],[13.75795,14.80553],[13.75516,14.84721],[13.83391,15.0196],[14.36897,15.74963],[15.45242,16.87623],[15.47195,16.91675],[15.73602,19.90354],[15.76723,19.98204],[15.97032,20.33633],[15.95399,20.37457],[15.66946,20.67187],[15.57024,20.75191],[15.5442,20.79899],[15.53603,20.84405],[15.5443,20.8903],[15.569,20.9289],[15.60931,20.95066],[15.30101,21.40133],[15.26659,21.44066],[15.18453,21.4912],[15.17202,21.99339],[14.97991,22.99566]]},"properties":{"kind":"country_border"}},{"type":"Feature","geometry":{"type":"LineString","coordinates":[[24.98124,21.99535],[26.53841,21.99509],[28.09573,21.99483],[29.65295,21.99463],[31.24841,21.99437],[31.26164,22.00176],[31.35951,22.1881],[31.38535,22.21446],[31.42328,22.22696],[31.4609,22.21549],[31.48292,22.19544],[31.4918,22.17322],[31.49056,22.14821],[31.43548,21.99535],[32.75033,21.9954],[34.07613,21.99545]]},"properties":{"kind":"country_border"}},{"type":"Feature","geometry":{"type":"LineString","coordinates":[[41.5351,-1.69628],[41.53858,-1.6137],[41.52287,-1.57277],[40.97975,-0.8708],[40.96849,-0.00274],[40.96539,2.81414],[40.97975,2.84189],[41.34273,3.20115],[41.88502,3.97723],[41.83593,3.94945],[41.79138,3.95816],[41.69981,3.99691],[41.64297,3.96945],[41.58633,3.98415],[41.42954,3.94888],[41.21529,3.93661],[41.163,3.94268],[41.11452,3.96234],[41.07008,3.99691],[41.0059,4.08668],[40.96363,4.12037],[40.89769,4.14592],[40.84601,4.21499],[40.78576,4.25584],[40.76374,4.28493],[40.7007,4.24351],[40.38268,4.12138],[40.36573,4.09487],[40.18559,4.03216],[40.16719,4.03547],[40.16244,4.01939],[39.84845,3.86728],[39.8283,3.84258],[39.76422,3.68575],[39.57498,3.4979],[39.55317,3.43132],[39.53633,3.40501],[39.50439,3.40333],[39.48847,3.4139],[39.46698,3.45201],[39.43618,3.46237],[39.31133,3.46609],[39.32052,3.48454],[39.31587,3.4949],[39.30275,3.49568],[39.25758,3.46969],[39.21945,3.4687],[39.18048,3.477],[39.06793,3.52658],[39.01047,3.51446],[38.96323,3.52209],[38.89523,3.51359],[38.72201,3.5604],[38.70371,3.57043],[38.66103,3.62195],[38.66031,3.59446],[38.60191,3.59867],[38.59375,3.61084],[38.57411,3.60456],[38.54714,3.60952],[38.53318,3.63283],[38.509,3.65081],[38.49939,3.64691],[38.49691,3.62394],[38.44595,3.60167],[38.38994,3.59689],[38.17693,3.62092],[38.10189,3.61265],[38.07884,3.63267],[38.03616,3.64893],[37.97673,3.72644],[37.11187,4.2823],[37.09482,4.28488],[37.07591,4.33108],[37.04842,4.33196],[37.01565,4.37059],[36.97483,4.37994],[36.90372,4.41578],[36.84409,4.43224],[36.65133,4.43058],[36.6195,4.44337],[36.2772,4.43645],[36.23627,4.44965],[36.04134,4.44368],[36.0184,4.44914],[35.94047,4.50805],[35.93375,4.52218],[35.93603,4.57853],[35.92084,4.61933]]},"properties":{"kind":"country_border"}},{"type":"Feature","geometry":{"type":"LineString","coordinates":[[-17.05687,20.76691],[-17.08117,20.87475],[-17.07743,20.90451],[-17.04738,21.0274],[-17.00493,21.14191],[-16.96834,21.32459],[-16.95883,21.33286],[-15.00226,21.33317],[-13.01525,21.33343],[-13.09333,22.49548],[-13.10635,22.56023],[-13.15498,22.6888],[-13.1655,22.7527],[-13.15229,22.82],[-13.11989,22.88354],[-13.01525,23.018],[-12.61943,23.27083],[-12.55838,23.29028],[-12.35389,23.32248],[-12.13458,23.41935],[-12.03272,23.44498],[-12.01934,23.461],[-12.01531,25.9949],[-10.10152,25.99495],[-8.89286,25.99495],[-8.70722,25.995],[-8.68766,26.00002],[-8.68081,26.01314],[-8.68239,27.28542]]},"properties":{"kind":"country_border"}},{"type":"Feature","geometry":{"type":"LineString","coordinates":[[22.86106,10.91915],[22.90023,11.05989],[22.92235,11.08708],[22.92897,11.13793],[22.95201,11.19105],[22.95367,11.25094],[22.92835,11.32515],[22.91481,11.3961],[22.90044,11.40825],[22.78179,11.39889],[22.77187,11.40318],[22.76877,11.44233],[22.74304,11.4661],[22.62811,11.50984],[22.59235,11.54366],[22.56175,11.58601],[22.5417,11.63299],[22.53705,11.68089],[22.6124,12.0728],[22.60733,12.07771],[22.59886,12.06324],[22.58553,12.07136],[22.54646,12.06443],[22.48145,12.04428],[22.45809,12.03043],[22.48403,12.16474],[22.40797,12.39976],[22.37283,12.46312],[22.39587,12.49609],[22.44569,12.61107],[22.43246,12.62383],[22.33014,12.66145],[22.20488,12.74336],[22.17625,12.7015],[22.14411,12.67127],[22.10586,12.65039],[22.01967,12.63143],[21.93595,12.63954],[21.90081,12.65644],[21.88014,12.67628],[21.80945,12.79366],[21.85296,12.90572],[21.93513,13.05915],[21.96406,13.09835],[22.01605,13.14023],[22.13997,13.19351],[22.26761,13.33456],[22.27598,13.37632],[22.21563,13.46499],[22.21056,13.54173],[22.19589,13.58046],[22.13212,13.63865],[22.11434,13.67738],[22.11289,13.72983],[22.07372,13.77136],[22.07496,13.78032],[22.09935,13.81942],[22.2147,13.95662],[22.40228,14.0493],[22.45871,14.09612],[22.53147,14.12263],[22.54635,14.13971],[22.5477,14.16903],[22.53189,14.22063],[22.51411,14.23146],[22.45768,14.24115],[22.42905,14.26461],[22.41809,14.30595],[22.45096,14.34579],[22.43907,14.36292],[22.42491,14.47044],[22.41716,14.4841],[22.38636,14.50653],[22.36352,14.54353],[22.38233,14.57911],[22.42274,14.60908],[22.46543,14.62929],[22.67658,14.68898],[22.67968,14.71182],[22.65901,14.76127],[22.65084,14.81615],[22.65084,14.84194],[22.65891,14.85741],[22.71534,14.89943],[22.72722,14.95904],[22.7389,14.97981],[22.84877,15.0875],[22.90551,15.11257],[22.95801,15.20163],[22.97837,15.3402],[22.97641,15.37364],[22.96648,15.40482],[22.90685,15.48141],[22.89951,15.51019],[22.90675,15.5414],[22.92566,15.56393],[23.00452,15.61143],[23.06849,15.68669],[23.09464,15.70426],[23.16678,15.71294],[23.32057,15.68132],[23.39581,15.68835],[23.52707,15.73516],[23.5927,15.74901],[23.70752,15.74886],[23.82907,15.73103],[23.94555,15.69222],[23.97262,15.69108],[23.98441,15.72116],[23.98131,19.49612]]},"properties":{"kind":"country_border"}},{"type":"Feature","geometry":{"type":"LineString","coordinates":[[-13.72828,12.67339],[-15.19511,12.67943],[-15.24974,12.66362],[-15.30782,12.62269],[-15.36864,12.59536],[-15.42461,12.55505],[-15.67705,12.43929],[-15.71152,12.43221],[-15.89388,12.44276],[-15.97326,12.43723],[-16.05501,12.4612],[-16.09051,12.4643],[-16.18188,12.44338],[-16.22239,12.45505],[-16.4123,12.36173],[-16.46269,12.36131],[-16.53333,12.34783],[-16.66887,12.35671],[-16.70562,12.34803],[-16.72844,12.33253]]},"properties":{"kind":"country_border"}},{"type":"Feature","geometry":{"type":"LineString","coordinates":[[9.80437,0.99835],[9.84961,0.98924],[9.90862,0.93509],[9.94407,0.92485],[9.97177,0.93984],[9.98077,0.9972],[10.02944,1.00351],[11.33634,0.99916],[11.32973,2.12744],[11.32208,2.16576]]},"properties":{"kind":"country_border"}},{"type":"Feature","geometry":{"type":"LineString","coordinates":[[42.92372,10.99879],[42.89354,10.91967],[42.83483,10.88841],[42.81943,10.87257],[42.80124,10.82079],[42.73809,10.75978],[42.71164,10.67516],[42.69965,10.65855],[42.64725,10.63222],[42.64859,10.61103],[42.66854,10.56623],[42.6952,10.52471],[42.76579,10.45195],[42.77664,10.42461],[42.78946,10.33332],[42.80817,10.26912],[42.83628,10.20809],[42.86232,10.17716],[42.95824,10.11556],[42.9819,10.09163],[42.99989,10.06197],[43.03988,9.94999],[43.06769,9.92252],[43.18721,9.88333],[43.20633,9.85121],[43.23527,9.69179],[43.24881,9.65233],[43.27067,9.62835],[43.30597,9.61755],[43.33175,9.57508],[43.37066,9.54422],[43.39945,9.48095],[43.40632,9.42865],[43.41903,9.41302],[43.54823,9.33607],[43.60724,9.34462],[43.6215,9.3369],[43.98479,9.00831],[44.02386,8.98553],[46.92053,8.02561],[46.97923,7.99657],[47.97917,7.99657]]},"properties":{"kind":"country_border"}},{"type":"Feature","geometry":{"type":"LineString","coordinates":[[-4.82161,24.99506],[-6.59311,24.99413],[-5.62335,16.52783],[-5.60588,16.49589],[-5.36491,16.33492],[-5.35329,16.31198],[-5.51095,15.4942],[-7.51724,15.49497],[-9.34922,15.49564],[-9.34297,15.58693],[-9.32932,15.65525],[-9.33242,15.68757],[-9.35645,15.69785],[-9.37593,15.68592],[-9.43702,15.61489],[-9.45169,15.58833],[-9.45185,15.55921],[-9.42389,15.44053],[-9.67212,15.43066],[-9.72082,15.42092],[-9.79736,15.3803],[-9.8356,15.3711],[-9.9514,15.38121],[-10.06762,15.36475],[-10.10829,15.36588],[-10.18839,15.40472],[-10.22322,15.40203],[-10.32265,15.4371],[-10.37076,15.4335],[-10.53499,15.44169],[-10.60713,15.42443],[-10.72536,15.43306],[-10.73637,15.42263],[-10.7389,15.36216],[-10.74681,15.34113],[-10.78174,15.30842],[-10.81104,15.30312],[-10.82722,15.2877],[-10.84406,15.23455],[-10.89088,15.17675],[-10.91517,15.1029],[-10.94804,15.152],[-10.98519,15.1875],[-11.01273,15.23959],[-11.04539,15.27021],[-11.29819,15.45105],[-11.40956,15.6022],[-11.45824,15.63295],[-11.52438,15.64346],[-11.51312,15.62527],[-11.51539,15.61008],[-11.52428,15.60029],[-11.57921,15.57796],[-11.61487,15.54117],[-11.64412,15.52644],[-11.72706,15.54117],[-11.72943,15.49606],[-11.75486,15.46908],[-11.76767,15.4372],[-11.78349,15.36588],[-11.81692,15.2961],[-11.82679,15.23256],[-11.84565,15.17907],[-11.84514,15.12456],[-11.8609,15.04901],[-11.85103,15.04195],[-11.83284,15.04901],[-11.81377,15.02854],[-11.8132,14.99593],[-11.83093,14.92643],[-11.82038,14.89997],[-11.83708,14.8931],[-11.87749,14.84152],[-11.93599,14.82362],[-11.99149,14.76804],[-12.01107,14.76274],[-12.04967,14.76721],[-12.0704,14.7344],[-12.13887,14.78453],[-12.22478,14.76344],[-12.26413,14.77494]]},"properties":{"kind":"country_border"}},{"type":"Feature","geometry":{"type":"LineString","coordinates":[[19.98145,-24.75249],[19.97835,-22.00067],[20.97198,-22.00067],[20.9848,-21.96398],[20.97508,-18.31935],[21.47572,-18.2995],[22.98137,-18.02004],[23.29277,-17.99895],[23.31148,-18.0098],[23.31592,-18.03709],[23.3338,-18.04329],[23.3338,-18.07399],[23.39581,-18.16339],[23.39581,-18.19139],[23.41886,-18.19842],[23.4294,-18.1885],[23.46413,-18.2255],[23.50154,-18.23749],[23.52728,-18.27769],[23.5188,-18.29371],[23.55146,-18.32751],[23.56076,-18.34849],[23.5466,-18.36947],[23.5713,-18.42601],[23.57916,-18.46786],[23.59218,-18.4782],[23.60986,-18.47768],[23.64541,-18.466],[23.68014,-18.43148],[23.71579,-18.41908],[23.80984,-18.32172],[23.82555,-18.31707],[23.85522,-18.28007],[23.91289,-18.23573],[23.91599,-18.20121],[23.95082,-18.17765],[23.97118,-18.18385],[24.05696,-18.11905],[24.10161,-18.10882],[24.13509,-18.08546],[24.18305,-18.02944],[24.21829,-18.01259],[24.25922,-18.01259],[24.29643,-18.02624],[24.35059,-17.95606],[24.36526,-17.95079],[24.42159,-17.95647],[24.46975,-18.01445],[24.47151,-18.02996],[24.50561,-18.06034],[24.56442,-18.0528],[24.57455,-18.05042],[24.64917,-17.96278],[24.69847,-17.92888],[24.73072,-17.89188],[24.76451,-17.87968],[24.77071,-17.86552],[24.79738,-17.85808],[24.82084,-17.83927],[24.93112,-17.81054],[24.95334,-17.78842],[24.96429,-17.78667],[24.95809,-17.80093],[24.98331,-17.82046],[24.9985,-17.81395],[25.00708,-17.82573],[25.01969,-17.82377],[25.04749,-17.80713],[25.057,-17.8277],[25.0879,-17.82677],[25.12087,-17.81354],[25.15395,-17.78181],[25.25978,-17.79411],[25.24242,-17.77034],[25.19074,-17.75535],[25.16118,-17.72941],[25.15643,-17.70667],[25.13855,-17.6861],[25.12263,-17.69789],[25.11509,-17.68424],[25.09876,-17.6768],[25.08853,-17.64269],[25.06424,-17.62151],[25.04532,-17.61996],[25.03385,-17.60848],[25.03695,-17.5812],[24.9985,-17.58802],[24.95799,-17.55174],[24.93763,-17.56074],[24.92492,-17.54296],[24.89825,-17.53107],[24.82952,-17.51774],[24.79738,-17.51908],[24.76978,-17.50544],[24.68442,-17.49242],[24.62974,-17.49552],[24.59129,-17.52839],[24.57124,-17.53345],[24.54654,-17.52653],[24.5236,-17.50782],[24.38893,-17.47134],[24.32134,-17.4887],[24.31028,-17.4826],[24.22046,-17.4795],[23.38165,-17.64114]]},"properties":{"kind":"country_border"}},{"type":"Feature","geometry":{"type":"LineString","coordinates":[[-16.5614,13.58691],[-15.5182,13.5831],[-15.50249,13.58827],[-15.4968,13.64834],[-15.4675,13.70829],[-15.43634,13.74118],[-15.39407,13.77151],[-15.34777,13.78864],[-15.30446,13.78187],[-15.26725,13.7418],[-15.24596,13.74673],[-15.17062,13.79378],[-15.0977,13.81998],[-15.07631,13.81895],[-15.01678,13.79689],[-14.9158,13.79244],[-14.87927,13.78058],[-14.83131,13.73562],[-14.80294,13.65232],[-14.74093,13.61545],[-14.66719,13.65289],[-14.62667,13.66351],[-14.58554,13.66046],[-14.5426,13.64082],[-14.50973,13.60909],[-14.48686,13.54654],[-14.47027,13.52235],[-14.36555,13.45484],[-14.34728,13.45236],[-14.27122,13.47696],[-14.21579,13.51075],[-14.13913,13.53155],[-14.09288,13.55473],[-14.03402,13.56021],[-13.9885,13.57915],[-13.94209,13.56692],[-13.90134,13.54163],[-13.8846,13.50553],[-13.84269,13.47665],[-13.81871,13.42936],[-13.82256,13.3782],[-13.85104,13.33575],[-13.90057,13.31456],[-14.05658,13.29717],[-14.11681,13.28216],[-14.20169,13.22956],[-14.28491,13.23855],[-14.36883,13.2357],[-14.43144,13.26144],[-14.47033,13.29826],[-14.52957,13.30728],[-14.59215,13.35314],[-14.66161,13.34092],[-14.69814,13.34518],[-14.73158,13.359],[-14.79033,13.41735],[-14.82914,13.42701],[-14.86258,13.44706],[-14.9497,13.46308],[-15.01559,13.49605],[-15.13765,13.58997],[-15.16049,13.58098],[-15.20395,13.5369],[-15.21796,13.51468],[-15.22777,13.42518],[-15.24834,13.39898],[-15.27707,13.3803],[-15.34239,13.36257],[-15.37924,13.36252],[-15.51954,13.3866],[-15.59612,13.35583],[-15.6925,13.36035],[-15.81869,13.33353],[-15.8266,13.16168],[-15.83332,13.15685],[-16.67353,13.16431],[-16.70841,13.15669],[-16.72634,13.12264],[-16.74851,13.09923],[-16.75365,13.06501]]},"properties":{"kind":"country_border"}},{"type":"Feature","geometry":{"type":"LineString","coordinates":[[9.51971,30.22891],[9.28654,30.11713],[9.42173,29.96871],[9.54968,29.80232],[9.66771,29.60832],[9.82615,29.12853],[9.84827,28.97573],[9.85126,28.786],[9.77695,28.26758],[9.78987,28.20944],[9.93591,27.86672],[9.93426,27.8274],[9.86336,27.61925],[9.84661,27.5993],[9.7939,27.56974],[9.79711,27.54891],[9.8216,27.50569],[9.81364,27.48649],[9.75628,27.42303],[9.72135,27.29188],[9.8061,27.02512],[9.82553,26.92058],[9.83514,26.90099],[9.90666,26.85748],[9.91059,26.84312],[9.88258,26.70178],[9.89633,26.65279],[9.85457,26.52438],[9.83576,26.50422],[9.4826,26.35255],[9.47764,26.31555],[9.43475,26.27199],[9.3778,26.16895],[9.40116,26.11339],[9.9695,25.3954],[10.00795,25.33143],[10.02138,25.26802],[10.03203,24.85634],[10.04453,24.82962],[10.19336,24.74994],[10.21217,24.72286],[10.24225,24.59511],[10.26033,24.57664],[10.3918,24.47998],[10.41051,24.47329],[10.45019,24.47693],[10.67736,24.55385],[10.72067,24.5523],[11.50863,24.31381],[11.54139,24.29751],[11.56713,24.26684],[11.96886,23.51735]]},"properties":{"kind":"country_border"}},{"type":"Feature","geometry":{"type":"LineString","coordinates":[[0.21847,14.91098],[0.22084,14.88821],[0.18576,14.84819],[0.1841,14.81956],[0.21309,14.76163],[0.21971,14.73122],[0.15294,14.54671],[0.15883,14.49612],[0.18865,14.44775],[0.34637,14.30758],[0.38879,14.25161],[0.3906,14.23763],[0.37742,14.2166],[0.37215,14.18565],[0.33916,14.12578],[0.37846,14.07043],[0.36916,14.03907],[0.40187,14.0138],[0.41187,13.97842],[0.4567,13.94685],[0.44807,13.92011],[0.45481,13.90236],[0.48352,13.88034],[0.50408,13.84536],[0.60051,13.76872],[0.58046,13.71379],[0.59431,13.68888],[0.62066,13.67997],[0.7635,13.68203],[0.7637,13.64643],[0.77569,13.63529],[0.79533,13.62597],[0.85073,13.6286],[0.89693,13.61493],[0.95098,13.5832],[0.99139,13.54111],[0.99656,13.49605],[1.01527,13.46566],[1.04824,13.44195],[1.15717,13.39265],[1.23427,13.37758],[1.26869,13.34606],[1.24151,13.33554],[1.18766,13.36412],[1.16761,13.31343],[1.16068,13.31131],[0.98354,13.36841],[0.97041,13.32833],[0.97175,13.06732],[0.98354,13.03236],[1.01227,13.01688],[1.08379,13.01099],[1.11397,12.99624],[1.53585,12.6475],[1.56386,12.63215],[1.59704,12.62368],[1.84374,12.60611],[1.86069,12.61706],[1.91144,12.69664],[1.93449,12.69354],[1.97169,12.72424],[2.06895,12.71628],[2.10905,12.70563],[2.1352,12.67561],[2.14481,12.65075],[2.18429,12.62063],[2.2,12.59592],[2.21085,12.52306],[2.2463,12.46591],[2.24496,12.42415],[2.23793,12.41346],[2.22325,12.40973],[2.16383,12.40477],[2.14502,12.41175],[2.12693,12.39511],[2.06926,12.38333],[2.05417,12.37093],[2.05179,12.34194],[2.07091,12.3069],[2.33808,11.9401],[2.39017,11.89654]]},"properties":{"kind":"country_border"}},{"type":"Feature","geometry":{"type":"LineString","coordinates":[[18.62639,3.47687],[18.58246,3.47739],[18.57027,3.48961],[18.51342,3.59224],[18.47208,3.63205],[18.45906,3.63138],[18.42971,3.60022],[18.39229,3.59585],[18.37989,3.57438],[18.3556,3.58146],[18.24853,3.5749],[18.22,3.50395],[18.18156,3.47739],[18.15985,3.48031],[18.14673,3.4949],[18.13401,3.53482],[18.11644,3.55201],[18.08203,3.56345],[18.04709,3.56314],[17.96948,3.53751],[17.91925,3.5656],[17.87532,3.54273],[17.84215,3.54015],[17.82116,3.59399],[17.79316,3.61751],[17.75595,3.61451],[17.73321,3.63221],[17.62728,3.62632],[17.58676,3.63223],[17.55048,3.64815],[17.50894,3.68177],[17.49498,3.68321],[17.48186,3.70476],[17.45891,3.70828],[17.37571,3.66345],[17.33437,3.61851],[17.2981,3.6159],[17.25944,3.6259],[17.19722,3.58172],[17.14276,3.58084],[17.10214,3.56661],[17.06142,3.56614],[17.00922,3.53813],[16.96861,3.53348],[16.94225,3.55309],[16.90474,3.55064],[16.85316,3.56009],[16.85265,3.53281],[16.83301,3.52286],[16.81192,3.52167],[16.72955,3.54221],[16.68635,3.54221],[16.63943,3.5286],[16.5985,3.50167],[16.5677,3.46439],[16.55168,3.41977],[16.54279,3.33615],[16.51778,3.27324],[16.51148,3.22725],[16.46549,3.1565],[16.46476,3.1318],[16.49081,3.06782],[16.48419,3.03191],[16.44554,2.95765],[16.44833,2.91347],[16.48378,2.86039],[16.47913,2.83631],[16.19666,2.23645],[16.20772,2.22307],[16.15925,2.18209],[16.14065,2.19982],[16.12039,2.20333],[16.10437,2.19356],[16.08577,2.14917],[16.09248,2.1069],[16.09031,2.09274],[16.07667,2.08592],[16.08174,2.04683],[16.06375,2.01587],[16.06489,1.97895],[16.08349,1.96301],[16.10137,1.9328],[16.13507,1.84531],[16.15904,1.7348],[16.15584,1.71907],[16.14509,1.71432],[16.11481,1.71907],[16.06985,1.65455],[16.022,1.72279],[16.02634,1.7523],[16.01383,1.77131],[15.99079,1.77617],[15.98045,1.77059],[15.94376,1.78162],[15.92898,1.78896],[15.92588,1.80475],[15.88991,1.79328],[15.87565,1.82377],[15.80289,1.85997],[15.76465,1.90872],[15.70677,1.93198],[15.61179,1.94254],[15.48291,1.97585],[15.43919,1.96983],[15.38814,1.93955],[15.33739,1.92146],[15.30163,1.94358],[15.30328,1.96642],[15.29543,1.98153],[15.24809,2.00334],[15.23373,2.0313],[15.21264,2.03962],[15.1836,2.02933],[15.15166,2.04099],[15.13854,2.01151],[15.11776,2.01701],[15.09162,1.98443],[15.07487,1.97936],[15.06309,1.99717],[15.04366,1.99086],[15.02826,1.99531],[14.98072,2.03311],[14.971,2.03445],[14.96304,2.01042],[14.95385,2.00582],[14.89245,2.00639],[14.90734,2.05889],[14.8878,2.07225],[14.857,2.11594],[14.84119,2.07592],[14.76481,2.06546],[14.7614,2.09959],[14.7273,2.09959],[14.74786,2.11321],[14.72089,2.1276],[14.71365,2.12398],[14.72048,2.09959],[14.672,2.13434],[14.63635,2.13832],[14.64482,2.15418],[14.62095,2.16483],[14.58787,2.20173],[14.56214,2.20881],[14.54777,2.19367],[14.54705,2.16654],[14.4592,2.14654],[14.43295,2.13212],[14.41869,2.13527],[14.38365,2.16209],[14.32029,2.17067],[14.26696,2.15243],[13.29457,2.16106]]},"properties":{"kind":"country_border"}},{"type":"Feature","geometry":{"type":"LineString","coordinates":[[15.48105,7.52326],[15.41945,7.43655],[15.41552,7.42084],[15.43495,7.40291],[15.43278,7.38973],[15.40322,7.38637],[15.38534,7.35836],[15.33822,7.32219],[15.26132,7.27925],[15.22391,7.24752],[15.1866,7.16633],[15.18753,7.08861],[15.14701,7.06184],[15.13616,7.04531],[15.11322,6.96469],[15.03457,6.77677],[14.96232,6.7367],[14.93245,6.71029],[14.80729,6.4278],[14.78218,6.39362],[14.78466,6.3478],[14.77226,6.31832],[14.71903,6.25786],[14.5764,6.18978],[14.53496,6.19009],[14.48214,6.12707],[14.46705,6.1226],[14.43057,6.08808],[14.43357,6.07387],[14.42251,6.05136],[14.4129,6.04702],[14.3977,6.05395],[14.38727,6.03904],[14.3977,6.01917],[14.4469,5.97002],[14.46571,5.92067],[14.48214,5.90964],[14.53062,5.90592],[14.57247,5.92419],[14.58477,5.92341],[14.61743,5.86497],[14.62405,5.75831],[14.63108,5.73805],[14.59015,5.60829],[14.59656,5.57723],[14.61723,5.53788],[14.61743,5.4953],[14.59955,5.45664],[14.59283,5.40003],[14.57961,5.39538],[14.53961,5.30358],[14.51987,5.29058],[14.53971,5.2618],[14.62446,5.22405],[14.64048,5.20824],[14.65888,5.16454],[14.66746,5.05277],[14.6595,4.99703],[14.67448,4.96758],[14.67211,4.94081],[14.68699,4.90887],[14.70146,4.81438],[14.69071,4.76214],[14.71727,4.62202],[14.74373,4.57998],[14.7797,4.54505],[14.93834,4.43593],[14.99395,4.4133],[15.01389,4.36426],[15.06381,4.29343],[15.08293,4.20551],[15.0912,4.12179],[15.10257,4.11241],[15.13285,4.10854],[15.14846,4.07394],[15.17771,4.07146],[15.1898,4.06311],[15.19207,4.05223],[15.11125,4.01994],[15.09172,4.01585],[15.02599,4.02609],[15.0849,3.88584],[15.1713,3.75897],[15.78563,3.10798],[15.81354,3.09899],[15.83421,3.10855],[15.85477,3.09899],[15.89777,3.10353],[15.91399,3.09795],[15.95006,3.061],[15.97776,2.98096],[16.02624,2.97899],[16.05538,2.93977],[16.09238,2.86329],[16.09517,2.83678],[16.0869,2.81316],[16.05993,2.78619],[16.05931,2.71183],[16.06262,2.7032],[16.11047,2.70144],[16.09031,2.66191],[16.1115,2.5862],[16.09124,2.53277],[16.09031,2.51049],[16.10706,2.47417],[16.1115,2.41856],[16.12091,2.38957],[16.15925,2.33293],[16.16597,2.2948],[16.18654,2.27769],[16.17971,2.247],[16.19666,2.23645]]},"properties":{"kind":"country_border"}},{"type":"Feature","geometry":{"type":"LineString","coordinates":[[13.0737,-4.63532],[13.06533,-4.66395],[12.8332,-4.72266],[12.80292,-4.73981],[12.77481,-4.7795],[12.76623,-4.82518],[12.69698,-4.87562],[12.67889,-4.9243],[12.60696,-4.94223],[12.58774,-5.00031],[12.55043,-5.02419],[12.44439,-5.05509],[12.43891,-5.07328],[12.4447,-5.09354],[12.52407,-5.12909],[12.53069,-5.16268],[12.50898,-5.72626],[12.34445,-5.72461],[12.25897,-5.7367],[12.21055,-5.76346]]},"properties":{"kind":"country_border"}},{"type":"Feature","geometry":{"type":"LineString","coordinates":[[31.94924,-25.9581],[31.86336,-25.98994],[31.83457,-25.98208],[31.4269,-25.74365],[31.37202,-25.73641],[31.30928,-25.75739],[31.11984,-25.91005],[31.03777,-26.10011],[30.96987,-26.20915],[30.80456,-26.39746],[30.78291,-26.47239],[30.7857,-26.71692],[30.79567,-26.78555],[30.80244,-26.80891],[30.8198,-26.80797],[30.85339,-26.79661],[30.88021,-26.77221],[30.90259,-26.83133],[30.95509,-26.89138],[30.96098,-26.91122],[30.94941,-26.97541],[30.95365,-27.00031],[30.97607,-27.03504],[31.07875,-27.11824],[31.14195,-27.19648],[31.45945,-27.29869],[31.52653,-27.31089],[31.96826,-27.31626],[31.94738,-27.25549],[31.94211,-27.10067],[31.99224,-26.83826],[31.99007,-26.80829],[32.07316,-26.81139],[32.11388,-26.84001]]},"properties":{"kind":"country_border"}},{"type":"Feature","geometry":{"type":"LineString","coordinates":[[30.75211,-8.19412],[28.91527,-8.47287],[28.88917,-8.4831],[28.93547,-8.59079],[28.93046,-8.67988],[28.8931,-8.76577],[28.76541,-8.93403],[28.59906,-9.09639],[28.5062,-9.1644],[28.41509,-9.20709],[28.3723,-9.23509],[28.35246,-9.27199],[28.36853,-9.30858],[28.46046,-9.33504],[28.4954,-9.35323],[28.51596,-9.37834],[28.51969,-9.44562],[28.56278,-9.4849],[28.5741,-9.53916],[28.61777,-9.54329],[28.58356,-9.56376],[28.6065,-9.59435],[28.6218,-9.63827],[28.63125,-9.71558],[28.64495,-9.73512],[28.66996,-9.75093],[28.67234,-9.7655],[28.69849,-9.79196],[28.67807,-9.80384],[28.66846,-9.82162],[28.65869,-9.86482],[28.62795,-9.92942],[28.62852,-10.10274],[28.61963,-10.14191],[28.56991,-10.21963],[28.60402,-10.24837],[28.61084,-10.26883],[28.62386,-10.27637],[28.62924,-10.29591],[28.61777,-10.34831],[28.62087,-10.37332],[28.64609,-10.43843],[28.63048,-10.48101],[28.63875,-10.49621],[28.63492,-10.51946],[28.67234,-10.56432],[28.66552,-10.60896],[28.69962,-10.64317],[28.69435,-10.66333],[28.66588,-10.69743],[28.62324,-10.71686],[28.55441,-10.835],[28.54718,-10.91375],[28.53136,-10.95509],[28.50785,-10.98207],[28.50785,-11.02362],[28.47679,-11.07798],[28.48734,-11.15343],[28.47369,-11.18123],[28.47369,-11.22567],[28.43618,-11.28913],[28.43199,-11.31104],[28.43959,-11.34825],[28.40858,-11.37243],[28.35701,-11.44695],[28.36031,-11.53356],[28.37742,-11.57108],[28.40548,-11.60518],[28.42274,-11.66471],[28.4184,-11.67887],[28.44269,-11.71164],[28.45251,-11.78078],[28.46067,-11.79339],[28.48889,-11.80868],[28.49715,-11.85736],[28.50785,-11.87276],[28.52113,-11.86573],[28.54056,-11.87204],[28.56919,-11.91369],[28.59265,-11.90046],[28.60619,-11.91028],[28.62386,-11.9478],[28.68603,-11.98407],[28.70706,-11.98945],[28.742,-11.98428],[28.75109,-11.99224],[28.75988,-12.03523],[28.82148,-12.07575],[28.85951,-12.14179],[28.91873,-12.17435],[28.94467,-12.20608],[29.03511,-12.37888],[29.06725,-12.38477],[29.10022,-12.37402],[29.11107,-12.39345],[29.17339,-12.36762],[29.25499,-12.36617],[29.30486,-12.40482],[29.36439,-12.40927],[29.4326,-12.44131],[29.45989,-12.44131],[29.48045,-12.45495],[29.49968,-12.45309],[29.52469,-12.42921],[29.52345,-12.39252],[29.48045,-12.38054],[29.44655,-12.33506],[29.47425,-12.24266],[29.53347,-12.21672],[29.57673,-12.18809],[29.60318,-12.19285],[29.63187,-12.216],[29.70127,-12.18902],[29.73491,-12.16484],[29.7993,-12.15409],[29.79764,-13.42424],[29.78224,-13.45566],[29.70287,-13.45763],[29.64148,-13.43851],[29.6174,-13.42125],[29.60169,-13.37443],[29.62515,-13.3642],[29.62659,-13.32637],[29.65889,-13.30952],[29.66918,-13.2812],[29.6575,-13.26012],[29.62907,-13.26146],[29.5744,-13.22539],[29.55104,-13.22415],[29.528,-13.23407],[29.44955,-13.30032],[29.30827,-13.35365],[29.21401,-13.40833],[29.18414,-13.43685],[29.16895,-13.43386],[29.14445,-13.39448],[29.12213,-13.38435],[29.04668,-13.3889],[29.0103,-13.39944],[28.99397,-13.39593],[28.95036,-13.35097],[28.93413,-13.30963],[28.90343,-13.1623],[28.89186,-13.14731],[28.85367,-13.13708],[28.84421,-13.10235],[28.82582,-13.09284],[28.83088,-13.05181],[28.80943,-13.03838],[28.79336,-12.99156],[28.70799,-12.88975],[28.66789,-12.84934],[28.62118,-12.83942],[28.60816,-12.8479],[28.58397,-12.88872],[28.55338,-12.89492],[28.54284,-12.88562],[28.53943,-12.83384],[28.48093,-12.76211],[28.474,-12.73648],[28.51162,-12.69442],[28.5123,-12.66837],[28.46827,-12.61463],[28.42274,-12.5213],[28.32249,-12.4411],[28.28383,-12.43407],[28.23753,-12.43707],[28.18575,-12.40245],[28.16074,-12.40875],[28.13129,-12.42921],[28.107,-12.4102],[28.09687,-12.38302],[28.08767,-12.37754],[28.01403,-12.37051],[27.98101,-12.37454],[27.95869,-12.36782],[27.94845,-12.32142],[27.93388,-12.30333],[27.85668,-12.2624],[27.83141,-12.25992],[27.78831,-12.29651],[27.75673,-12.30426],[27.6662,-12.30271],[27.63819,-12.29362],[27.52047,-12.17962],[27.47179,-12.04164],[27.46755,-12.00164],[27.42073,-11.92196],[27.23418,-11.8091],[27.21,-11.72197],[27.20762,-11.63939],[27.19718,-11.59371],[27.18013,-11.56963],[27.06437,-11.59712],[27.02376,-11.59557],[27.01027,-11.60983],[27.02324,-11.67112],[27.02148,-11.69789],[26.98107,-11.74905],[26.97136,-11.78853],[26.96733,-11.87039],[26.94769,-11.90914],[26.91275,-11.94253],[26.8742,-11.96433],[26.83173,-11.97332],[26.75938,-11.96867],[26.71742,-12.01301],[26.69706,-12.01746],[26.64352,-11.98552],[26.52487,-11.97229],[26.48911,-11.96082],[26.43837,-11.91906],[26.41459,-11.91183],[26.33915,-11.91896],[26.29801,-11.94118],[26.26556,-11.93085],[26.22959,-11.93312],[26.16665,-11.90242],[25.98113,-11.90304],[25.96356,-11.89509],[25.94982,-11.86398],[25.91416,-11.84558],[25.8507,-11.7938],[25.80161,-11.80424],[25.72564,-11.80052],[25.62146,-11.7289],[25.57568,-11.72735],[25.561,-11.75329],[25.53764,-11.75835],[25.51522,-11.77582],[25.49558,-11.77654],[25.48044,-11.76982],[25.47413,-11.75618],[25.48116,-11.71525],[25.46359,-11.70006],[25.40634,-11.67308],[25.38639,-11.64983],[25.34494,-11.64218],[25.32737,-11.61665],[25.3004,-11.53501],[25.29771,-11.50793],[25.31673,-11.47299],[25.279,-11.39631],[25.27797,-11.37181],[25.3065,-11.33305],[25.28469,-11.30732],[25.32489,-11.28365],[25.32252,-11.20541],[25.31032,-11.19477],[25.2788,-11.19994],[25.18402,-11.24665],[25.12429,-11.25916],[24.98124,-11.27187],[24.9429,-11.26856],[24.90104,-11.28127],[24.82673,-11.31755],[24.78797,-11.32582],[24.71253,-11.32603],[24.67408,-11.34163],[24.63522,-11.38587],[24.59326,-11.39961],[24.56473,-11.44467],[24.53269,-11.44612],[24.46965,-11.46555],[24.4465,-11.46359],[24.37022,-11.41016],[24.31007,-11.40664],[24.29395,-11.3992],[24.28547,-11.38122],[24.29829,-11.37057],[24.33994,-11.35807],[24.39224,-11.2791],[24.39658,-11.2174],[24.39131,-11.19983],[24.36175,-11.16469],[24.36247,-11.15053],[24.3818,-11.12056],[24.37053,-11.1002],[24.34531,-11.07829],[24.29384,-11.05028],[24.23803,-11.04801],[24.18129,-11.03447],[24.12424,-11.04325],[24.10802,-10.95499],[24.11422,-10.91923],[24.09148,-10.89783],[24.04838,-10.88233],[23.96746,-10.87231]]},"properties":{"kind":"country_border"}},{"type":"Feature","geometry":{"type":"LineString","coordinates":[[0.90147,10.99274],[0.87584,10.93117],[0.87295,10.9113],[0.88514,10.86939],[0.86954,10.83991],[0.86292,10.79609],[0.79564,10.72648],[0.78127,10.69304],[0.78851,10.56385],[0.77383,10.50815],[0.76071,10.38216],[0.76877,10.36709],[1.33101,9.99647],[1.34382,9.96244],[1.34817,9.69416],[1.35602,9.64747],[1.35127,9.59507],[1.32315,9.54231],[1.32636,9.52195],[1.35127,9.48255],[1.36842,9.49084],[1.37989,9.46247],[1.38672,9.36114],[1.40119,9.32127],[1.42527,9.2845],[1.56727,9.13673],[1.58784,9.10089],[1.60117,9.04953],[1.60758,8.55876],[1.61409,8.53579],[1.64417,8.49349],[1.64045,8.47581],[1.60758,8.42186],[1.60107,8.37163],[1.61492,8.35626],[1.62556,8.27048],[1.62567,6.99678],[1.53193,6.99193],[1.55136,6.92087],[1.58805,6.88123],[1.59011,6.86733],[1.58319,6.80827],[1.60107,6.74644],[1.56603,6.67815],[1.59632,6.63642],[1.59735,6.60081],[1.62742,6.57335],[1.65388,6.57066],[1.65781,6.55226],[1.68075,6.53007],[1.68169,6.48984],[1.71838,6.467],[1.74411,6.42573],[1.78235,6.27727],[1.63311,6.24569],[1.61244,6.23476],[1.61966,6.2139]]},"properties":{"kind":"country_border"}},{"type":"Feature","geometry":{"type":"LineString","coordinates":[[-0.16611,11.13498],[-0.30168,11.16294],[-0.2983,11.12839],[-0.31881,11.10136],[-0.36894,11.06522],[-0.40589,11.10147],[-0.42521,11.10147],[-0.44439,11.07744],[-0.45669,11.02961],[-0.51296,10.98974],[-0.59058,10.98243],[-0.61724,10.91864],[-0.63476,10.90797],[-0.68277,10.9536],[-0.66799,10.97651],[-0.67393,10.98352],[-0.69466,10.98274],[-0.696,10.99403],[-0.81697,10.9962],[-0.82777,11.00584],[-0.8608,10.99292],[-0.88317,10.96863],[-0.90059,10.96623],[-0.89392,10.9799],[-0.90436,10.97949],[-0.91645,10.9962],[-0.93247,11.0031],[-1.07034,11.0139],[-1.09871,11.00956],[-1.10755,10.99434],[-1.35529,10.99672],[-1.43606,11.02271],[-1.56241,11.02659],[-1.57982,11.02121],[-1.587,11.00367],[-1.59868,10.99713],[-2.75071,10.98584],[-2.75112,10.99646],[-2.83734,10.99801],[-2.83871,10.98512],[-2.81577,10.92915],[-2.8214,10.90626],[-2.86424,10.86427],[-2.88266,10.79707],[-2.89948,10.76999],[-2.9031,10.74715],[-2.92232,10.72121],[-2.91891,10.70661],[-2.90803,10.70364],[-2.90512,10.69273],[-2.9325,10.63431],[-2.89829,10.56261],[-2.89152,10.52166],[-2.87044,10.49778],[-2.85956,10.46562],[-2.81215,10.42882],[-2.76755,10.4212],[-2.78104,10.40242],[-2.82233,10.38758],[-2.84129,10.34327],[-2.83318,10.30599],[-2.80569,10.29901],[-2.79967,10.28092],[-2.77484,10.27524],[-2.75494,10.2608],[-2.75768,10.23465],[-2.79845,10.18953],[-2.79892,10.16961],[-2.78848,10.12445],[-2.78848,10.03877],[-2.75437,9.96678],[-2.76487,9.89575],[-2.76052,9.87054],[-2.73391,9.82279],[-2.77484,9.77434],[-2.7953,9.72],[-2.78848,9.69925],[-2.78032,9.69024],[-2.76052,9.68559],[-2.75102,9.65918],[-2.74016,9.65083],[-2.76151,9.62525],[-2.76626,9.57652],[-2.68921,9.48872]]},"properties":{"kind":"country_border"}},{"type":"Feature","geometry":{"type":"LineString","coordinates":[[33.90421,-1.00257],[33.89481,-0.66275],[33.95351,-0.15436],[33.95248,-0.1157],[33.89047,0.09007],[33.89357,0.10981],[34.04064,0.30587],[34.08519,0.34701],[34.08798,0.36737],[34.07568,0.42225],[34.10441,0.46225],[34.13242,0.57283],[34.14957,0.60363],[34.17913,0.62389],[34.2521,0.655],[34.27618,0.68084],[34.2984,0.75928],[34.38801,0.81582],[34.40238,0.85607],[34.43121,0.89354],[34.45715,0.95762],[34.46366,1.02294],[34.48702,1.08247],[34.50748,1.10252],[34.54035,1.08939],[34.56123,1.09337],[34.57198,1.11172],[34.58045,1.15254],[34.62892,1.1636],[34.6838,1.20907],[34.76607,1.2175],[34.79791,1.23192],[34.81052,1.27253],[34.78271,1.35299],[34.77899,1.38855],[34.83842,1.43717],[34.8595,1.51792],[34.88255,1.55223],[34.93371,1.57569],[34.97268,1.65424],[34.97867,1.67595],[34.9797,1.8703],[35.00647,1.91686],[34.96916,1.96029],[34.96203,1.97781],[34.95666,2.01851],[34.96751,2.10191],[34.8656,2.34751],[34.85909,2.38678],[34.86788,2.41148],[34.90612,2.43691],[34.9209,2.45463],[34.92358,2.47732],[34.8871,2.52238],[34.87563,2.59121],[34.8656,2.60486],[34.84183,2.58775],[34.82809,2.58878],[34.81868,2.59798],[34.77651,2.68563],[34.76132,2.77249],[34.73011,2.85285],[34.69652,2.86773],[34.68505,2.88096],[34.66034,2.85864],[34.6405,2.86014],[34.58469,2.92871],[34.57466,2.94613],[34.54562,3.09738],[34.53384,3.11847],[34.44485,3.15914],[34.434,3.18203],[34.42408,3.30481],[34.41116,3.34471],[34.38398,3.38835],[34.39855,3.43364],[34.38129,3.47687],[34.38687,3.48563],[34.4155,3.49702],[34.43452,3.52622],[34.44392,3.5663],[34.4464,3.6467],[34.43969,3.66774],[34.38749,3.69275],[34.35504,3.72737],[34.33706,3.73458],[34.30987,3.7267],[34.29044,3.70316],[34.27887,3.70972],[34.26378,3.75006],[34.24094,3.78362],[34.17366,3.7714],[34.15247,3.77564],[34.17903,3.7961],[34.14895,3.82269],[34.1967,3.84739],[34.20755,3.86088],[34.20497,3.87454],[34.18285,3.88609],[34.10803,3.86894],[34.08477,3.87734],[34.08622,3.89467],[34.10958,3.94335],[34.1071,3.9595],[34.06896,3.99188],[34.0611,4.00777],[34.07268,4.06466],[34.06927,4.08802],[34.04095,4.12042],[34.04105,4.16481],[34.02855,4.18801],[33.97708,4.21969]]},"properties":{"kind":"country_border"}},{"type":"Feature","geometry":{"type":"LineString","coordinates":[[30.83954,3.4902],[30.89639,3.51997],[30.90931,3.49614],[30.9029,3.45891],[30.91633,3.41481],[30.91003,3.39341],[30.86848,3.34334],[30.84244,3.28874],[30.82213,3.2814],[30.8042,3.246],[30.74384,3.05547],[30.74508,3.0363],[30.75707,3.02147],[30.82094,2.97315],[30.84399,2.93279],[30.85484,2.89321],[30.85339,2.85337],[30.82869,2.78608],[30.82187,2.77616],[30.80161,2.76908],[30.75893,2.63379],[30.73526,2.59307],[30.73702,2.51954],[30.70767,2.46228],[30.71056,2.44512],[30.795,2.44011],[30.80492,2.43437],[30.80967,2.39236],[30.8198,2.37598],[30.85494,2.3397],[30.87179,2.33206],[30.90057,2.34596],[30.93091,2.40559],[30.96801,2.40544],[31.04129,2.33123],[31.04594,2.31965],[31.0355,2.30694],[31.05524,2.29025],[31.1126,2.28208],[31.17756,2.30291],[31.17906,2.25976],[31.19012,2.22152],[31.26748,2.17325],[31.28045,2.15341],[31.27146,2.103],[31.24283,2.05117],[31.02584,1.77824],[30.68172,1.50035],[30.47827,1.23863],[30.43161,1.20701],[30.36495,1.20205],[30.32381,1.15585],[30.2957,1.17264],[30.27798,1.17161],[30.23886,1.136],[30.23152,1.09776],[30.21529,1.07709],[30.22098,1.0171],[30.15483,0.90868],[30.03835,0.87891],[29.99639,0.85995],[29.9473,0.8246],[29.92683,0.77489],[29.93231,0.72316],[29.9195,0.6181],[29.94048,0.49832],[29.92291,0.46018],[29.8396,0.35848],[29.79713,0.1648],[29.7872,0.15849],[29.76126,0.17214],[29.71181,0.09958],[29.70308,0.0725],[29.71434,-0.00749],[29.69403,-0.0631],[29.62938,-0.4424],[29.64975,-0.50431],[29.65305,-0.5656],[29.65088,-0.57955],[29.62287,-0.58844],[29.61884,-0.59939],[29.63057,-0.62203],[29.61554,-0.64415],[29.60303,-0.7229],[29.61337,-0.80383],[29.61078,-0.86398],[29.59673,-0.89188],[29.56717,-0.90191],[29.55466,-0.92857],[29.56035,-0.97208],[29.54846,-1.00257],[29.57006,-1.07792],[29.55704,-1.18179],[29.58143,-1.23481],[29.57151,-1.27925],[29.58711,-1.31056],[29.57792,-1.38839]]},"properties":{"kind":"country_border"}},{"type":"Feature","geometry":{"type":"LineString","coordinates":[[36.52638,14.26352],[36.54571,14.26316],[36.55304,14.28277],[36.56565,14.29293],[36.61764,14.30045],[36.64854,14.31458],[36.71366,14.31778],[36.74807,14.33207],[36.84853,14.32778],[36.94692,14.30474],[36.9709,14.27683],[36.9954,14.26409],[37.01152,14.26507],[37.02609,14.27683],[37.0602,14.27683],[37.08345,14.29773],[37.091,14.31422],[37.09782,14.37951],[37.12107,14.42083],[37.1497,14.44194],[37.18422,14.44956],[37.25822,14.44811],[37.29377,14.45744],[37.33708,14.42636],[37.3902,14.35817],[37.39775,14.30174],[37.45263,14.26058],[37.47537,14.19957],[37.5165,14.18056],[37.52529,14.12883],[37.55371,14.1055],[37.56497,14.11668],[37.89146,14.87953],[37.90883,14.86473],[37.94004,14.81088],[37.95761,14.80284],[37.96443,14.77119],[37.98986,14.75732],[37.99275,14.74076],[38.0067,14.7244],[38.11522,14.68102],[38.13331,14.67776],[38.19026,14.68732],[38.22932,14.67973],[38.24783,14.64771],[38.25764,14.61043],[38.28927,14.58774],[38.31335,14.51935],[38.34064,14.49268],[38.39428,14.46431],[38.41443,14.4263],[38.42683,14.41718],[38.56936,14.42682],[38.60656,14.43648],[38.66847,14.46772],[38.74289,14.46106],[38.82154,14.48948],[38.86608,14.49366],[38.91755,14.5357],[38.97967,14.56712],[38.99383,14.58516],[38.99682,14.6389],[39.00974,14.65123],[39.0855,14.63347],[39.12746,14.60221],[39.15847,14.56015],[39.18751,14.47721],[39.20818,14.44018],[39.23319,14.44044],[39.26854,14.48643],[39.29345,14.49031],[39.36662,14.48292],[39.44858,14.50511],[39.4894,14.52449],[39.51503,14.56782],[39.53229,14.56759],[39.55214,14.55668],[39.59379,14.51457],[39.65094,14.49658],[39.76691,14.50477],[39.79688,14.49511],[39.89227,14.42656],[39.93072,14.42878],[39.96152,14.45421],[39.97981,14.45873],[40.03748,14.45152],[40.08689,14.46576],[40.19437,14.44465],[40.27706,14.40457],[40.42165,14.27376],[40.58587,14.19469],[40.70442,14.17322],[40.77232,14.14836],[40.8332,14.10596],[41.04362,13.87249],[41.19204,13.61586],[41.22222,13.58661],[41.53073,13.39378],[41.7118,13.24793],[41.78477,13.16457],[41.8166,13.11279],[41.89432,12.94797],[41.94662,12.87617],[42.02465,12.82697],[42.1373,12.77333],[42.18495,12.73305],[42.25016,12.62399],[42.33171,12.51546],[42.37946,12.46591]]},"properties":{"kind":"country_border"}},{"type":"Feature","geometry":{"type":"LineString","coordinates":[[27.35293,57.5276],[27.32803,57.58315],[27.3366,57.59173],[27.38208,57.60269],[27.37702,57.65671],[27.39143,57.6802],[27.50776,57.71477],[27.50243,57.77255],[27.55385,57.79477],[27.5246,57.8073],[27.70072,57.82484],[27.76345,57.83867],[27.79932,57.86107],[27.77441,57.89071],[27.66496,57.9184],[27.67519,57.96781],[27.66909,57.99197],[27.63157,58.00416],[27.63044,58.08829],[27.57969,58.12586],[27.49535,58.22146],[27.48285,58.26864],[27.49411,58.31954],[27.55489,58.39525],[27.41061,58.75486],[27.47778,58.87543],[27.69441,58.97594],[27.71333,58.9919],[27.84241,59.1612],[27.89078,59.25804],[27.88231,59.27566],[27.90391,59.29039],[27.95972,59.30646],[28.07661,59.30527],[28.09687,59.31943],[28.00065,59.33374],[28.03238,59.34196],[28.11356,59.34542],[28.15754,59.36403],[28.18182,59.35607],[28.18648,59.37493],[28.1378,59.40035],[28.10483,59.43922],[28.03858,59.46299],[28.01905,59.48176]]},"properties":{"kind":"country_border"}},{"type":"Feature","geometry":{"type":"LineString","coordinates":[[34.0707,9.45459],[33.90086,9.45529],[33.88871,9.47082],[33.88143,9.49921],[33.8777,9.54342],[33.88391,9.61985],[33.90489,9.7107],[33.97325,9.85485],[33.9561,9.93399],[33.96726,10.00027],[33.96679,10.04727],[33.91698,10.17452],[33.469,10.54391],[33.3813,10.64579],[33.14002,10.73904],[33.17465,10.81229],[33.18209,10.84324],[33.08323,11.59916],[33.11599,11.64694],[33.13243,11.68621],[33.14602,11.81866],[33.14498,11.93467],[33.20302,12.1281],[33.20922,12.21037],[32.73178,12.21615],[32.72573,12.13234],[32.74759,12.03952],[32.74666,12.00273],[32.08221,11.99981],[32.34834,11.70316],[32.35981,11.57348],[32.3457,11.41163],[32.34875,11.30758],[32.36415,11.24001],[32.43536,11.10702],[32.43071,11.08219],[32.41407,11.05085],[31.94289,10.65555],[31.92986,10.63692],[31.86418,10.47213],[31.80197,10.37624],[31.66482,10.21424],[31.23482,9.79232],[31.16438,9.764],[30.83696,9.74935],[30.80482,9.73894],[30.77908,9.71987],[30.76528,9.72429],[30.48458,9.97203],[30.01298,10.27049],[29.70096,10.11502],[29.61543,10.05815],[29.61388,9.91446],[29.56732,9.84136],[29.48309,9.76168],[29.25235,9.71117],[29.13226,9.66773],[28.98948,9.58709]]},"properties":{"kind":"country_border"}},{"type":"Feature","geometry":{"type":"LineString","coordinates":[[114.08237,22.52936],[114.10841,22.53439],[114.1171,22.52757],[114.12888,22.53811],[114.14872,22.53811],[114.16195,22.56054],[114.17322,22.56395],[114.18304,22.5562],[114.22983,22.55581]]},"properties":{"kind":"country_border"}},{"type":"Feature","geometry":{"type":"LineString","coordinates":[[12.45303,41.90391],[12.45303,41.90391]]},"properties":{"kind":"country_border"}},{"type":"Feature","geometry":{"type":"LineString","coordinates":[[27.89507,9.59541],[27.7696,9.58332],[27.6415,9.60195],[27.6093,9.59518],[27.52807,9.60536],[27.38513,9.60479],[27.33924,9.6128],[27.08039,9.60683],[26.69432,9.47694],[26.62574,9.48066],[26.55686,9.52045],[26.17947,9.95898],[26.10262,9.98784],[26.07642,10.01771],[26.01079,10.12269],[25.95571,10.1469],[25.90543,10.18127],[25.89364,10.35133],[25.83933,10.42055],[25.75396,10.39534],[25.62332,10.38585],[25.49083,10.3456],[25.42721,10.34412],[25.322,10.31565],[25.27869,10.31201],[25.23958,10.32301],[25.15689,10.30625],[25.12056,10.30609],[25.08408,10.29322],[25.06703,10.27493],[25.01706,10.16801],[25.01365,10.14907],[25.02899,10.09205],[24.97628,9.96735],[24.91386,9.89072],[24.84482,9.84167],[24.80368,9.82917],[24.7964,9.81886],[24.79252,9.5204],[24.78524,9.49751],[24.69496,9.40292],[24.68018,9.37336],[24.65987,9.17699],[24.55931,8.99987],[24.55838,8.88675],[24.54287,8.87465],[24.49383,8.85835],[24.38009,8.84422],[24.24057,8.76153],[24.183,8.71792],[24.17033,8.68933]]},"properties":{"kind":"country_border"}},{"type":"Feature","geometry":{"type":"LineString","coordinates":[[-1.21033,32.08967],[-1.19059,32.12522],[-1.19561,32.14605],[-1.23271,32.16372],[-1.30516,32.15117],[-1.30955,32.16744],[-1.27664,32.20085],[-1.25752,32.32084],[-1.24413,32.35691],[-1.21798,32.39262],[-1.12316,32.41794],[-1.08998,32.43944],[-1.032,32.4944],[-1.0475,32.51701],[-1.32702,32.69891],[-1.39053,32.71878],[-1.42335,32.7424],[-1.55879,32.93365],[-1.50298,32.97463],[-1.49337,33.01615],[-1.49952,33.06021],[-1.5714,33.11199],[-1.62359,33.19661],[-1.67423,33.23797],[-1.68338,33.27084],[-1.68323,33.36923],[-1.64039,33.47553],[-1.61274,33.52147],[-1.61734,33.55444],[-1.6624,33.64469],[-1.69072,33.66733],[-1.74074,33.6866],[-1.74679,33.70239],[-1.74224,33.71776],[-1.70322,33.76182],[-1.72209,33.85116],[-1.71873,33.89809],[-1.66963,34.07921],[-1.74606,34.29031],[-1.77133,34.3347],[-1.80963,34.37245],[-1.70297,34.47968],[-1.75066,34.49417],[-1.87112,34.59665],[-1.76953,34.74134],[-1.97975,34.86526],[-1.99349,34.87885],[-2.00362,34.91818],[-2.01628,34.92624],[-2.06124,34.9297],[-2.1633,34.99404],[-2.19379,35.0036],[-2.21167,35.02344],[-2.22113,35.04995],[-2.22256,35.0893]]},"properties":{"kind":"country_border"}},{"type":"Feature","geometry":{"type":"LineString","coordinates":[[78.91769,33.38626],[78.96499,33.34425],[78.99345,33.33078],[79.09803,33.28765],[79.12504,33.2902]]},"properties":{"kind":"country_border"}},{"type":"Feature","geometry":{"type":"LineString","coordinates":[[79.21525,32.50791],[79.1614,32.49647],[79.11293,32.47239],[79.09174,32.39056],[79.07531,32.37079],[79.02818,32.37709],[78.94343,32.34637],[78.91129,32.35474],[78.77145,32.46166],[78.73693,32.54579],[78.75099,32.61279],[78.73683,32.62984],[78.71326,32.63752],[78.69445,32.62966],[78.66489,32.59902],[78.63017,32.57801],[78.58986,32.56993],[78.44754,32.56626],[78.40816,32.55838],[78.38481,32.54755],[78.38098,32.52804],[78.45219,32.41678],[78.43452,32.38376],[78.46273,32.2818],[78.45798,32.22966],[78.46902,32.22653]]},"properties":{"kind":"country_border"}},{"type":"Feature","geometry":{"type":"LineString","coordinates":[[78.71419,31.88302],[78.70034,31.82168],[78.67409,31.78695],[78.67089,31.77052],[78.69559,31.74669],[78.69321,31.71853],[78.72401,31.67331],[78.75812,31.6666],[78.81889,31.60737],[78.79698,31.57885],[78.69952,31.51002],[78.69538,31.4881],[78.76256,31.44511],[78.73848,31.33499],[78.74509,31.30812],[78.78447,31.28827],[78.84865,31.29091]]},"properties":{"kind":"country_border"}},{"type":"Feature","geometry":{"type":"LineString","coordinates":[[79.38836,31.06947],[79.40159,31.02364],[79.44634,31.02379],[79.47642,31.01403],[79.5127,30.96617],[79.54422,30.94741],[79.57781,30.93837],[79.63031,30.9625],[79.76064,30.97723],[79.85035,30.95449],[79.88043,30.91284],[79.91464,30.88382]]},"properties":{"kind":"country_border"}},{"type":"Feature","geometry":{"type":"LineString","coordinates":[[32.92086,-9.4079],[32.95528,-9.38206],[32.97471,-9.38124],[33.1039,-9.4879],[33.17294,-9.51105],[33.2024,-9.49348],[33.24911,-9.50071],[33.28239,-9.48603],[33.30027,-9.49224],[33.375,-9.54908],[33.40424,-9.60489],[33.43897,-9.62153],[33.48052,-9.62442],[33.55948,-9.59332],[33.65064,-9.61099],[33.67606,-9.60768],[33.73461,-9.58412],[33.78753,-9.62649],[33.86525,-9.66959],[33.91186,-9.71796]]},"properties":{"kind":"country_border"}},{"type":"Feature","geometry":{"type":"LineString","coordinates":[[34.01229,35.0638],[33.96292,35.0683],[33.94111,35.05972],[33.90651,35.0691]]},"properties":{"kind":"country_border"}},{"type":"Feature","geometry":{"type":"LineString","coordinates":[[33.70152,34.97289],[33.70293,34.98794],[33.71146,34.98557],[33.71544,34.9973],[33.69973,35.00272],[33.70221,35.02226],[33.67944,35.03389],[33.63751,35.03083],[33.61405,35.04644],[33.59152,35.03394],[33.57896,35.03549],[33.54687,35.07305],[33.53519,35.05662],[33.50016,35.06127],[33.49385,35.05662],[33.4768,35.00272],[33.46657,35.0051],[33.4768,35.09481],[33.41355,35.1994],[33.40032,35.19775],[33.37453,35.17434],[33.31526,35.16189],[33.24022,35.17129],[33.19025,35.18995],[33.15749,35.1853],[33.12013,35.16034],[33.10912,35.15879],[33.09584,35.16974],[33.03114,35.14943],[32.94691,35.10261],[32.87673,35.10024],[32.85492,35.07915],[32.83921,35.07993],[32.82991,35.10024],[32.79477,35.1268],[32.73152,35.14318],[32.71271,35.16344],[32.71139,35.18163]]},"properties":{"kind":"country_border"}},{"type":"Feature","geometry":{"type":"LineString","coordinates":[[32.64069,35.18708],[32.6262,35.16509],[32.6152,35.16344],[32.60192,35.17862]]},"properties":{"kind":"country_border"}},{"type":"Feature","geometry":{"type":"LineString","coordinates":[[33.67944,35.03389],[33.67885,35.05579],[33.70531,35.06675],[33.71937,35.06277],[33.70759,35.02928],[33.73968,35.04722],[33.76613,35.03161],[33.77554,35.04019],[33.79435,35.04019],[33.79828,35.05264],[33.82401,35.06675],[33.85357,35.05817],[33.87693,35.07683],[33.87621,35.11899],[33.88943,35.11899],[33.90587,35.09088],[33.92147,35.0807],[33.91445,35.07305],[33.89812,35.06127],[33.88013,35.07305],[33.85512,35.05342],[33.84117,35.05109],[33.82711,35.06127],[33.80438,35.04954],[33.799,35.03853],[33.83021,35.02303],[33.82939,35.00117],[33.85905,34.99182],[33.85905,34.97466],[33.83807,34.96371],[33.89184,34.95814]]},"properties":{"kind":"country_border"}},{"type":"Feature","geometry":{"type":"LineString","coordinates":[[75.97681,36.46176],[75.87478,36.61947],[75.79055,36.68784],[75.72874,36.72319],[75.64978,36.75404],[75.57051,36.76675],[75.50798,36.74763],[75.49258,36.72071],[75.43191,36.72293],[75.41052,36.74732],[75.3945,36.86426],[75.37796,36.89429],[75.3513,36.91578],[75.31347,36.92875],[75.19513,36.94888],[75.13281,36.98469],[75.10015,36.99413],[74.97685,36.98428],[74.92497,36.97087],[74.90078,36.94992],[74.8858,36.91144],[74.87236,36.9071],[74.85324,36.95899],[74.82451,36.99413],[74.79257,37.01516],[74.71919,37.01645],[74.67795,37.05169],[74.66245,37.05448],[74.54235,37.02167]]},"properties":{"kind":"country_border"}},{"type":"Feature","geometry":{"type":"LineString","coordinates":[[-68.62762,-52.63957],[-68.64188,-54.78297]]},"properties":{"kind":"country_border"}},{"type":"Feature","geometry":{"type":"LineString","coordinates":[[-75.23286,19.90005],[-75.22897,19.93744],[-75.17886,19.97073],[-75.16019,19.97065]]},"properties":{"kind":"country_border"}},{"type":"Feature","geometry":{"type":"LineString","coordinates":[[14.20082,53.87816],[14.17529,53.90648],[14.19307,53.91149],[14.21008,53.93846]]},"properties":{"kind":"country_border"}},{"type":"Feature","geometry":{"type":"LineString","coordinates":[[-3.11528,5.10782],[-3.1196,5.09133]]},"properties":{"kind":"country_border"}},{"type":"Feature","geometry":{"type":"LineString","coordinates":[[77.04897,35.11044],[77.80035,35.49541],[77.76035,35.49809],[77.68966,35.46269],[77.66061,35.4581],[77.51961,35.47744]]},"properties":{"kind":"country_border"}},{"type":"Feature","geometry":{"type":"LineString","coordinates":[[128.39478,38.57807],[128.33153,38.55351],[128.33902,38.52313],[128.33256,38.47042],[128.31452,38.42789],[128.26218,38.36148],[128.2014,38.31136],[128.12782,38.27402],[128.04886,38.2519],[127.97243,38.2471],[127.87005,38.25175],[127.79972,38.2402],[127.76396,38.24738],[127.73523,38.2711],[127.56888,38.25963],[127.4675,38.2426],[127.37262,38.26513],[127.16782,38.25498],[127.10989,38.23653],[127.00535,38.17752],[126.96267,38.10196],[126.88474,38.04435],[126.79715,37.93882],[126.74413,37.90544],[126.71493,37.8966],[126.7202,37.83159],[126.705,37.79953],[126.68604,37.78218]]},"properties":{"kind":"country_border"}},{"type":"Feature","geometry":{"type":"LineString","coordinates":[[63.38391,46.39084],[63.50148,46.38244],[63.61093,46.35841],[63.70994,46.32038],[63.79634,46.27002],[63.86755,46.20896],[63.9213,46.13889],[63.9553,46.06143],[63.96713,45.97833],[63.9553,45.89518],[63.9213,45.81777],[63.86755,45.7477],[63.79634,45.68664],[63.70994,45.63629],[63.61093,45.59825],[63.50148,45.57422],[63.38391,45.56582],[63.26635,45.57422],[63.1569,45.59825],[63.05784,45.63629],[62.97148,45.68664],[62.90027,45.7477],[62.84648,45.81777],[62.81253,45.89518],[62.80064,45.97833],[62.81253,46.06143],[62.84648,46.13889],[62.90027,46.20896],[62.97148,46.27002],[63.05784,46.32038],[63.1569,46.35841],[63.26635,46.38244],[63.38391,46.39084]]},"properties":{"kind":"country_border"}},{"type":"Feature","geometry":{"type":"LineString","coordinates":[[126.6208,37.78772],[126.60708,37.91753],[126.61902,37.97179],[126.66124,37.99631],[126.69979,38.00251],[126.72625,38.01913],[126.80981,38.11984],[126.87714,38.16739],[126.91027,38.23232],[126.93833,38.2602],[127.00003,38.30038],[127.07062,38.33513],[127.14695,38.35952],[127.22198,38.36588],[127.3814,38.37192],[127.47628,38.34926],[127.55281,38.36461],[127.76515,38.37926],[127.80784,38.34872],[127.8637,38.35797],[128.03077,38.35673],[128.08937,38.37321],[128.14322,38.40055],[128.18869,38.43802],[128.22941,38.49819],[128.22027,38.58062],[128.24006,38.62131],[128.28409,38.64865],[128.35996,38.67536]]},"properties":{"kind":"country_border"}},{"type":"Feature","geometry":{"type":"LineString","coordinates":[[32.69155,35.18371],[32.71271,35.13377],[32.7956,35.10261],[32.8065,35.09481],[32.81028,35.07073],[32.82599,35.05895],[32.86102,35.0651],[32.89079,35.09166],[32.92195,35.07228],[32.93523,35.07228],[33.03734,35.1361],[33.12307,35.13067],[33.17387,35.16266],[33.22854,35.15336],[33.26213,35.12607],[33.3012,35.11357],[33.34802,35.15491],[33.41592,35.16034],[33.4245,35.1299],[33.45882,35.09481],[33.45882,35.04169],[33.44631,35.00117],[33.45882,34.97776],[33.4862,34.98164],[33.497,35.02608],[33.51959,35.04412],[33.53364,34.99957],[33.54604,34.99497],[33.56413,35.00117],[33.58056,35.01993],[33.60299,35.01208],[33.61953,35.01683],[33.70293,34.98794]]},"properties":{"kind":"country_border"}},{"type":"Feature","geometry":{"type":"LineString","coordinates":[[32.58481,35.17251],[32.6075,35.15408],[32.63396,35.15408],[32.64646,35.16111],[32.65981,35.18708]]},"properties":{"kind":"country_border"}},{"type":"Feature","geometry":{"type":"LineString","coordinates":[[33.89812,35.06127],[33.93078,35.05109],[33.98008,35.0574],[34.00199,35.04722],[34.02196,35.05701]]},"properties":{"kind":"country_border"}},{"type":"Feature","geometry":{"type":"LineString","coordinates":[[32.76067,34.65323],[32.76677,34.67614],[32.7986,34.67096],[32.80601,34.68577],[32.81934,34.68762],[32.83229,34.70095],[32.85969,34.70058],[32.86561,34.67874],[32.91367,34.66028],[32.91725,34.66714],[32.93606,34.65773],[32.95471,34.67732],[32.98753,34.67339],[32.9898,34.6461],[32.96562,34.65158],[32.95404,34.64295],[32.96251,34.62502],[32.96954,34.63205],[33.01563,34.63442]]},"properties":{"kind":"country_border"}},{"type":"Feature","geometry":{"type":"LineString","coordinates":[[-68.44861,-52.34663],[-68.4545,-52.29991],[-68.57315,-52.28027],[-68.62172,-52.26363],[-68.8205,-52.24317],[-69.00757,-52.17909],[-69.21226,-52.13795],[-69.48529,-52.13248],[-69.95275,-52.00742],[-71.9177,-51.99006],[-71.96524,-51.97063],[-71.9485,-51.896],[-71.95847,-51.868],[-71.98173,-51.84495],[-72.07262,-51.7786],[-72.14213,-51.73942],[-72.18709,-51.72072],[-72.28114,-51.70149],[-72.30072,-51.69147],[-72.3309,-51.59938],[-72.35152,-51.58347],[-72.42914,-51.57602],[-72.45007,-51.55267],[-72.42232,-51.52238],[-72.35121,-51.47598],[-72.35173,-51.44042],[-72.32357,-51.39082],[-72.32046,-51.31258],[-72.25881,-51.24519],[-72.25757,-51.23062],[-72.27396,-51.21677],[-72.34946,-51.1839],[-72.38222,-51.1606],[-72.40459,-51.10582],[-72.3386,-51.03699],[-72.29344,-51.02924],[-72.27706,-51.00732],[-72.26595,-50.96071],[-72.25675,-50.87514],[-72.26347,-50.83628],[-72.34739,-50.74315],[-72.30284,-50.6489],[-72.38335,-50.62027],[-72.50598,-50.60125],[-72.54913,-50.6151],[-72.61812,-50.66678],[-72.66261,-50.66781],[-72.75579,-50.61644],[-72.90286,-50.66657],[-73.05174,-50.75783],[-73.09608,-50.77065],[-73.13948,-50.77023],[-73.17772,-50.74946],[-73.19225,-50.64135],[-73.25762,-50.57304],[-73.2742,-50.36447],[-73.30144,-50.29956],[-73.34635,-50.24365],[-73.40582,-50.21699],[-73.53057,-50.14081],[-73.54148,-50.11374],[-73.5315,-50.08314],[-73.47859,-50.00945],[-73.50021,-49.97865],[-73.57274,-49.93235],[-73.54194,-49.89452],[-73.5345,-49.8476],[-73.48211,-49.81174],[-73.46298,-49.78714],[-73.4651,-49.75996]]},"properties":{"kind":"country_border"}},{"type":"Feature","geometry":{"type":"LineString","coordinates":[[56.27381,25.28129],[56.28833,25.27193],[56.28298,25.25548],[56.26303,25.24922],[56.25958,25.27598],[56.27381,25.28129]]},"properties":{"kind":"country_border"}},{"type":"Feature","geometry":{"type":"LineString","coordinates":[[89.79605,28.24019],[89.78086,28.22877],[89.75584,28.18438],[89.71781,28.16908],[89.57942,28.14464],[89.56149,28.13464],[89.51503,28.0819],[89.45881,28.0478],[89.37013,27.90936],[89.33602,27.86908],[89.22492,27.80781],[89.1982,27.73058],[89.12465,27.61485]]},"properties":{"kind":"country_border"}},{"type":"Feature","geometry":{"type":"LineString","coordinates":[[88.98297,27.49263],[88.9662,27.47803],[88.95106,27.43314],[88.99702,27.33087],[88.97193,27.31239],[88.95081,27.32823],[88.91516,27.33087],[88.89233,27.31554]]},"properties":{"kind":"country_border"}},{"type":"Feature","geometry":{"type":"LineString","coordinates":[[80.88388,30.21041],[80.90331,30.18043],[80.92083,30.17666],[80.99604,30.19697]]},"properties":{"kind":"country_border"}},{"type":"Feature","geometry":{"type":"LineString","coordinates":[[-53.37909,-33.74068],[-53.41128,-33.74228],[-53.44043,-33.69712],[-53.45671,-33.6875],[-53.51154,-33.69029],[-53.53965,-33.64926],[-53.5368,-33.55986],[-53.51402,-33.39491],[-53.53613,-33.24464],[-53.53686,-33.17084],[-53.51154,-33.09922],[-53.48332,-33.06728],[-53.32731,-32.97365],[-53.30958,-32.9444],[-53.29884,-32.8891],[-53.20385,-32.82244],[-53.16308,-32.77872],[-53.12686,-32.75485],[-53.11084,-32.72239],[-53.11978,-32.70741],[-53.20148,-32.63723],[-53.2669,-32.60736],[-53.31604,-32.60271],[-53.35909,-32.58028],[-53.41562,-32.56416],[-53.47464,-32.50825],[-53.5613,-32.44954],[-53.64388,-32.35559],[-53.65855,-32.25431],[-53.6706,-32.2264],[-53.72144,-32.16243],[-53.75002,-32.10403],[-53.75731,-32.05504],[-53.83043,-32.03644],[-53.85808,-32.0212],[-53.88144,-32.00125],[-53.90583,-31.95929],[-53.94877,-31.93696],[-54.00871,-31.92653],[-54.04975,-31.88715],[-54.08845,-31.87816],[-54.14628,-31.90989],[-54.27423,-31.82338],[-54.46373,-31.67186],[-54.47737,-31.6421],[-54.48316,-31.58391],[-54.49504,-31.56562],[-54.56238,-31.5159],[-54.60454,-31.45978],[-54.81978,-31.43529],[-54.8499,-31.42506],[-54.90029,-31.38206],[-54.9408,-31.36563],[-54.96964,-31.34082],[-55.02938,-31.26879],[-55.04235,-31.27261],[-55.0611,-31.30486],[-55.08725,-31.32677],[-55.12224,-31.31354],[-55.18828,-31.26651],[-55.24435,-31.2446],[-55.25998,-31.22869],[-55.2937,-31.15365],[-55.33804,-31.12564],[-55.35385,-31.05629],[-55.36858,-31.03738],[-55.51131,-30.90612],[-55.56386,-30.87646],[-55.59187,-30.84835],[-55.61291,-30.84339],[-55.63404,-30.84763],[-55.64967,-30.86096],[-55.65275,-30.93899],[-55.66582,-30.94932],[-55.73189,-30.9454],[-55.74489,-30.95863],[-55.76359,-31.00844],[-55.81652,-31.04255]]},"properties":{"kind":"country_border"}},{"type":"Feature","geometry":{"type":"LineString","coordinates":[[-57.64247,-30.19309],[-57.60279,-30.19052]]},"properties":{"kind":"country_border"}},{"type":"Feature","geometry":{"type":"LineString","coordinates":[[-83.6788,10.91615],[-83.68875,10.93459],[-83.69661,10.93662]]},"properties":{"kind":"country_border"}},{"type":"Feature","geometry":{"type":"LineString","coordinates":[[-83.68687,10.93797],[-83.67299,10.93323],[-83.67556,10.92598],[-83.66535,10.93532]]},"properties":{"kind":"country_border"}},{"type":"Feature","geometry":{"type":"LineString","coordinates":[[19.05294,45.3454],[19.08296,45.33922],[19.09623,45.32912],[19.10415,45.29873],[19.19718,45.26492]]},"properties":{"kind":"country_border"}},{"type":"Feature","geometry":{"type":"LineString","coordinates":[[19.25991,45.24297],[19.3973,45.22329],[19.40784,45.20313],[19.40536,45.17967],[19.39068,45.16934],[19.30428,45.16655],[19.28671,45.17952],[19.2678,45.16582],[19.20454,45.16288],[19.18532,45.16805],[19.14387,45.19952],[19.12186,45.1958],[19.1417,45.16215],[19.13767,45.14603],[19.06006,45.14686],[19.04486,45.13725],[19.08228,45.08495],[19.0954,45.02092],[19.08724,44.9771],[19.09809,44.97002],[19.11855,44.97555],[19.13168,44.95317],[19.06667,44.90568],[19.0184,44.92568],[18.99143,44.91493],[18.99432,44.89483],[19.01582,44.86563]]},"properties":{"kind":"country_border"}},{"type":"Feature","geometry":{"type":"LineString","coordinates":[[-8.1913,42.06208],[-8.20402,42.06955],[-8.20433,42.1288],[-8.22236,42.15363]]},"properties":{"kind":"country_border"}},{"type":"Feature","geometry":{"type":"LineString","coordinates":[[-7.10486,38.82719],[-7.05608,38.85515],[-7.0522,38.88499],[-7.06605,38.9046],[-7.02212,38.94287],[-6.97329,39.01395],[-6.98631,39.03007],[-6.97939,39.04718],[-6.98569,39.06676],[-6.9997,39.0847],[-7.03882,39.10914],[-7.09127,39.11245],[-7.12729,39.09749],[-7.15721,39.10544],[-7.16889,39.12185],[-7.15581,39.15151],[-7.16806,39.17063],[-7.24413,39.19564],[-7.26578,39.23135],[-7.26433,39.25233],[-7.25084,39.27063],[-7.32665,39.34132],[-7.33193,39.38473],[-7.31353,39.45744],[-7.32092,39.46741],[-7.38417,39.484],[-7.39941,39.49366],[-7.41755,39.5242],[-7.46809,39.55025],[-7.51584,39.59376],[-7.55729,39.6798],[-7.34143,39.67184],[-7.29275,39.68332],[-7.23576,39.68652],[-7.21405,39.67618],[-7.18289,39.6751],[-7.02114,39.69401],[-7.00962,39.71546],[-7.01334,39.73892],[-6.99303,39.77421],[-7.00027,39.80253],[-6.98523,39.82114],[-6.95283,39.83287],[-6.92766,39.86191],[-6.92523,39.91793],[-6.90952,39.93198],[-6.90162,39.97648],[-6.8797,40.00919],[-6.95572,40.10293],[-7.01577,40.11905],[-7.04311,40.18137],[-7.01577,40.2255],[-6.95469,40.25336],[-6.89645,40.25548],[-6.87805,40.26524],[-6.8702,40.29553],[-6.81196,40.33232],[-6.79444,40.3564],[-6.82808,40.38059],[-6.85128,40.40952],[-6.85712,40.44213],[-6.81253,40.51463],[-6.81805,40.53189],[-6.84839,40.56476],[-6.85046,40.58223],[-6.81428,40.64718],[-6.83914,40.75751],[-6.83666,40.84025],[-6.82033,40.84423],[-6.81619,40.85684],[-6.82116,40.87006],[-6.85526,40.88722],[-6.88518,40.94892],[-6.94042,41.00339],[-6.94249,41.016],[-6.92787,41.04793],[-6.90683,41.0561],[-6.84529,41.05191],[-6.818,41.05414],[-6.80436,41.06442],[-6.76478,41.10886],[-6.75522,41.15883],[-6.70695,41.19433],[-6.64664,41.26761],[-6.5635,41.27071],[-6.49585,41.29495],[-6.431,41.33903],[-6.39958,41.37748],[-6.37917,41.37748],[-6.37917,41.39732],[-6.35235,41.40926],[-6.32113,41.41101],[-6.28295,41.46564],[-6.27953,41.497],[-6.20595,41.57028],[-6.27225,41.62824],[-6.36594,41.66361],[-6.46082,41.67655],[-6.50304,41.65309],[-6.54153,41.65891],[-6.55528,41.6749],[-6.5774,41.73973],[-6.52422,41.86742],[-6.5758,41.8829],[-6.57166,41.94261],[-6.60949,41.96232],[-6.62282,41.94096],[-6.65677,41.93307],[-6.72798,41.93085],[-6.7579,41.93757],[-6.79439,41.97971],[-6.82493,41.98377],[-6.83123,41.95395],[-6.85495,41.94294],[-6.94513,41.94336],[-6.99236,41.96638],[-7.05127,41.94201],[-7.14537,41.98749],[-7.15974,41.98573],[-7.19994,41.96372],[-7.19793,41.9015],[-7.21865,41.87905],[-7.32247,41.84541],[-7.39192,41.84205],[-7.44272,41.80595],[-7.46938,41.85254],[-7.51584,41.86499],[-7.53155,41.84016],[-7.54669,41.83205],[-7.60607,41.82554],[-7.62219,41.83233],[-7.62281,41.84174],[-7.60736,41.87318],[-7.66116,41.87491],[-7.72203,41.89925],[-7.75014,41.88837],[-7.84972,41.87577],[-7.86481,41.85789],[-7.89659,41.85794],[-7.9061,41.91385],[-7.92579,41.90817],[-7.94476,41.86695],[-7.99364,41.86367],[-8.04857,41.81639],[-8.09348,41.80673],[-8.17957,41.8107],[-8.17704,41.84985],[-8.2204,41.86819],[-8.23172,41.88605],[-8.23022,41.90468],[-8.18213,41.96542],[-8.10803,42.0109],[-8.09508,42.04092],[-8.1032,42.05581],[-8.13761,42.07291],[-8.1913,42.06208],[-8.20402,42.06955],[-8.20433,42.1288],[-8.22236,42.15363],[-8.25233,42.13758],[-8.29538,42.13009],[-8.34675,42.10169],[-8.50121,42.08309],[-8.57281,42.05441],[-8.62688,42.05103],[-8.65257,42.03144],[-8.67081,41.99981],[-8.7508,41.96898]]},"properties":{"kind":"country_border"}},{"type":"Feature","geometry":{"type":"LineString","coordinates":[[-7.41442,37.19282],[-7.43424,37.25933],[-7.42758,37.27452],[-7.44499,37.38676],[-7.46225,37.41787],[-7.46887,37.47557],[-7.47595,37.49425],[-7.50633,37.51812],[-7.52912,37.5567],[-7.51434,37.6014],[-7.47161,37.6369],[-7.44401,37.73015],[-7.42634,37.75062],[-7.33441,37.81193],[-7.30686,37.85077],[-7.26862,37.94924],[-7.2727,37.97701],[-7.2233,37.99383],[-7.18527,37.98869],[-7.15974,37.9968],[-7.12326,38.04],[-7.04936,38.02021],[-7.02399,38.02256],[-6.9475,38.19664],[-6.9642,38.20614],[-7.02641,38.19963],[-7.03871,38.18622],[-7.06305,38.17754],[-7.10352,38.17359],[-7.12687,38.1909],[-7.16718,38.27208],[-7.19633,38.29216],[-7.21136,38.31753],[-7.31715,38.42458],[-7.35921,38.44636],[-7.33518,38.46944],[-7.34562,38.49414],[-7.31771,38.55625],[-7.27043,38.6177]]},"properties":{"kind":"country_border"}}]}