{"type":"FeatureCollection","features":[{"type":"Feature","geometry":{"type":"Point","coordinates":[-59.28211279633443,-32.100210869486034]},"properties":{"kind":"state_label","name":"Entre R\u00edos","country":"Argentina","labelrank":3}},{"type":"Feature","geometry":{"type":"Point","coordinates":[116.39406172051218,1.0169053601025237]},"properties":{"kind":"state_label","name":"Kalimantan Timur","country":"Indonesia","labelrank":2}},{"type":"Feature","geometry":{"type":"Point","coordinates":[-69.6730741113893,-18.339035113336323]},"properties":{"kind":"state_label","name":"Arica y Parinacota","country":"Chile","labelrank":7}},{"type":"Feature","geometry":{"type":"Point","coordinates":[-68.21247209046342,-14.971966046345983]},"properties":{"kind":"state_label","name":"La Paz","country":"Bolivia","labelrank":6}},{"type":"Feature","geometry":{"type":"Point","coordinates":[-67.59801347263452,-18.613204644478742]},"properties":{"kind":"state_label","name":"Oruro","country":"Bolivia","labelrank":6}},{"type":"Feature","geometry":{"type":"Point","coordinates":[-69.3680134719999,-20.20005828551149]},"properties":{"kind":"state_label","name":"Tarapac\u00e1","country":"Chile","labelrank":3}},{"type":"Feature","geometry":{"type":"Point","coordinates":[-66.76975653407233,-20.375913184062547]},"properties":{"kind":"state_label","name":"Potos\u00ed","country":"Bolivia","labelrank":4}},{"type":"Feature","geometry":{"type":"Point","coordinates":[-68.87697596649991,-23.47815960648734]},"properties":{"kind":"state_label","name":"Antofagasta","country":"Chile","labelrank":6}},{"type":"Feature","geometry":{"type":"Point","coordinates":[-70.34207504569994,-17.577455304041937]},"properties":{"kind":"state_label","name":"Tacna","country":"Peru","labelrank":7}},{"type":"Feature","geometry":{"type":"Point","coordinates":[-65.45647752269188,-24.19089996011369]},"properties":{"kind":"state_label","name":"Salta","country":"Argentina","labelrank":6}},{"type":"Feature","geometry":{"type":"Point","coordinates":[-65.7050471860141,-23.200443620543332]},"properties":{"kind":"state_label","name":"Jujuy","country":"Argentina","labelrank":3}},{"type":"Feature","geometry":{"type":"Point","coordinates":[77.48240030753377,33.92088928250011]},"properties":{"kind":"state_label","name":"Ladakh","country":"India","labelrank":2}},{"type":"Feature","geometry":{"type":"Point","coordinates":[84.98429810398284,41.752899103285706]},"properties":{"kind":"state_label","name":"Xinjiang","country":"China","labelrank":2}},{"type":"Feature","geometry":{"type":"Point","coordinates":[88.74489831230724,31.883607322692292]},"properties":{"kind":"state_label","name":"Xizang","country":"China","labelrank":2}},{"type":"Feature","geometry":{"type":"Point","coordinates":[36.66538984876249,6.444233670981504]},"properties":{"kind":"state_label","name":"Southern Nations, Nationalities and Peoples","country":"Ethiopia","labelrank":3}},{"type":"Feature","geometry":{"type":"Point","coordinates":[33.86097100300009,4.759953872603283]},"properties":{"kind":"state_label","name":"Eastern Equatoria","country":"S. Sudan","labelrank":3}},{"type":"Feature","geometry":{"type":"Point","coordinates":[43.534805297000105,7.246496785500099]},"properties":{"kind":"state_label","name":"Somali","country":"Ethiopia","labelrank":3}},{"type":"Feature","geometry":{"type":"Point","coordinates":[48.84920717200009,8.48953863649885]},"properties":{"kind":"state_label","name":"Nugaal","country":"Somalia","labelrank":5}},{"type":"Feature","geometry":{"type":"Point","coordinates":[48.05387872885268,6.025659592981242]},"properties":{"kind":"state_label","name":"Mudug","country":"Somalia","labelrank":5}},{"type":"Feature","geometry":{"type":"Point","coordinates":[46.67953211888616,5.003778723500062]},"properties":{"kind":"state_label","name":"Galguduud","country":"Somalia","labelrank":5}},{"type":"Feature","geometry":{"type":"Point","coordinates":[45.49839878947134,4.370262062444226]},"properties":{"kind":"state_label","name":"Hiiraan","country":"Somalia","labelrank":5}},{"type":"Feature","geometry":{"type":"Point","coordinates":[43.83508951446947,4.101959639116416]},"properties":{"kind":"state_label","name":"Bakool","country":"Somalia","labelrank":5}},{"type":"Feature","geometry":{"type":"Point","coordinates":[42.05265791501367,2.77923302354921]},"properties":{"kind":"state_label","name":"Gedo","country":"Somalia","labelrank":5}},{"type":"Feature","geometry":{"type":"Point","coordinates":[36.01703149156731,0.9191140884052444]},"properties":{"kind":"state_label","name":"Rift Valley","country":"Kenya","labelrank":4}},{"type":"Feature","geometry":{"type":"Point","coordinates":[33.528062371531206,-8.292438859840566]},"properties":{"kind":"state_label","name":"Mbeya","country":"United Republic of Tanzania","labelrank":6}},{"type":"Feature","geometry":{"type":"Point","coordinates":[34.746437615303705,-9.571224257193734]},"properties":{"kind":"state_label","name":"Njombe","country":"United Republic of Tanzania","labelrank":6}},{"type":"Feature","geometry":{"type":"Point","coordinates":[36.33672271583066,-10.460006812544648]},"properties":{"kind":"state_label","name":"Ruvuma","country":"United Republic of Tanzania","labelrank":5}},{"type":"Feature","geometry":{"type":"Point","coordinates":[94.46330378802108,28.00845541562049]},"properties":{"kind":"state_label","name":"Arunachal Pradesh","country":"India","labelrank":2}},{"type":"Feature","geometry":{"type":"Point","coordinates":[50.17807418290414,10.159537811666354]},"properties":{"kind":"state_label","name":"Bari","country":"Somalia","labelrank":5}},{"type":"Feature","geometry":{"type":"Point","coordinates":[-53.132164676999906,3.9277193475000516]},"properties":{"kind":"state_label","name":"Guyane fran\u00e7aise","country":"France","labelrank":5}},{"type":"Feature","geometry":{"type":"Point","coordinates":[-9.46063826791594,28.239820556371775]},"properties":{"kind":"state_label","name":"Guelmim - Es-Semara","country":"Morocco","labelrank":6}},{"type":"Feature","geometry":{"type":"Point","coordinates":[-13.277952958462265,26.302065266761907]},"properties":{"kind":"state_label","name":"La\u00e2youne - Boujdour - Sakia El Hamra","country":"Morocco","labelrank":5}},{"type":"Feature","geometry":{"type":"Point","coordinates":[-14.98031178685899,23.0057583846394]},"properties":{"kind":"state_label","name":"Oued el Dahab","country":"Morocco","labelrank":5}},{"type":"Feature","geometry":{"type":"Point","coordinates":[17.534949613000066,1.4758925100000582]},"properties":{"kind":"state_label","name":"Likouala","country":"Republic of the Congo","labelrank":6}},{"type":"Feature","geometry":{"type":"Point","coordinates":[20.473254327425252,1.3161477695183592]},"properties":{"kind":"state_label","name":"\u00c9quateur","country":"Democratic Republic of the Congo","labelrank":6}},{"type":"Feature","geometry":{"type":"Point","coordinates":[15.955350955500066,-0.7798228898145396]},"properties":{"kind":"state_label","name":"Cuvette","country":"Republic of the Congo","labelrank":6}},{"type":"Feature","geometry":{"type":"Point","coordinates":[15.378262294269462,-2.0088176408214906]},"properties":{"kind":"state_label","name":"Plateaux","country":"Republic of the Congo","labelrank":6}},{"type":"Feature","geometry":{"type":"Point","coordinates":[18.447570241023783,-4.427170915425066]},"properties":{"kind":"state_label","name":"Bandundu","country":"Democratic Republic of the Congo","labelrank":6}},{"type":"Feature","geometry":{"type":"Point","coordinates":[15.043867225095369,-3.810541887337351]},"properties":{"kind":"state_label","name":"Pool","country":"Republic of the Congo","labelrank":6}},{"type":"Feature","geometry":{"type":"Point","coordinates":[15.45694635074256,-3.9840470718043903]},"properties":{"kind":"state_label","name":"Brazzaville","country":"Republic of the Congo","labelrank":6}},{"type":"Feature","geometry":{"type":"Point","coordinates":[15.849371498716835,-4.486257630585186]},"properties":{"kind":"state_label","name":"Kinshasa City","country":"Democratic Republic of the Congo","labelrank":6}},{"type":"Feature","geometry":{"type":"Point","coordinates":[14.244608594957043,-5.164515194499927]},"properties":{"kind":"state_label","name":"Bas-Congo","country":"Democratic Republic of the Congo","labelrank":6}},{"type":"Feature","geometry":{"type":"Point","coordinates":[13.49099083825655,-4.119420399983952]},"properties":{"kind":"state_label","name":"Bouenza","country":"Republic of the Congo","labelrank":6}},{"type":"Feature","geometry":{"type":"Point","coordinates":[12.552720072500136,-3.355246276999914]},"properties":{"kind":"state_label","name":"Niari","country":"Republic of the Congo","labelrank":6}},{"type":"Feature","geometry":{"type":"Point","coordinates":[31.99756147658084,51.356013288939515]},"properties":{"kind":"state_label","name":"Chernihiv","country":"Ukraine","labelrank":7}},{"type":"Feature","geometry":{"type":"Point","coordinates":[29.519004350721076,52.29440562285382]},"properties":{"kind":"state_label","name":"Gomel","country":"Belarus","labelrank":7}},{"type":"Feature","geometry":{"type":"Point","coordinates":[24.844560990860927,51.122280785571526]},"properties":{"kind":"state_label","name":"Volyn","country":"Ukraine","labelrank":5}},{"type":"Feature","geometry":{"type":"Point","coordinates":[25.382771033340248,52.454641320345125]},"properties":{"kind":"state_label","name":"Brest","country":"Belarus","labelrank":7}},{"type":"Feature","geometry":{"type":"Point","coordinates":[26.384311968198347,50.970817161958884]},"properties":{"kind":"state_label","name":"Rivne","country":"Ukraine","labelrank":7}},{"type":"Feature","geometry":{"type":"Point","coordinates":[28.464288770760135,50.61698863088541]},"properties":{"kind":"state_label","name":"Zhytomyr","country":"Ukraine","labelrank":7}},{"type":"Feature","geometry":{"type":"Point","coordinates":[30.704823845993673,50.331889754162496]},"properties":{"kind":"state_label","name":"Kiev","country":"Ukraine","labelrank":7}},{"type":"Feature","geometry":{"type":"Point","coordinates":[17.392241858000062,-26.979721981486946]},"properties":{"kind":"state_label","name":"Karas","country":"Namibia","labelrank":4}},{"type":"Feature","geometry":{"type":"Point","coordinates":[20.995984531168745,-28.844672746443443]},"properties":{"kind":"state_label","name":"Northern Cape","country":"South Africa","labelrank":2}},{"type":"Feature","geometry":{"type":"Point","coordinates":[71.29107594834412,40.324606530634306]},"properties":{"kind":"state_label","name":"Ferghana","country":"Uzbekistan","labelrank":4}},{"type":"Feature","geometry":{"type":"Point","coordinates":[81.97693932815272,48.61738057045696]},"properties":{"kind":"state_label","name":"East Kazakhstan","country":"Kazakhstan","labelrank":4}},{"type":"Feature","geometry":{"type":"Point","coordinates":[78.22479109407277,44.746907657239454]},"properties":{"kind":"state_label","name":"Almaty","country":"Kazakhstan","labelrank":6}},{"type":"Feature","geometry":{"type":"Point","coordinates":[69.16110620100011,39.96968962274746]},"properties":{"kind":"state_label","name":"Leninabad","country":"Tajikistan","labelrank":5}},{"type":"Feature","geometry":{"type":"Point","coordinates":[28.674670765279913,55.190934248591496]},"properties":{"kind":"state_label","name":"Vitebsk","country":"Belarus","labelrank":7}},{"type":"Feature","geometry":{"type":"Point","coordinates":[25.084081255167803,53.86587347042332]},"properties":{"kind":"state_label","name":"Grodno","country":"Belarus","labelrank":7}},{"type":"Feature","geometry":{"type":"Point","coordinates":[-53.65568620171301,-30.40713551502232]},"properties":{"kind":"state_label","name":"Rio Grande do Sul","country":"Brazil","labelrank":2}},{"type":"Feature","geometry":{"type":"Point","coordinates":[116.0167159830001,48.28744651650004]},"properties":{"kind":"state_label","name":"Dornod","country":"Mongolia","labelrank":4}},{"type":"Feature","geometry":{"type":"Point","coordinates":[111.62347220837569,45.35719340346878]},"properties":{"kind":"state_label","name":"Inner Mongol","country":"China","labelrank":2}},{"type":"Feature","geometry":{"type":"Point","coordinates":[89.81292097688481,48.28185797031904]},"properties":{"kind":"state_label","name":"Bayan-\u00d6lgiy","country":"Mongolia","labelrank":7}},{"type":"Feature","geometry":{"type":"Point","coordinates":[92.45857344270479,46.988217878731184]},"properties":{"kind":"state_label","name":"Hovd","country":"Mongolia","labelrank":4}},{"type":"Feature","geometry":{"type":"Point","coordinates":[113.90356977792285,46.274953922056476]},"properties":{"kind":"state_label","name":"S\u00fchbaatar","country":"Mongolia","labelrank":4}},{"type":"Feature","geometry":{"type":"Point","coordinates":[109.82501739428727,44.70506266668563]},"properties":{"kind":"state_label","name":"Dornogovi","country":"Mongolia","labelrank":4}},{"type":"Feature","geometry":{"type":"Point","coordinates":[95.77756462255925,45.24979685837429]},"properties":{"kind":"state_label","name":"Govi-Altay","country":"Mongolia","labelrank":4}},{"type":"Feature","geometry":{"type":"Point","coordinates":[100.73491621291285,37.69070151576233]},"properties":{"kind":"state_label","name":"Gansu","country":"China","labelrank":2}},{"type":"Feature","geometry":{"type":"Point","coordinates":[99.69554813019201,45.14924744024287]},"properties":{"kind":"state_label","name":"Bayanhongor","country":"Mongolia","labelrank":6}},{"type":"Feature","geometry":{"type":"Point","coordinates":[103.76181155775714,43.38724904687923]},"properties":{"kind":"state_label","name":"\u00d6mn\u00f6govi","country":"Mongolia","labelrank":4}},{"type":"Feature","geometry":{"type":"Point","coordinates":[86.9370504090491,50.86940216451759]},"properties":{"kind":"state_label","name":"Gorno-Altay","country":"Russia","labelrank":7}},{"type":"Feature","geometry":{"type":"Point","coordinates":[13.459726192936387,50.91544586490229]},"properties":{"kind":"state_label","name":"Sachsen","country":"Germany","labelrank":3}},{"type":"Feature","geometry":{"type":"Point","coordinates":[11.396725500994222,48.91698903736357]},"properties":{"kind":"state_label","name":"Bayern","country":"Germany","labelrank":3}},{"type":"Feature","geometry":{"type":"Point","coordinates":[29.419294674325045,57.29607624962487]},"properties":{"kind":"state_label","name":"Pskov","country":"Russia","labelrank":6}},{"type":"Feature","geometry":{"type":"Point","coordinates":[25.31628890000006,67.83361399444928]},"properties":{"kind":"state_label","name":"Lapland","country":"Finland","labelrank":5}},{"type":"Feature","geometry":{"type":"Point","coordinates":[7.300489742968253,49.945477860670756]},"properties":{"kind":"state_label","name":"Rheinland-Pfalz","country":"Germany","labelrank":3}},{"type":"Feature","geometry":{"type":"Point","coordinates":[6.866433550165766,49.367245791864526]},"properties":{"kind":"state_label","name":"Saarland","country":"Germany","labelrank":3}},{"type":"Feature","geometry":{"type":"Point","coordinates":[3.1368201081441613,50.52829276500609]},"properties":{"kind":"state_label","name":"Nord","country":"France","labelrank":3}},{"type":"Feature","geometry":{"type":"Point","coordinates":[4.712522419673903,49.698173584342236]},"properties":{"kind":"state_label","name":"Ardennes","country":"France","labelrank":3}},{"type":"Feature","geometry":{"type":"Point","coordinates":[3.6072360077855024,49.45352216531566]},"properties":{"kind":"state_label","name":"Aisne","country":"France","labelrank":3}},{"type":"Feature","geometry":{"type":"Point","coordinates":[5.378243155547182,49.01034070845689]},"properties":{"kind":"state_label","name":"Meuse","country":"France","labelrank":3}},{"type":"Feature","geometry":{"type":"Point","coordinates":[6.276386500686442,48.953462264474275]},"properties":{"kind":"state_label","name":"Meurthe-et-Moselle","country":"France","labelrank":3}},{"type":"Feature","geometry":{"type":"Point","coordinates":[39.153346184502425,45.125972212745225]},"properties":{"kind":"state_label","name":"Krasnodar","country":"Russia","labelrank":6}},{"type":"Feature","geometry":{"type":"Point","coordinates":[41.686589860883345,43.837660830864046]},"properties":{"kind":"state_label","name":"Karachay-Cherkess","country":"Russia","labelrank":2}},{"type":"Feature","geometry":{"type":"Point","coordinates":[43.39813085640387,43.442718677774735]},"properties":{"kind":"state_label","name":"Kabardin-Balkar","country":"Russia","labelrank":2}},{"type":"Feature","geometry":{"type":"Point","coordinates":[44.165273215086785,43.19148580312481]},"properties":{"kind":"state_label","name":"North Ossetia","country":"Russia","labelrank":2}},{"type":"Feature","geometry":{"type":"Point","coordinates":[44.83884484256541,43.11474630105041]},"properties":{"kind":"state_label","name":"Ingush","country":"Russia","labelrank":2}},{"type":"Feature","geometry":{"type":"Point","coordinates":[45.75703169155929,43.24292079784596]},"properties":{"kind":"state_label","name":"Chechnya","country":"Russia","labelrank":2}},{"type":"Feature","geometry":{"type":"Point","coordinates":[46.8419639418407,43.09659495376497]},"properties":{"kind":"state_label","name":"Dagestan","country":"Russia","labelrank":2}},{"type":"Feature","geometry":{"type":"Point","coordinates":[6.784515619600143,49.0114251176388]},"properties":{"kind":"state_label","name":"Moselle","country":"France","labelrank":3}},{"type":"Feature","geometry":{"type":"Point","coordinates":[-5.340964560499913,35.88676585500005]},"properties":{"kind":"state_label","name":"Ceuta","country":"Spain","labelrank":9}},{"type":"Feature","geometry":{"type":"Point","coordinates":[-5.356713557186357,35.320598190784125]},"properties":{"kind":"state_label","name":"Tanger - T\u00e9touan","country":"Morocco","labelrank":5}},{"type":"Feature","geometry":{"type":"Point","coordinates":[101.85660444859087,25.179122725058342]},"properties":{"kind":"state_label","name":"Yunnan","country":"China","labelrank":2}},{"type":"Feature","geometry":{"type":"Point","coordinates":[77.94731449047654,42.047547485641296]},"properties":{"kind":"state_label","name":"Ysyk-K\u00f6l","country":"Kyrgyzstan","labelrank":5}},{"type":"Feature","geometry":{"type":"Point","coordinates":[75.97671493544587,41.3757439207589]},"properties":{"kind":"state_label","name":"Naryn","country":"Kyrgyzstan","labelrank":7}},{"type":"Feature","geometry":{"type":"Point","coordinates":[73.17711429850007,40.164474185476074]},"properties":{"kind":"state_label","name":"Osh","country":"Kyrgyzstan","labelrank":7}},{"type":"Feature","geometry":{"type":"Point","coordinates":[72.4889274498419,44.14721343040546]},"properties":{"kind":"state_label","name":"Zhambyl","country":"Kazakhstan","labelrank":4}},{"type":"Feature","geometry":{"type":"Point","coordinates":[75.14562544091132,42.563035790229314]},"properties":{"kind":"state_label","name":"Chuy","country":"Kyrgyzstan","labelrank":5}},{"type":"Feature","geometry":{"type":"Point","coordinates":[72.27277713728094,42.446931766156716]},"properties":{"kind":"state_label","name":"Talas","country":"Kyrgyzstan","labelrank":7}},{"type":"Feature","geometry":{"type":"Point","coordinates":[68.47714278100005,43.27115794187022]},"properties":{"kind":"state_label","name":"South Kazakhstan","country":"Kazakhstan","labelrank":4}},{"type":"Feature","geometry":{"type":"Point","coordinates":[-61.84302883271502,1.924456891892234]},"properties":{"kind":"state_label","name":"Roraima","country":"Brazil","labelrank":2}},{"type":"Feature","geometry":{"type":"Point","coordinates":[-52.518355657104536,-3.6174969253551694]},"properties":{"kind":"state_label","name":"Par\u00e1","country":"Brazil","labelrank":2}},{"type":"Feature","geometry":{"type":"Point","coordinates":[9.59705651100009,54.214604600382074]},"properties":{"kind":"state_label","name":"Schleswig-Holstein","country":"Germany","labelrank":3}},{"type":"Feature","geometry":{"type":"Point","coordinates":[-70.53402289210987,-11.65131094040467]},"properties":{"kind":"state_label","name":"Madre de Dios","country":"Peru","labelrank":4}},{"type":"Feature","geometry":{"type":"Point","coordinates":[-70.33369960549992,-9.129503458499912]},"properties":{"kind":"state_label","name":"Acre","country":"Brazil","labelrank":2}},{"type":"Feature","geometry":{"type":"Point","coordinates":[10.62478295569936,30.47343549505141]},"properties":{"kind":"state_label","name":"Ghadamis","country":"Libya","labelrank":4}},{"type":"Feature","geometry":{"type":"Point","coordinates":[12.01120935439315,32.74347699027276]},"properties":{"kind":"state_label","name":"An Nuqat al Khams","country":"Libya","labelrank":4}},{"type":"Feature","geometry":{"type":"Point","coordinates":[72.45064741715433,41.51232473124744]},"properties":{"kind":"state_label","name":"Jalal-Abad","country":"Kyrgyzstan","labelrank":5}},{"type":"Feature","geometry":{"type":"Point","coordinates":[69.95136258784643,41.23634714800002]},"properties":{"kind":"state_label","name":"Tashkent","country":"Uzbekistan","labelrank":7}},{"type":"Feature","geometry":{"type":"Point","coordinates":[71.29633396374138,41.083410343210424]},"properties":{"kind":"state_label","name":"Namangan","country":"Uzbekistan","labelrank":7}},{"type":"Feature","geometry":{"type":"Point","coordinates":[72.36522627462506,40.729246318500046]},"properties":{"kind":"state_label","name":"Andijon","country":"Uzbekistan","labelrank":7}},{"type":"Feature","geometry":{"type":"Point","coordinates":[70.8882621631457,39.85325327550008]},"properties":{"kind":"state_label","name":"Batken","country":"Kyrgyzstan","labelrank":5}},{"type":"Feature","geometry":{"type":"Point","coordinates":[18.99235414620634,50.21196167374051]},"properties":{"kind":"state_label","name":"Silesian","country":"Poland","labelrank":5}},{"type":"Feature","geometry":{"type":"Point","coordinates":[20.313387548541584,49.82884552370064]},"properties":{"kind":"state_label","name":"Lesser Poland","country":"Poland","labelrank":5}},{"type":"Feature","geometry":{"type":"Point","coordinates":[22.43439182045742,49.91188955077403]},"properties":{"kind":"state_label","name":"Subcarpathian","country":"Poland","labelrank":5}},{"type":"Feature","geometry":{"type":"Point","coordinates":[16.26441287921952,50.93145264037634]},"properties":{"kind":"state_label","name":"Lower Silesian","country":"Poland","labelrank":5}},{"type":"Feature","geometry":{"type":"Point","coordinates":[17.79982073144157,50.56004120223563]},"properties":{"kind":"state_label","name":"Opole","country":"Poland","labelrank":7}},{"type":"Feature","geometry":{"type":"Point","coordinates":[70.13315148500004,38.75732493450253]},"properties":{"kind":"state_label","name":"Tadzhikistan Territories","country":"Tajikistan","labelrank":5}},{"type":"Feature","geometry":{"type":"Point","coordinates":[72.7189772919076,38.07302602150007]},"properties":{"kind":"state_label","name":"Gorno-Badakhshan","country":"Tajikistan","labelrank":5}},{"type":"Feature","geometry":{"type":"Point","coordinates":[31.72372765783811,-11.284762671260268]},"properties":{"kind":"state_label","name":"Muchinga","country":"Zambia","labelrank":4}},{"type":"Feature","geometry":{"type":"Point","coordinates":[31.76067630691449,-13.31299596572542]},"properties":{"kind":"state_label","name":"Eastern","country":"Zambia","labelrank":4}},{"type":"Feature","geometry":{"type":"Point","coordinates":[23.38697554203044,48.49127899200005]},"properties":{"kind":"state_label","name":"Transcarpathia","country":"Ukraine","labelrank":5}},{"type":"Feature","geometry":{"type":"Point","coordinates":[23.576731400981174,12.126702375863943]},"properties":{"kind":"state_label","name":"Central Darfur","country":"Sudan","labelrank":3}},{"type":"Feature","geometry":{"type":"Point","coordinates":[24.424564033703177,10.890537519455336]},"properties":{"kind":"state_label","name":"Southern Darfur","country":"Sudan","labelrank":3}},{"type":"Feature","geometry":{"type":"Point","coordinates":[26.380565426556416,8.525957781276588]},"properties":{"kind":"state_label","name":"Western Bahr el Ghazal","country":"S. Sudan","labelrank":3}},{"type":"Feature","geometry":{"type":"Point","coordinates":[28.617043901609804,5.545902510230448]},"properties":{"kind":"state_label","name":"Western Equatoria","country":"S. Sudan","labelrank":3}},{"type":"Feature","geometry":{"type":"Point","coordinates":[26.78519189170933,1.6322008292642636]},"properties":{"kind":"state_label","name":"Orientale","country":"Democratic Republic of the Congo","labelrank":6}},{"type":"Feature","geometry":{"type":"Point","coordinates":[31.055448036109908,4.842276208037781]},"properties":{"kind":"state_label","name":"Central Equatoria","country":"S. Sudan","labelrank":3}},{"type":"Feature","geometry":{"type":"Point","coordinates":[41.02383182446411,11.654444380167227]},"properties":{"kind":"state_label","name":"Afar","country":"Ethiopia","labelrank":3}},{"type":"Feature","geometry":{"type":"Point","coordinates":[28.116066728292083,-3.3333104389755874]},"properties":{"kind":"state_label","name":"Sud-Kivu","country":"Democratic Republic of the Congo","labelrank":6}},{"type":"Feature","geometry":{"type":"Point","coordinates":[30.405978634317876,-4.820864866622507]},"properties":{"kind":"state_label","name":"Kigoma","country":"United Republic of Tanzania","labelrank":7}},{"type":"Feature","geometry":{"type":"Point","coordinates":[26.2515806480001,-9.22915170949993]},"properties":{"kind":"state_label","name":"Katanga","country":"Democratic Republic of the Congo","labelrank":6}},{"type":"Feature","geometry":{"type":"Point","coordinates":[31.353082013718023,-6.488750908827399]},"properties":{"kind":"state_label","name":"Katavi","country":"United Republic of Tanzania","labelrank":5}},{"type":"Feature","geometry":{"type":"Point","coordinates":[31.522267086257017,-7.987009354975825]},"properties":{"kind":"state_label","name":"Rukwa","country":"United Republic of Tanzania","labelrank":5}},{"type":"Feature","geometry":{"type":"Point","coordinates":[43.22834842602413,37.03400635100005]},"properties":{"kind":"state_label","name":"Dihok","country":"Iraq","labelrank":5}},{"type":"Feature","geometry":{"type":"Point","coordinates":[44.18087426450006,36.36987787450007]},"properties":{"kind":"state_label","name":"Arbil","country":"Iraq","labelrank":5}},{"type":"Feature","geometry":{"type":"Point","coordinates":[7.350769799320986,45.72520261050006]},"properties":{"kind":"state_label","name":"Aoste","country":"Italy","labelrank":3}},{"type":"Feature","geometry":{"type":"Point","coordinates":[8.291923032734019,46.110750728001356]},"properties":{"kind":"state_label","name":"Verbano-Cusio-Ossola","country":"Italy","labelrank":3}},{"type":"Feature","geometry":{"type":"Point","coordinates":[8.814536011627638,45.83250851330723]},"properties":{"kind":"state_label","name":"Varese","country":"Italy","labelrank":3}},{"type":"Feature","geometry":{"type":"Point","coordinates":[9.170438124819611,45.941857602946016]},"properties":{"kind":"state_label","name":"Como","country":"Italy","labelrank":3}},{"type":"Feature","geometry":{"type":"Point","coordinates":[9.93205436446732,46.31920135535183]},"properties":{"kind":"state_label","name":"Sondrio","country":"Italy","labelrank":3}},{"type":"Feature","geometry":{"type":"Point","coordinates":[11.419398570635366,46.654554040679606]},"properties":{"kind":"state_label","name":"Bozen","country":"Italy","labelrank":3}},{"type":"Feature","geometry":{"type":"Point","coordinates":[45.67359968758319,37.87420094850006]},"properties":{"kind":"state_label","name":"West Azarbaijan","country":"Iran","labelrank":4}},{"type":"Feature","geometry":{"type":"Point","coordinates":[22.722726681701943,53.34124095068017]},"properties":{"kind":"state_label","name":"Podlachian","country":"Poland","labelrank":5}},{"type":"Feature","geometry":{"type":"Point","coordinates":[20.97110273620231,53.76369883200352]},"properties":{"kind":"state_label","name":"Warmian-Masurian","country":"Poland","labelrank":5}},{"type":"Feature","geometry":{"type":"Point","coordinates":[30.70680243993064,-9.847925309210517]},"properties":{"kind":"state_label","name":"Northern","country":"Zambia","labelrank":4}},{"type":"Feature","geometry":{"type":"Point","coordinates":[9.120427890035955,52.59147207296286]},"properties":{"kind":"state_label","name":"Niedersachsen","country":"Germany","labelrank":3}},{"type":"Feature","geometry":{"type":"Point","coordinates":[7.657315508047802,51.42363225516666]},"properties":{"kind":"state_label","name":"Nordrhein-Westfalen","country":"Germany","labelrank":3}},{"type":"Feature","geometry":{"type":"Point","coordinates":[7.804047252883208,43.9642043742075]},"properties":{"kind":"state_label","name":"Imperia","country":"Italy","labelrank":3}},{"type":"Feature","geometry":{"type":"Point","coordinates":[7.1641494943633575,43.91748432424571]},"properties":{"kind":"state_label","name":"Alpes-Maritimes","country":"France","labelrank":3}},{"type":"Feature","geometry":{"type":"Point","coordinates":[7.550797068128972,44.4729909696575]},"properties":{"kind":"state_label","name":"Cuneo","country":"Italy","labelrank":3}},{"type":"Feature","geometry":{"type":"Point","coordinates":[6.2240884385537925,44.166252676619706]},"properties":{"kind":"state_label","name":"Alpes-de-Haute-Provence","country":"France","labelrank":3}},{"type":"Feature","geometry":{"type":"Point","coordinates":[6.240940649669085,44.6567318215663]},"properties":{"kind":"state_label","name":"Hautes-Alpes","country":"France","labelrank":3}},{"type":"Feature","geometry":{"type":"Point","coordinates":[7.377317451758017,45.157406377208545]},"properties":{"kind":"state_label","name":"Turin","country":"Italy","labelrank":3}},{"type":"Feature","geometry":{"type":"Point","coordinates":[6.380582173916821,45.49617578813209]},"properties":{"kind":"state_label","name":"Savoie","country":"France","labelrank":3}},{"type":"Feature","geometry":{"type":"Point","coordinates":[6.423146875197119,46.070467828918034]},"properties":{"kind":"state_label","name":"Haute-Savoie","country":"France","labelrank":3}},{"type":"Feature","geometry":{"type":"Point","coordinates":[34.90031294350007,73.11493561400007]},"properties":{"kind":"state_label","name":"Murmansk","country":"Russia","labelrank":6}},{"type":"Feature","geometry":{"type":"Point","coordinates":[33.60973847150325,63.66492564570197]},"properties":{"kind":"state_label","name":"Karelia","country":"Russia","labelrank":2}},{"type":"Feature","geometry":{"type":"Point","coordinates":[26.911376175915734,64.95732737905527]},"properties":{"kind":"state_label","name":"Northern Ostrobothnia","country":"Finland","labelrank":5}},{"type":"Feature","geometry":{"type":"Point","coordinates":[28.44121484064914,64.60135427517963]},"properties":{"kind":"state_label","name":"Kainuu","country":"Finland","labelrank":5}},{"type":"Feature","geometry":{"type":"Point","coordinates":[29.963964270862164,62.803750820943606]},"properties":{"kind":"state_label","name":"North Karelia","country":"Finland","labelrank":5}},{"type":"Feature","geometry":{"type":"Point","coordinates":[28.557081722194965,61.25751209370813]},"properties":{"kind":"state_label","name":"South Karelia","country":"Finland","labelrank":5}},{"type":"Feature","geometry":{"type":"Point","coordinates":[31.318157789322584,59.88066050927506]},"properties":{"kind":"state_label","name":"Leningrad","country":"Russia","labelrank":2}},{"type":"Feature","geometry":{"type":"Point","coordinates":[27.023282254922094,60.832569484889234]},"properties":{"kind":"state_label","name":"Kymenlaakso","country":"Finland","labelrank":5}},{"type":"Feature","geometry":{"type":"Point","coordinates":[-52.33548115128005,1.6109602518716315]},"properties":{"kind":"state_label","name":"Amap\u00e1","country":"Brazil","labelrank":2}},{"type":"Feature","geometry":{"type":"Point","coordinates":[-10.19809332590178,13.79412038250009]},"properties":{"kind":"state_label","name":"Kayes","country":"Mali","labelrank":6}},{"type":"Feature","geometry":{"type":"Point","coordinates":[4.746873002847835,11.663719895906468]},"properties":{"kind":"state_label","name":"Kebbi","country":"Nigeria","labelrank":3}},{"type":"Feature","geometry":{"type":"Point","coordinates":[5.4552535368553805,9.776793728297918]},"properties":{"kind":"state_label","name":"Niger","country":"Nigeria","labelrank":3}},{"type":"Feature","geometry":{"type":"Point","coordinates":[4.469370561377261,9.058814297192072]},"properties":{"kind":"state_label","name":"Kwara","country":"Nigeria","labelrank":3}},{"type":"Feature","geometry":{"type":"Point","coordinates":[3.633345438342616,7.137407029660693]},"properties":{"kind":"state_label","name":"Ogun","country":"Nigeria","labelrank":3}},{"type":"Feature","geometry":{"type":"Point","coordinates":[3.617071163482535,8.111081448150287]},"properties":{"kind":"state_label","name":"Oyo","country":"Nigeria","labelrank":3}},{"type":"Feature","geometry":{"type":"Point","coordinates":[3.5250853345197584,6.536542426683823]},"properties":{"kind":"state_label","name":"Lagos","country":"Nigeria","labelrank":7}},{"type":"Feature","geometry":{"type":"Point","coordinates":[12.541655265500054,-5.077322689999946]},"properties":{"kind":"state_label","name":"Cabinda","country":"Angola","labelrank":7}},{"type":"Feature","geometry":{"type":"Point","coordinates":[11.948335993911334,-4.264462278999922]},"properties":{"kind":"state_label","name":"Kouilou","country":"Republic of the Congo","labelrank":6}},{"type":"Feature","geometry":{"type":"Point","coordinates":[50.28812422329315,23.09442409285348]},"properties":{"kind":"state_label","name":"Ash Sharqiyah","country":"Saudi Arabia","labelrank":4}},{"type":"Feature","geometry":{"type":"Point","coordinates":[23.471264797993285,-19.390882869999935]},"properties":{"kind":"state_label","name":"North-West","country":"Botswana","labelrank":4}},{"type":"Feature","geometry":{"type":"Point","coordinates":[27.221651038458077,-18.601222976881566]},"properties":{"kind":"state_label","name":"Matabeleland North","country":"Zimbabwe","labelrank":5}},{"type":"Feature","geometry":{"type":"Point","coordinates":[26.614556311299964,-21.47390858336442]},"properties":{"kind":"state_label","name":"Central","country":"Botswana","labelrank":4}},{"type":"Feature","geometry":{"type":"Point","coordinates":[28.887108967954475,-20.916086931268808]},"properties":{"kind":"state_label","name":"Matabeleland South","country":"Zimbabwe","labelrank":5}},{"type":"Feature","geometry":{"type":"Point","coordinates":[27.602830536104022,-21.0124630734999]},"properties":{"kind":"state_label","name":"North-East","country":"Botswana","labelrank":4}},{"type":"Feature","geometry":{"type":"Point","coordinates":[74.78228763840346,35.775724386000036]},"properties":{"kind":"state_label","name":"Northern Areas","country":"Pakistan","labelrank":3}},{"type":"Feature","geometry":{"type":"Point","coordinates":[-2.939916344999915,35.29882680600007]},"properties":{"kind":"state_label","name":"Melilla","country":"Spain","labelrank":9}},{"type":"Feature","geometry":{"type":"Point","coordinates":[-2.51559068111564,33.58949199535755]},"properties":{"kind":"state_label","name":"Oriental","country":"Morocco","labelrank":5}},{"type":"Feature","geometry":{"type":"Point","coordinates":[88.44849676433972,27.59559021351034]},"properties":{"kind":"state_label","name":"Sikkim","country":"India","labelrank":2}},{"type":"Feature","geometry":{"type":"Point","coordinates":[87.855443963618,24.386374708903162]},"properties":{"kind":"state_label","name":"West Bengal","country":"India","labelrank":2}},{"type":"Feature","geometry":{"type":"Point","coordinates":[92.83382185604859,26.06054138827443]},"properties":{"kind":"state_label","name":"Assam","country":"India","labelrank":2}},{"type":"Feature","geometry":{"type":"Point","coordinates":[12.428037128200344,43.9546350717612]},"properties":{"kind":"state_label","name":"Rimini","country":"Italy","labelrank":3}},{"type":"Feature","geometry":{"type":"Point","coordinates":[12.685348800880071,43.70063522806694]},"properties":{"kind":"state_label","name":"Pesaro e Urbino","country":"Italy","labelrank":3}},{"type":"Feature","geometry":{"type":"Point","coordinates":[14.504660337956949,13.759046600220415]},"properties":{"kind":"state_label","name":"Lac","country":"Chad","labelrank":4}},{"type":"Feature","geometry":{"type":"Point","coordinates":[13.153543331345688,11.875219018288242]},"properties":{"kind":"state_label","name":"Borno","country":"Nigeria","labelrank":3}},{"type":"Feature","geometry":{"type":"Point","coordinates":[47.56036177650009,30.20165850424801]},"properties":{"kind":"state_label","name":"Al-Basrah","country":"Iraq","labelrank":5}},{"type":"Feature","geometry":{"type":"Point","coordinates":[45.284393990626285,30.396388248119415]},"properties":{"kind":"state_label","name":"Al-Muthannia","country":"Iraq","labelrank":5}},{"type":"Feature","geometry":{"type":"Point","coordinates":[122.04887983850006,-9.49610767999991]},"properties":{"kind":"state_label","name":"Nusa Tenggara Timur","country":"Indonesia","labelrank":2}},{"type":"Feature","geometry":{"type":"Point","coordinates":[111.44309126133695,-0.4987525369999162]},"properties":{"kind":"state_label","name":"Kalimantan Barat","country":"Indonesia","labelrank":2}},{"type":"Feature","geometry":{"type":"Point","coordinates":[12.221242684152514,46.27818462507037]},"properties":{"kind":"state_label","name":"Belluno","country":"Italy","labelrank":3}},{"type":"Feature","geometry":{"type":"Point","coordinates":[13.100573484082432,46.146660769179135]},"properties":{"kind":"state_label","name":"Udine","country":"Italy","labelrank":3}},{"type":"Feature","geometry":{"type":"Point","coordinates":[-3.294686249499904,20.025841875375143]},"properties":{"kind":"state_label","name":"Timbuktu","country":"Mali","labelrank":4}},{"type":"Feature","geometry":{"type":"Point","coordinates":[13.499768103500088,45.84091685300009]},"properties":{"kind":"state_label","name":"Gorizia","country":"Italy","labelrank":3}},{"type":"Feature","geometry":{"type":"Point","coordinates":[13.739006718452394,45.693866188008144]},"properties":{"kind":"state_label","name":"Trieste","country":"Italy","labelrank":3}},{"type":"Feature","geometry":{"type":"Point","coordinates":[32.52277449195702,-25.535753271882598]},"properties":{"kind":"state_label","name":"Maputo","country":"Mozambique","labelrank":7}},{"type":"Feature","geometry":{"type":"Point","coordinates":[91.62099145200006,22.497570807014966]},"properties":{"kind":"state_label","name":"Chittagong","country":"Bangladesh","labelrank":7}},{"type":"Feature","geometry":{"type":"Point","coordinates":[-0.8869702193585027,43.18234950282777]},"properties":{"kind":"state_label","name":"Pyr\u00e9n\u00e9es-Atlantiques","country":"France","labelrank":3}},{"type":"Feature","geometry":{"type":"Point","coordinates":[-1.6197885065069642,42.60689616215152]},"properties":{"kind":"state_label","name":"Navarra","country":"Spain","labelrank":3}},{"type":"Feature","geometry":{"type":"Point","coordinates":[-2.176274573337821,43.1475780297626]},"properties":{"kind":"state_label","name":"Gipuzkoa","country":"Spain","labelrank":3}},{"type":"Feature","geometry":{"type":"Point","coordinates":[-0.07757265750217357,42.134828154805525]},"properties":{"kind":"state_label","name":"Huesca","country":"Spain","labelrank":3}},{"type":"Feature","geometry":{"type":"Point","coordinates":[1.2473836229058577,43.30140000535065]},"properties":{"kind":"state_label","name":"Haute-Garonne","country":"France","labelrank":3}},{"type":"Feature","geometry":{"type":"Point","coordinates":[1.0833718120594824,42.03970856086924]},"properties":{"kind":"state_label","name":"L\u00e9rida","country":"Spain","labelrank":3}},{"type":"Feature","geometry":{"type":"Point","coordinates":[0.1639228882307009,43.14021968106662]},"properties":{"kind":"state_label","name":"Hautes-Pyr\u00e9n\u00e9es","country":"France","labelrank":3}},{"type":"Feature","geometry":{"type":"Point","coordinates":[1.5006184959468385,42.938043170298876]},"properties":{"kind":"state_label","name":"Ari\u00e8ge","country":"France","labelrank":3}},{"type":"Feature","geometry":{"type":"Point","coordinates":[2.4442881640000564,42.61973036949606]},"properties":{"kind":"state_label","name":"Pyr\u00e9n\u00e9es-Orientales","country":"France","labelrank":3}},{"type":"Feature","geometry":{"type":"Point","coordinates":[2.514946529472496,42.06964726046269]},"properties":{"kind":"state_label","name":"Gerona","country":"Spain","labelrank":3}},{"type":"Feature","geometry":{"type":"Point","coordinates":[72.44542809740543,36.95804199603838]},"properties":{"kind":"state_label","name":"Badakhshan","country":"Afghanistan","labelrank":5}},{"type":"Feature","geometry":{"type":"Point","coordinates":[79.28431298563859,30.09726808285575]},"properties":{"kind":"state_label","name":"Uttarakhand","country":"India","labelrank":2}},{"type":"Feature","geometry":{"type":"Point","coordinates":[-77.93258091087014,1.510765994500069]},"properties":{"kind":"state_label","name":"Nari\u00f1o","country":"Colombia","labelrank":5}},{"type":"Feature","geometry":{"type":"Point","coordinates":[-75.5513518950739,0.4369927276322585]},"properties":{"kind":"state_label","name":"Putumayo","country":"Colombia","labelrank":5}},{"type":"Feature","geometry":{"type":"Point","coordinates":[-63.80020910941546,-21.881686906803687]},"properties":{"kind":"state_label","name":"Tarija","country":"Bolivia","labelrank":7}},{"type":"Feature","geometry":{"type":"Point","coordinates":[-60.9772806435316,-21.969612413264834]},"properties":{"kind":"state_label","name":"Boquer\u00f3n","country":"Paraguay","labelrank":5}},{"type":"Feature","geometry":{"type":"Point","coordinates":[-59.949139156499925,-24.679036328763274]},"properties":{"kind":"state_label","name":"Formosa","country":"Argentina","labelrank":6}},{"type":"Feature","geometry":{"type":"Point","coordinates":[-58.9416680567854,-23.686437755040835]},"properties":{"kind":"state_label","name":"Presidente Hayes","country":"Paraguay","labelrank":5}},{"type":"Feature","geometry":{"type":"Point","coordinates":[-57.49118852050667,-25.55903390858802]},"properties":{"kind":"state_label","name":"Central","country":"Paraguay","labelrank":5}},{"type":"Feature","geometry":{"type":"Point","coordinates":[-57.60556466046633,-25.318896441826087]},"properties":{"kind":"state_label","name":"Asunci\u00f3n","country":"Paraguay","labelrank":5}},{"type":"Feature","geometry":{"type":"Point","coordinates":[-54.94236229868113,-25.353180840740137]},"properties":{"kind":"state_label","name":"Alto Paran\u00e1","country":"Paraguay","labelrank":5}},{"type":"Feature","geometry":{"type":"Point","coordinates":[-54.84030381636802,-26.821152445499905]},"properties":{"kind":"state_label","name":"Misiones","country":"Argentina","labelrank":3}},{"type":"Feature","geometry":{"type":"Point","coordinates":[-55.676958173899095,-26.83221160580569]},"properties":{"kind":"state_label","name":"Itap\u00faa","country":"Paraguay","labelrank":5}},{"type":"Feature","geometry":{"type":"Point","coordinates":[-57.92715674145657,-26.61789877975488]},"properties":{"kind":"state_label","name":"\u00d1eembuc\u00fa","country":"Paraguay","labelrank":5}},{"type":"Feature","geometry":{"type":"Point","coordinates":[-60.874927185583374,-26.06166472719542]},"properties":{"kind":"state_label","name":"Chaco","country":"Argentina","labelrank":3}},{"type":"Feature","geometry":{"type":"Point","coordinates":[-57.64791405513952,-29.00218718449993]},"properties":{"kind":"state_label","name":"Corrientes","country":"Argentina","labelrank":6}},{"type":"Feature","geometry":{"type":"Point","coordinates":[-57.118730231514974,-26.95478810239753]},"properties":{"kind":"state_label","name":"Misiones","country":"Paraguay","labelrank":5}},{"type":"Feature","geometry":{"type":"Point","coordinates":[-61.13670243700243,-16.969842017643373]},"properties":{"kind":"state_label","name":"Santa Cruz","country":"Bolivia","labelrank":6}},{"type":"Feature","geometry":{"type":"Point","coordinates":[-54.549882267179626,-20.618832197647805]},"properties":{"kind":"state_label","name":"Mato Grosso do Sul","country":"Brazil","labelrank":2}},{"type":"Feature","geometry":{"type":"Point","coordinates":[-59.870383388701086,-20.85487619686294]},"properties":{"kind":"state_label","name":"Alto Paraguay","country":"Paraguay","labelrank":5}},{"type":"Feature","geometry":{"type":"Point","coordinates":[-57.05428971994462,-22.792907514124067]},"properties":{"kind":"state_label","name":"Concepci\u00f3n","country":"Paraguay","labelrank":5}},{"type":"Feature","geometry":{"type":"Point","coordinates":[-56.17836208149991,-22.969760026737518]},"properties":{"kind":"state_label","name":"Amambay","country":"Paraguay","labelrank":5}},{"type":"Feature","geometry":{"type":"Point","coordinates":[-55.201896732201575,-24.156558582568813]},"properties":{"kind":"state_label","name":"Canindey\u00fa","country":"Paraguay","labelrank":5}},{"type":"Feature","geometry":{"type":"Point","coordinates":[-51.32246944569103,-24.613251844646896]},"properties":{"kind":"state_label","name":"Paran\u00e1","country":"Brazil","labelrank":2}},{"type":"Feature","geometry":{"type":"Point","coordinates":[-51.10965735219543,-27.663453260609487]},"properties":{"kind":"state_label","name":"Santa Catarina","country":"Brazil","labelrank":2}},{"type":"Feature","geometry":{"type":"Point","coordinates":[9.003486569022556,48.6641672234386]},"properties":{"kind":"state_label","name":"Baden-W\u00fcrttemberg","country":"Germany","labelrank":3}},{"type":"Feature","geometry":{"type":"Point","coordinates":[7.588688888974602,48.59351792727277]},"properties":{"kind":"state_label","name":"Bas-Rhin","country":"France","labelrank":3}},{"type":"Feature","geometry":{"type":"Point","coordinates":[7.2450194535439465,47.86010207422502]},"properties":{"kind":"state_label","name":"Haute-Rhin","country":"France","labelrank":3}},{"type":"Feature","geometry":{"type":"Point","coordinates":[6.955286672891646,47.62550486834404]},"properties":{"kind":"state_label","name":"Territoire de Belfort","country":"France","labelrank":3}},{"type":"Feature","geometry":{"type":"Point","coordinates":[6.371569317638773,47.060225345911505]},"properties":{"kind":"state_label","name":"Doubs","country":"France","labelrank":3}},{"type":"Feature","geometry":{"type":"Point","coordinates":[5.441569095877597,46.07748382876565]},"properties":{"kind":"state_label","name":"Ain","country":"France","labelrank":3}},{"type":"Feature","geometry":{"type":"Point","coordinates":[5.728399419247808,46.77645053016781]},"properties":{"kind":"state_label","name":"Jura","country":"France","labelrank":3}},{"type":"Feature","geometry":{"type":"Point","coordinates":[-6.008801232132157,38.694395555510454]},"properties":{"kind":"state_label","name":"Badajoz","country":"Spain","labelrank":3}},{"type":"Feature","geometry":{"type":"Point","coordinates":[15.455470008515675,52.25323810605841]},"properties":{"kind":"state_label","name":"Lubusz","country":"Poland","labelrank":5}},{"type":"Feature","geometry":{"type":"Point","coordinates":[13.017746686153458,52.44589423338215]},"properties":{"kind":"state_label","name":"Brandenburg","country":"Germany","labelrank":3}},{"type":"Feature","geometry":{"type":"Point","coordinates":[15.59081058405782,53.586579867633965]},"properties":{"kind":"state_label","name":"West Pomeranian","country":"Poland","labelrank":5}},{"type":"Feature","geometry":{"type":"Point","coordinates":[12.496252627856478,53.89833143443866]},"properties":{"kind":"state_label","name":"Mecklenburg-Vorpommern","country":"Germany","labelrank":3}},{"type":"Feature","geometry":{"type":"Point","coordinates":[26.215691769604632,48.19602601405767]},"properties":{"kind":"state_label","name":"Chernivtsi","country":"Ukraine","labelrank":7}},{"type":"Feature","geometry":{"type":"Point","coordinates":[24.589564040298228,48.61736908298095]},"properties":{"kind":"state_label","name":"Ivano-Frankivs'k","country":"Ukraine","labelrank":7}},{"type":"Feature","geometry":{"type":"Point","coordinates":[29.753150265277924,46.71789663375199]},"properties":{"kind":"state_label","name":"Odessa","country":"Ukraine","labelrank":7}},{"type":"Feature","geometry":{"type":"Point","coordinates":[28.723265211620202,48.94095106388588]},"properties":{"kind":"state_label","name":"Vinnytsya","country":"Ukraine","labelrank":7}},{"type":"Feature","geometry":{"type":"Point","coordinates":[22.894550818680912,51.30422018076672]},"properties":{"kind":"state_label","name":"Lublin","country":"Poland","labelrank":7}},{"type":"Feature","geometry":{"type":"Point","coordinates":[24.03740095694633,49.684086514530975]},"properties":{"kind":"state_label","name":"L'viv","country":"Ukraine","labelrank":7}},{"type":"Feature","geometry":{"type":"Point","coordinates":[21.22895002850008,54.816448466500034]},"properties":{"kind":"state_label","name":"Kaliningrad","country":"Russia","labelrank":7}},{"type":"Feature","geometry":{"type":"Point","coordinates":[33.08056990209084,54.74444946971724]},"properties":{"kind":"state_label","name":"Smolensk","country":"Russia","labelrank":6}},{"type":"Feature","geometry":{"type":"Point","coordinates":[30.404273312052027,53.56671773953201]},"properties":{"kind":"state_label","name":"Mogilev","country":"Belarus","labelrank":7}},{"type":"Feature","geometry":{"type":"Point","coordinates":[33.2805060190266,52.92976709637596]},"properties":{"kind":"state_label","name":"Bryansk","country":"Russia","labelrank":7}},{"type":"Feature","geometry":{"type":"Point","coordinates":[34.31586480911841,51.23410858521678]},"properties":{"kind":"state_label","name":"Sumy","country":"Ukraine","labelrank":7}},{"type":"Feature","geometry":{"type":"Point","coordinates":[36.29228600822199,51.66935293229196]},"properties":{"kind":"state_label","name":"Kursk","country":"Russia","labelrank":7}},{"type":"Feature","geometry":{"type":"Point","coordinates":[37.27729048341061,50.612518619223714]},"properties":{"kind":"state_label","name":"Belgorod","country":"Russia","labelrank":7}},{"type":"Feature","geometry":{"type":"Point","coordinates":[36.46116499202074,49.47944824594787]},"properties":{"kind":"state_label","name":"Kharkiv","country":"Ukraine","labelrank":7}},{"type":"Feature","geometry":{"type":"Point","coordinates":[39.003438351378435,48.93715616850004]},"properties":{"kind":"state_label","name":"Luhans'k","country":"Ukraine","labelrank":7}},{"type":"Feature","geometry":{"type":"Point","coordinates":[40.52231245300726,50.823242191343134]},"properties":{"kind":"state_label","name":"Voronezh","country":"Russia","labelrank":6}},{"type":"Feature","geometry":{"type":"Point","coordinates":[41.26154341320307,48.08657420483567]},"properties":{"kind":"state_label","name":"Rostov","country":"Russia","labelrank":6}},{"type":"Feature","geometry":{"type":"Point","coordinates":[37.793331739817916,48.05365275706302]},"properties":{"kind":"state_label","name":"Donets'k","country":"Ukraine","labelrank":7}},{"type":"Feature","geometry":{"type":"Point","coordinates":[46.77231855635628,37.960858467242936]},"properties":{"kind":"state_label","name":"East Azarbaijan","country":"Iran","labelrank":4}},{"type":"Feature","geometry":{"type":"Point","coordinates":[47.72409508691871,38.43106577892731]},"properties":{"kind":"state_label","name":"Ardebil","country":"Iran","labelrank":7}},{"type":"Feature","geometry":{"type":"Point","coordinates":[49.51619741663289,37.50338338609051]},"properties":{"kind":"state_label","name":"Gilan","country":"Iran","labelrank":4}},{"type":"Feature","geometry":{"type":"Point","coordinates":[107.77831058171796,53.605417929244]},"properties":{"kind":"state_label","name":"Buryat","country":"Russia","labelrank":2}},{"type":"Feature","geometry":{"type":"Point","coordinates":[99.82050174336072,50.19517975206045]},"properties":{"kind":"state_label","name":"H\u00f6vsg\u00f6l","country":"Mongolia","labelrank":4}},{"type":"Feature","geometry":{"type":"Point","coordinates":[93.99274376811039,51.72730845517183]},"properties":{"kind":"state_label","name":"Tuva","country":"Russia","labelrank":2}},{"type":"Feature","geometry":{"type":"Point","coordinates":[103.19647138834387,48.82478101675439]},"properties":{"kind":"state_label","name":"Bulgan","country":"Mongolia","labelrank":4}},{"type":"Feature","geometry":{"type":"Point","coordinates":[92.84339257056064,49.63296600767551]},"properties":{"kind":"state_label","name":"Uvs","country":"Mongolia","labelrank":4}},{"type":"Feature","geometry":{"type":"Point","coordinates":[106.45964678482122,49.490597436065066]},"properties":{"kind":"state_label","name":"Selenge","country":"Mongolia","labelrank":4}},{"type":"Feature","geometry":{"type":"Point","coordinates":[114.94187179169981,53.77116302852324]},"properties":{"kind":"state_label","name":"Chita","country":"Russia","labelrank":6}},{"type":"Feature","geometry":{"type":"Point","coordinates":[96.17276574084622,48.302943830465814]},"properties":{"kind":"state_label","name":"Dzavhan","country":"Mongolia","labelrank":4}},{"type":"Feature","geometry":{"type":"Point","coordinates":[110.54222456316302,47.75701381827216]},"properties":{"kind":"state_label","name":"Hentiy","country":"Mongolia","labelrank":4}},{"type":"Feature","geometry":{"type":"Point","coordinates":[127.9697392143787,48.501071272481504]},"properties":{"kind":"state_label","name":"Heilongjiang","country":"China","labelrank":2}},{"type":"Feature","geometry":{"type":"Point","coordinates":[127.31298384038189,52.9470531245751]},"properties":{"kind":"state_label","name":"Amur","country":"Russia","labelrank":2}},{"type":"Feature","geometry":{"type":"Point","coordinates":[132.75818078340757,48.57352163036031]},"properties":{"kind":"state_label","name":"Yevrey","country":"Russia","labelrank":2}},{"type":"Feature","geometry":{"type":"Point","coordinates":[138.77522993346463,54.60016887089665]},"properties":{"kind":"state_label","name":"Khabarovsk","country":"Russia","labelrank":6}},{"type":"Feature","geometry":{"type":"Point","coordinates":[134.70302272464392,45.37005666699415]},"properties":{"kind":"state_label","name":"Primor'ye","country":"Russia","labelrank":2}},{"type":"Feature","geometry":{"type":"Point","coordinates":[126.46567081458619,43.576324153037234]},"properties":{"kind":"state_label","name":"Jilin","country":"China","labelrank":2}},{"type":"Feature","geometry":{"type":"Point","coordinates":[122.30822472534078,41.09660777412677]},"properties":{"kind":"state_label","name":"Liaoning","country":"China","labelrank":2}},{"type":"Feature","geometry":{"type":"Point","coordinates":[68.6079108015422,40.385664179669725]},"properties":{"kind":"state_label","name":"Sirdaryo","country":"Uzbekistan","labelrank":4}},{"type":"Feature","geometry":{"type":"Point","coordinates":[67.65540243012802,40.34239654550004]},"properties":{"kind":"state_label","name":"Jizzakh","country":"Uzbekistan","labelrank":4}},{"type":"Feature","geometry":{"type":"Point","coordinates":[66.31259870801392,39.95852336954929]},"properties":{"kind":"state_label","name":"Samarkand","country":"Uzbekistan","labelrank":4}},{"type":"Feature","geometry":{"type":"Point","coordinates":[66.0230765884713,38.761676035270796]},"properties":{"kind":"state_label","name":"Kashkadarya","country":"Uzbekistan","labelrank":4}},{"type":"Feature","geometry":{"type":"Point","coordinates":[67.42707767700006,38.094062710859184]},"properties":{"kind":"state_label","name":"Surkhandarya","country":"Uzbekistan","labelrank":4}},{"type":"Feature","geometry":{"type":"Point","coordinates":[69.10552860256803,37.83001719516994]},"properties":{"kind":"state_label","name":"Khatlon","country":"Tajikistan","labelrank":5}},{"type":"Feature","geometry":{"type":"Point","coordinates":[69.81235924708156,36.704788720424894]},"properties":{"kind":"state_label","name":"Takhar","country":"Afghanistan","labelrank":5}},{"type":"Feature","geometry":{"type":"Point","coordinates":[68.68198896706713,36.817546695588625]},"properties":{"kind":"state_label","name":"Kunduz","country":"Afghanistan","labelrank":5}},{"type":"Feature","geometry":{"type":"Point","coordinates":[67.21848656675161,36.52623372750447]},"properties":{"kind":"state_label","name":"Balkh","country":"Afghanistan","labelrank":5}},{"type":"Feature","geometry":{"type":"Point","coordinates":[63.446649207311594,39.07495412541764]},"properties":{"kind":"state_label","name":"Chardzhou","country":"Turkmenistan","labelrank":4}},{"type":"Feature","geometry":{"type":"Point","coordinates":[65.83536685514622,36.74395945604858]},"properties":{"kind":"state_label","name":"Jawzjan","country":"Afghanistan","labelrank":5}},{"type":"Feature","geometry":{"type":"Point","coordinates":[64.85204186349117,36.21449864624549]},"properties":{"kind":"state_label","name":"Faryab","country":"Afghanistan","labelrank":5}},{"type":"Feature","geometry":{"type":"Point","coordinates":[62.59402103589207,37.32730886163653]},"properties":{"kind":"state_label","name":"Mary","country":"Turkmenistan","labelrank":6}},{"type":"Feature","geometry":{"type":"Point","coordinates":[63.84954491581519,35.2705495553177]},"properties":{"kind":"state_label","name":"Badghis","country":"Afghanistan","labelrank":5}},{"type":"Feature","geometry":{"type":"Point","coordinates":[62.484640743794216,34.20647868152472]},"properties":{"kind":"state_label","name":"Hirat","country":"Afghanistan","labelrank":7}},{"type":"Feature","geometry":{"type":"Point","coordinates":[59.08376346196417,37.8800389472396]},"properties":{"kind":"state_label","name":"Ahal","country":"Turkmenistan","labelrank":4}},{"type":"Feature","geometry":{"type":"Point","coordinates":[45.433304276790636,35.514499580256455]},"properties":{"kind":"state_label","name":"As-Sulaymaniyah","country":"Iraq","labelrank":5}},{"type":"Feature","geometry":{"type":"Point","coordinates":[46.86357094536194,35.623394375549964]},"properties":{"kind":"state_label","name":"Kordestan","country":"Iran","labelrank":4}},{"type":"Feature","geometry":{"type":"Point","coordinates":[46.689454993412284,34.45901287699266]},"properties":{"kind":"state_label","name":"Kermanshah","country":"Iran","labelrank":7}},{"type":"Feature","geometry":{"type":"Point","coordinates":[45.10461673347547,34.05514384678136]},"properties":{"kind":"state_label","name":"Diyala","country":"Iraq","labelrank":5}},{"type":"Feature","geometry":{"type":"Point","coordinates":[46.81172136345015,33.07396455127301]},"properties":{"kind":"state_label","name":"Ilam","country":"Iran","labelrank":7}},{"type":"Feature","geometry":{"type":"Point","coordinates":[45.56350345262223,32.719153042329026]},"properties":{"kind":"state_label","name":"Wasit","country":"Iraq","labelrank":5}},{"type":"Feature","geometry":{"type":"Point","coordinates":[47.07408267928341,31.976162218211783]},"properties":{"kind":"state_label","name":"Maysan","country":"Iraq","labelrank":5}},{"type":"Feature","geometry":{"type":"Point","coordinates":[49.0050268803862,31.500859483281886]},"properties":{"kind":"state_label","name":"Khuzestan","country":"Iran","labelrank":4}},{"type":"Feature","geometry":{"type":"Point","coordinates":[94.29143471568955,26.11949127884941]},"properties":{"kind":"state_label","name":"Nagaland","country":"India","labelrank":2}},{"type":"Feature","geometry":{"type":"Point","coordinates":[93.84587894415347,24.76463898065932]},"properties":{"kind":"state_label","name":"Manipur","country":"India","labelrank":2}},{"type":"Feature","geometry":{"type":"Point","coordinates":[92.84118534350006,23.219991662602176]},"properties":{"kind":"state_label","name":"Mizoram","country":"India","labelrank":2}},{"type":"Feature","geometry":{"type":"Point","coordinates":[30.876045323888007,-28.943089901999905]},"properties":{"kind":"state_label","name":"KwaZulu-Natal","country":"South Africa","labelrank":2}},{"type":"Feature","geometry":{"type":"Point","coordinates":[27.057888828256807,-28.67354664401242]},"properties":{"kind":"state_label","name":"Free State","country":"South Africa","labelrank":2}},{"type":"Feature","geometry":{"type":"Point","coordinates":[26.46630109992421,-32.0921245897207]},"properties":{"kind":"state_label","name":"Eastern Cape","country":"South Africa","labelrank":2}},{"type":"Feature","geometry":{"type":"Point","coordinates":[29.13024611442826,-23.768743099849345]},"properties":{"kind":"state_label","name":"Limpopo","country":"South Africa","labelrank":2}},{"type":"Feature","geometry":{"type":"Point","coordinates":[26.426402422043367,-24.113553841586537]},"properties":{"kind":"state_label","name":"Kgatleng","country":"Botswana","labelrank":4}},{"type":"Feature","geometry":{"type":"Point","coordinates":[25.457283985592582,-26.360974219273757]},"properties":{"kind":"state_label","name":"North West","country":"South Africa","labelrank":2}},{"type":"Feature","geometry":{"type":"Point","coordinates":[25.8541294383229,-25.011116662653848]},"properties":{"kind":"state_label","name":"South-East","country":"Botswana","labelrank":4}},{"type":"Feature","geometry":{"type":"Point","coordinates":[24.368285556333348,-24.91416330584436]},"properties":{"kind":"state_label","name":"Southern","country":"Botswana","labelrank":4}},{"type":"Feature","geometry":{"type":"Point","coordinates":[22.24035328000012,-25.10017262449994]},"properties":{"kind":"state_label","name":"Kgalagadi","country":"Botswana","labelrank":4}},{"type":"Feature","geometry":{"type":"Point","coordinates":[31.06826379104112,-20.776508887223045]},"properties":{"kind":"state_label","name":"Masvingo","country":"Zimbabwe","labelrank":6}},{"type":"Feature","geometry":{"type":"Point","coordinates":[29.084741451959218,-15.303079925198404]},"properties":{"kind":"state_label","name":"Lusaka","country":"Zambia","labelrank":7}},{"type":"Feature","geometry":{"type":"Point","coordinates":[29.502530224154825,-17.23817189234127]},"properties":{"kind":"state_label","name":"Mashonaland West","country":"Zimbabwe","labelrank":5}},{"type":"Feature","geometry":{"type":"Point","coordinates":[31.387881395609924,-16.688438004719103]},"properties":{"kind":"state_label","name":"Mashonaland Central","country":"Zimbabwe","labelrank":5}},{"type":"Feature","geometry":{"type":"Point","coordinates":[26.958424464217643,-16.684045508566705]},"properties":{"kind":"state_label","name":"Southern","country":"Zambia","labelrank":4}},{"type":"Feature","geometry":{"type":"Point","coordinates":[31.56719772194046,-1.9896448769999182]},"properties":{"kind":"state_label","name":"Kagera","country":"United Republic of Tanzania","labelrank":5}},{"type":"Feature","geometry":{"type":"Point","coordinates":[28.59405500468472,-0.5506379126595391]},"properties":{"kind":"state_label","name":"Nord-Kivu","country":"Democratic Republic of the Congo","labelrank":6}},{"type":"Feature","geometry":{"type":"Point","coordinates":[37.72251317604221,11.266141483192882]},"properties":{"kind":"state_label","name":"Amhara","country":"Ethiopia","labelrank":3}},{"type":"Feature","geometry":{"type":"Point","coordinates":[35.03523095386737,14.18601687727704]},"properties":{"kind":"state_label","name":"Gedarif","country":"Sudan","labelrank":3}},{"type":"Feature","geometry":{"type":"Point","coordinates":[38.21598075050011,13.565296736017245]},"properties":{"kind":"state_label","name":"Tigray","country":"Ethiopia","labelrank":3}},{"type":"Feature","geometry":{"type":"Point","coordinates":[35.556516964949054,10.412491360188113]},"properties":{"kind":"state_label","name":"Benshangul-Gumaz","country":"Ethiopia","labelrank":3}},{"type":"Feature","geometry":{"type":"Point","coordinates":[34.115738264373306,11.094142728435628]},"properties":{"kind":"state_label","name":"Blue Nile","country":"Sudan","labelrank":3}},{"type":"Feature","geometry":{"type":"Point","coordinates":[34.25225784692208,12.984874307653143]},"properties":{"kind":"state_label","name":"Sennar","country":"Sudan","labelrank":3}},{"type":"Feature","geometry":{"type":"Point","coordinates":[34.17771223578768,7.8098724429088975]},"properties":{"kind":"state_label","name":"Gambela Peoples","country":"Ethiopia","labelrank":3}},{"type":"Feature","geometry":{"type":"Point","coordinates":[32.52522912261975,10.080106256902539]},"properties":{"kind":"state_label","name":"Upper Nile","country":"S. Sudan","labelrank":3}},{"type":"Feature","geometry":{"type":"Point","coordinates":[38.49870378784951,6.947909956194536]},"properties":{"kind":"state_label","name":"Oromiya","country":"Ethiopia","labelrank":3}},{"type":"Feature","geometry":{"type":"Point","coordinates":[32.57961373048926,7.657814541208097]},"properties":{"kind":"state_label","name":"Jonglei","country":"S. Sudan","labelrank":3}},{"type":"Feature","geometry":{"type":"Point","coordinates":[21.387717729615588,12.0057407667491]},"properties":{"kind":"state_label","name":"Sila","country":"Chad","labelrank":4}},{"type":"Feature","geometry":{"type":"Point","coordinates":[20.60550659550296,10.61113931625006]},"properties":{"kind":"state_label","name":"Salamat","country":"Chad","labelrank":4}},{"type":"Feature","geometry":{"type":"Point","coordinates":[18.630803798795597,9.320213015162974]},"properties":{"kind":"state_label","name":"Moyen-Chari","country":"Chad","labelrank":4}},{"type":"Feature","geometry":{"type":"Point","coordinates":[17.60444626978097,8.72727708901644]},"properties":{"kind":"state_label","name":"Mandoul","country":"Chad","labelrank":4}},{"type":"Feature","geometry":{"type":"Point","coordinates":[16.2300878254333,8.29799550691969]},"properties":{"kind":"state_label","name":"Logone Oriental","country":"Chad","labelrank":4}},{"type":"Feature","geometry":{"type":"Point","coordinates":[11.730918724500086,2.9117404475971327]},"properties":{"kind":"state_label","name":"Sud","country":"Cameroon","labelrank":5}},{"type":"Feature","geometry":{"type":"Point","coordinates":[11.831427649808788,1.2763052404284565]},"properties":{"kind":"state_label","name":"Wouleu-Ntem","country":"Gabon","labelrank":5}},{"type":"Feature","geometry":{"type":"Point","coordinates":[15.089575029303916,1.3842788085769797]},"properties":{"kind":"state_label","name":"Sangha","country":"Republic of the Congo","labelrank":6}},{"type":"Feature","geometry":{"type":"Point","coordinates":[12.874103024709143,0.3404708896808444]},"properties":{"kind":"state_label","name":"Ogoou\u00e9-Ivindo","country":"Gabon","labelrank":5}},{"type":"Feature","geometry":{"type":"Point","coordinates":[14.558263491603029,0.10267255245218365]},"properties":{"kind":"state_label","name":"Cuvette-Ouest","country":"Republic of the Congo","labelrank":6}},{"type":"Feature","geometry":{"type":"Point","coordinates":[13.6200023735001,-1.2304668139131323]},"properties":{"kind":"state_label","name":"Haut-Ogoou\u00e9","country":"Gabon","labelrank":5}},{"type":"Feature","geometry":{"type":"Point","coordinates":[12.528413933756013,-0.8217320729638118]},"properties":{"kind":"state_label","name":"Ogoou\u00e9-Lolo","country":"Gabon","labelrank":5}},{"type":"Feature","geometry":{"type":"Point","coordinates":[11.186092363200629,-1.6901804059153918]},"properties":{"kind":"state_label","name":"Ngouni\u00e9","country":"Gabon","labelrank":5}},{"type":"Feature","geometry":{"type":"Point","coordinates":[13.472749057323142,-3.074617814506972]},"properties":{"kind":"state_label","name":"L\u00e9koumou","country":"Republic of the Congo","labelrank":6}},{"type":"Feature","geometry":{"type":"Point","coordinates":[10.95831441192021,-3.095310059778787]},"properties":{"kind":"state_label","name":"Nyanga","country":"Gabon","labelrank":5}},{"type":"Feature","geometry":{"type":"Point","coordinates":[16.053305615035526,12.449159053347614]},"properties":{"kind":"state_label","name":"Hadjer-Lamis","country":"Chad","labelrank":4}},{"type":"Feature","geometry":{"type":"Point","coordinates":[14.536957951500128,11.501443787000056]},"properties":{"kind":"state_label","name":"Extr\u00eame-Nord","country":"Cameroon","labelrank":5}},{"type":"Feature","geometry":{"type":"Point","coordinates":[16.214286739339414,11.139050543048114]},"properties":{"kind":"state_label","name":"Chari-Baguirmi","country":"Chad","labelrank":4}},{"type":"Feature","geometry":{"type":"Point","coordinates":[15.068561614626816,12.118282384977775]},"properties":{"kind":"state_label","name":"Ville de N'Djamena","country":"Chad","labelrank":4}},{"type":"Feature","geometry":{"type":"Point","coordinates":[15.484560513456927,10.186432807328174]},"properties":{"kind":"state_label","name":"Mayo-Kebbi Est","country":"Chad","labelrank":4}},{"type":"Feature","geometry":{"type":"Point","coordinates":[14.704921505078403,9.208565388500062]},"properties":{"kind":"state_label","name":"Mayo-Kebbi Ouest","country":"Chad","labelrank":4}},{"type":"Feature","geometry":{"type":"Point","coordinates":[13.891094808000105,8.625287787501378]},"properties":{"kind":"state_label","name":"Nord","country":"Cameroon","labelrank":5}},{"type":"Feature","geometry":{"type":"Point","coordinates":[12.577067661941072,9.197999326491924]},"properties":{"kind":"state_label","name":"Adamawa","country":"Nigeria","labelrank":3}},{"type":"Feature","geometry":{"type":"Point","coordinates":[13.217116279150545,7.09068540440785]},"properties":{"kind":"state_label","name":"Adamaoua","country":"Cameroon","labelrank":5}},{"type":"Feature","geometry":{"type":"Point","coordinates":[10.542798699550303,8.016307274703237]},"properties":{"kind":"state_label","name":"Taraba","country":"Nigeria","labelrank":3}},{"type":"Feature","geometry":{"type":"Point","coordinates":[10.400223422622844,6.4271019523989565]},"properties":{"kind":"state_label","name":"Nord-Ouest","country":"Cameroon","labelrank":5}},{"type":"Feature","geometry":{"type":"Point","coordinates":[9.308824293709108,5.228080065246548]},"properties":{"kind":"state_label","name":"Sud-Ouest","country":"Cameroon","labelrank":5}},{"type":"Feature","geometry":{"type":"Point","coordinates":[8.707355177549374,7.275781042710946]},"properties":{"kind":"state_label","name":"Benue","country":"Nigeria","labelrank":3}},{"type":"Feature","geometry":{"type":"Point","coordinates":[8.678799320732054,5.797859808576931]},"properties":{"kind":"state_label","name":"Cross River","country":"Nigeria","labelrank":3}},{"type":"Feature","geometry":{"type":"Point","coordinates":[5.437101840309481,12.709276634780757]},"properties":{"kind":"state_label","name":"Sokoto","country":"Nigeria","labelrank":7}},{"type":"Feature","geometry":{"type":"Point","coordinates":[5.273765131591432,16.14309804676256]},"properties":{"kind":"state_label","name":"Tahoua","country":"Niger","labelrank":6}},{"type":"Feature","geometry":{"type":"Point","coordinates":[3.5502785160456085,13.17681915602104]},"properties":{"kind":"state_label","name":"Dosso","country":"Niger","labelrank":7}},{"type":"Feature","geometry":{"type":"Point","coordinates":[13.090129904912303,15.532101748665696]},"properties":{"kind":"state_label","name":"Diffa","country":"Niger","labelrank":6}},{"type":"Feature","geometry":{"type":"Point","coordinates":[7.411982049082297,14.217569583782677]},"properties":{"kind":"state_label","name":"Maradi","country":"Niger","labelrank":7}},{"type":"Feature","geometry":{"type":"Point","coordinates":[6.128339470989772,12.018823890460169]},"properties":{"kind":"state_label","name":"Zamfara","country":"Nigeria","labelrank":3}},{"type":"Feature","geometry":{"type":"Point","coordinates":[11.067597609586059,11.986465457684048]},"properties":{"kind":"state_label","name":"Yobe","country":"Nigeria","labelrank":3}},{"type":"Feature","geometry":{"type":"Point","coordinates":[9.662309807901295,15.150884708643716]},"properties":{"kind":"state_label","name":"Zinder","country":"Niger","labelrank":6}},{"type":"Feature","geometry":{"type":"Point","coordinates":[7.926622894364243,12.22876332951055]},"properties":{"kind":"state_label","name":"Katsina","country":"Nigeria","labelrank":7}},{"type":"Feature","geometry":{"type":"Point","coordinates":[9.362250604331905,11.95863729492521]},"properties":{"kind":"state_label","name":"Jigawa","country":"Nigeria","labelrank":3}},{"type":"Feature","geometry":{"type":"Point","coordinates":[2.2032814905304434,13.808708893500068]},"properties":{"kind":"state_label","name":"Tillab\u00e9ri","country":"Niger","labelrank":6}},{"type":"Feature","geometry":{"type":"Point","coordinates":[-0.7795467761921202,10.730766909963151]},"properties":{"kind":"state_label","name":"Upper East","country":"Ghana","labelrank":5}},{"type":"Feature","geometry":{"type":"Point","coordinates":[-1.1186350099998776,9.332377508265381]},"properties":{"kind":"state_label","name":"Northern","country":"Ghana","labelrank":5}},{"type":"Feature","geometry":{"type":"Point","coordinates":[0.396531308106546,7.26687012358056]},"properties":{"kind":"state_label","name":"Volta","country":"Ghana","labelrank":5}},{"type":"Feature","geometry":{"type":"Point","coordinates":[-1.4279827434089043,7.587508755124929]},"properties":{"kind":"state_label","name":"Brong Ahafo","country":"Ghana","labelrank":5}},{"type":"Feature","geometry":{"type":"Point","coordinates":[-2.3418286775261237,5.8955906861315555]},"properties":{"kind":"state_label","name":"Western","country":"Ghana","labelrank":5}},{"type":"Feature","geometry":{"type":"Point","coordinates":[1.2643594736839248,16.933127343261695]},"properties":{"kind":"state_label","name":"Gao","country":"Mali","labelrank":6}},{"type":"Feature","geometry":{"type":"Point","coordinates":[-3.2176566647233074,14.530354109095569]},"properties":{"kind":"state_label","name":"Mopti","country":"Mali","labelrank":6}},{"type":"Feature","geometry":{"type":"Point","coordinates":[-5.519515448179419,14.053948676140465]},"properties":{"kind":"state_label","name":"S\u00e9gou","country":"Mali","labelrank":4}},{"type":"Feature","geometry":{"type":"Point","coordinates":[-6.543807739499883,11.478499047403503]},"properties":{"kind":"state_label","name":"Sikasso","country":"Mali","labelrank":6}},{"type":"Feature","geometry":{"type":"Point","coordinates":[-7.543192491040628,13.475946735120601]},"properties":{"kind":"state_label","name":"Koulikoro","country":"Mali","labelrank":6}},{"type":"Feature","geometry":{"type":"Point","coordinates":[108.26781558642014,23.705536912635978]},"properties":{"kind":"state_label","name":"Guangxi","country":"China","labelrank":2}},{"type":"Feature","geometry":{"type":"Point","coordinates":[91.73215783369406,23.743324600940106]},"properties":{"kind":"state_label","name":"Tripura","country":"India","labelrank":2}},{"type":"Feature","geometry":{"type":"Point","coordinates":[91.70345157585723,24.594895223000066]},"properties":{"kind":"state_label","name":"Sylhet","country":"Bangladesh","labelrank":2}},{"type":"Feature","geometry":{"type":"Point","coordinates":[91.30332096105556,25.54701690101117]},"properties":{"kind":"state_label","name":"Meghalaya","country":"India","labelrank":2}},{"type":"Feature","geometry":{"type":"Point","coordinates":[90.27862938858539,24.13656252716094]},"properties":{"kind":"state_label","name":"Dhaka","country":"Bangladesh","labelrank":7}},{"type":"Feature","geometry":{"type":"Point","coordinates":[88.95439416500008,25.891534020403576]},"properties":{"kind":"state_label","name":"Rangpur","country":"Bangladesh","labelrank":7}},{"type":"Feature","geometry":{"type":"Point","coordinates":[88.92716108950466,24.558760074417904]},"properties":{"kind":"state_label","name":"Rajshahi","country":"Bangladesh","labelrank":7}},{"type":"Feature","geometry":{"type":"Point","coordinates":[89.25980350400008,22.916859486746915]},"properties":{"kind":"state_label","name":"Khulna","country":"Bangladesh","labelrank":7}},{"type":"Feature","geometry":{"type":"Point","coordinates":[39.314527214803064,-12.309911797758389]},"properties":{"kind":"state_label","name":"Cabo Delgado","country":"Mozambique","labelrank":4}},{"type":"Feature","geometry":{"type":"Point","coordinates":[39.22117496058195,-10.771801652999919]},"properties":{"kind":"state_label","name":"Mtwara","country":"United Republic of Tanzania","labelrank":7}},{"type":"Feature","geometry":{"type":"Point","coordinates":[36.42313033000005,-13.371947933466146]},"properties":{"kind":"state_label","name":"Niassa","country":"Mozambique","labelrank":4}},{"type":"Feature","geometry":{"type":"Point","coordinates":[-5.761280012770698,36.52616855383661]},"properties":{"kind":"state_label","name":"C\u00e1diz","country":"Spain","labelrank":3}},{"type":"Feature","geometry":{"type":"Point","coordinates":[-120.80671709265283,47.27941361449236]},"properties":{"kind":"state_label","name":"Washington","country":"United States of America","labelrank":6}},{"type":"Feature","geometry":{"type":"Point","coordinates":[-126.5488294904196,54.15307831464676]},"properties":{"kind":"state_label","name":"British Columbia","country":"Canada","labelrank":2}},{"type":"Feature","geometry":{"type":"Point","coordinates":[-114.13279423286752,45.49602738420207]},"properties":{"kind":"state_label","name":"Idaho","country":"United States of America","labelrank":6}},{"type":"Feature","geometry":{"type":"Point","coordinates":[-110.04376835322691,46.684616657884455]},"properties":{"kind":"state_label","name":"Montana","country":"United States of America","labelrank":6}},{"type":"Feature","geometry":{"type":"Point","coordinates":[-115.00016854279502,54.49628672664678]},"properties":{"kind":"state_label","name":"Alberta","country":"Canada","labelrank":2}},{"type":"Feature","geometry":{"type":"Point","coordinates":[-105.6821561755884,54.496338403094796]},"properties":{"kind":"state_label","name":"Saskatchewan","country":"Canada","labelrank":2}},{"type":"Feature","geometry":{"type":"Point","coordinates":[-100.3019580214955,47.46721085597658]},"properties":{"kind":"state_label","name":"North Dakota","country":"United States of America","labelrank":6}},{"type":"Feature","geometry":{"type":"Point","coordinates":[-95.4742987434922,54.496368513369816]},"properties":{"kind":"state_label","name":"Manitoba","country":"Canada","labelrank":2}},{"type":"Feature","geometry":{"type":"Point","coordinates":[-93.36409000804741,46.434810139826055]},"properties":{"kind":"state_label","name":"Minnesota","country":"United States of America","labelrank":6}},{"type":"Feature","geometry":{"type":"Point","coordinates":[-84.75368789132847,49.26517954850005]},"properties":{"kind":"state_label","name":"Ontario","country":"Canada","labelrank":2}},{"type":"Feature","geometry":{"type":"Point","coordinates":[-86.27899454861742,45.00096007593435]},"properties":{"kind":"state_label","name":"Michigan","country":"United States of America","labelrank":6}},{"type":"Feature","geometry":{"type":"Point","coordinates":[-82.67188114679749,40.364651882428404]},"properties":{"kind":"state_label","name":"Ohio","country":"United States of America","labelrank":6}},{"type":"Feature","geometry":{"type":"Point","coordinates":[-77.60939335352043,41.12937696912178]},"properties":{"kind":"state_label","name":"Pennsylvania","country":"United States of America","labelrank":6}},{"type":"Feature","geometry":{"type":"Point","coordinates":[-75.8102089487239,42.75477826550003]},"properties":{"kind":"state_label","name":"New York","country":"United States of America","labelrank":6}},{"type":"Feature","geometry":{"type":"Point","coordinates":[-68.43297278549991,53.79592356700007]},"properties":{"kind":"state_label","name":"Qu\u00e9bec","country":"Canada","labelrank":2}},{"type":"Feature","geometry":{"type":"Point","coordinates":[-72.47212528680254,43.87150381198679]},"properties":{"kind":"state_label","name":"Vermont","country":"United States of America","labelrank":6}},{"type":"Feature","geometry":{"type":"Point","coordinates":[-71.63019185850999,44.002575579129676]},"properties":{"kind":"state_label","name":"New Hampshire","country":"United States of America","labelrank":6}},{"type":"Feature","geometry":{"type":"Point","coordinates":[-69.03113847999994,45.27174794850004]},"properties":{"kind":"state_label","name":"Maine","country":"United States of America","labelrank":6}},{"type":"Feature","geometry":{"type":"Point","coordinates":[-66.41733366349992,46.338948902000055]},"properties":{"kind":"state_label","name":"New Brunswick","country":"Canada","labelrank":2}},{"type":"Feature","geometry":{"type":"Point","coordinates":[-111.93436645699761,34.165156819218375]},"properties":{"kind":"state_label","name":"Arizona","country":"United States of America","labelrank":6}},{"type":"Feature","geometry":{"type":"Point","coordinates":[-111.75310168579415,29.36815335574361]},"properties":{"kind":"state_label","name":"Sonora","country":"Mexico","labelrank":4}},{"type":"Feature","geometry":{"type":"Point","coordinates":[-115.45510303399993,30.356130127116714]},"properties":{"kind":"state_label","name":"Baja California","country":"Mexico","labelrank":4}},{"type":"Feature","geometry":{"type":"Point","coordinates":[-119.26413164636125,37.26560485570404]},"properties":{"kind":"state_label","name":"California","country":"United States of America","labelrank":6}},{"type":"Feature","geometry":{"type":"Point","coordinates":[-106.02383427161152,34.16360001562739]},"properties":{"kind":"state_label","name":"New Mexico","country":"United States of America","labelrank":6}},{"type":"Feature","geometry":{"type":"Point","coordinates":[-106.23179226029208,28.69902415367462]},"properties":{"kind":"state_label","name":"Chihuahua","country":"Mexico","labelrank":6}},{"type":"Feature","geometry":{"type":"Point","coordinates":[-100.0884705015624,31.17205053669101]},"properties":{"kind":"state_label","name":"Texas","country":"United States of America","labelrank":6}},{"type":"Feature","geometry":{"type":"Point","coordinates":[-101.88521527861221,27.229449771184527]},"properties":{"kind":"state_label","name":"Coahuila","country":"Mexico","labelrank":4}},{"type":"Feature","geometry":{"type":"Point","coordinates":[-98.63242997946304,24.944948594551988]},"properties":{"kind":"state_label","name":"Tamaulipas","country":"Mexico","labelrank":4}},{"type":"Feature","geometry":{"type":"Point","coordinates":[-99.8306709459074,25.491570950289088]},"properties":{"kind":"state_label","name":"Nuevo Le\u00f3n","country":"Mexico","labelrank":4}},{"type":"Feature","geometry":{"type":"Point","coordinates":[-88.05797756670052,19.75595489850003]},"properties":{"kind":"state_label","name":"Quintana Roo","country":"Mexico","labelrank":4}},{"type":"Feature","geometry":{"type":"Point","coordinates":[-90.7498228958469,19.31299545601754]},"properties":{"kind":"state_label","name":"Campeche","country":"Mexico","labelrank":6}},{"type":"Feature","geometry":{"type":"Point","coordinates":[-92.5639869432299,17.950201165000045]},"properties":{"kind":"state_label","name":"Tabasco","country":"Mexico","labelrank":4}},{"type":"Feature","geometry":{"type":"Point","coordinates":[-92.25246466460709,16.26998091747688]},"properties":{"kind":"state_label","name":"Chiapas","country":"Mexico","labelrank":4}},{"type":"Feature","geometry":{"type":"Point","coordinates":[-76.96916192901831,6.336526190740955]},"properties":{"kind":"state_label","name":"Choc\u00f3","country":"Colombia","labelrank":5}},{"type":"Feature","geometry":{"type":"Point","coordinates":[-61.206620649361895,8.90192230847751]},"properties":{"kind":"state_label","name":"Delta Amacuro","country":"Venezuela","labelrank":6}},{"type":"Feature","geometry":{"type":"Point","coordinates":[-63.86214891859852,6.0044016549466335]},"properties":{"kind":"state_label","name":"Bol\u00edvar","country":"Venezuela","labelrank":6}},{"type":"Feature","geometry":{"type":"Point","coordinates":[-65.0621346671064,-3.801031659031324]},"properties":{"kind":"state_label","name":"Amazonas","country":"Brazil","labelrank":2}},{"type":"Feature","geometry":{"type":"Point","coordinates":[-68.89222388063968,2.606286322000024]},"properties":{"kind":"state_label","name":"Guain\u00eda","country":"Colombia","labelrank":5}},{"type":"Feature","geometry":{"type":"Point","coordinates":[-70.58660366192765,0.4309269462906471]},"properties":{"kind":"state_label","name":"Vaup\u00e9s","country":"Colombia","labelrank":5}},{"type":"Feature","geometry":{"type":"Point","coordinates":[-71.91651657011836,-2.0516311614104197]},"properties":{"kind":"state_label","name":"Amazonas","country":"Colombia","labelrank":5}},{"type":"Feature","geometry":{"type":"Point","coordinates":[-73.88647089999988,-4.337124732041197]},"properties":{"kind":"state_label","name":"Loreto","country":"Peru","labelrank":4}},{"type":"Feature","geometry":{"type":"Point","coordinates":[-77.96952470580052,-4.990182067878649]},"properties":{"kind":"state_label","name":"Amazonas","country":"Peru","labelrank":4}},{"type":"Feature","geometry":{"type":"Point","coordinates":[-78.60914974631373,-6.176503003810581]},"properties":{"kind":"state_label","name":"Cajamarca","country":"Peru","labelrank":7}},{"type":"Feature","geometry":{"type":"Point","coordinates":[-80.61376990149992,-3.802589125098777]},"properties":{"kind":"state_label","name":"Tumbes","country":"Peru","labelrank":7}},{"type":"Feature","geometry":{"type":"Point","coordinates":[-80.28562311149992,-5.270989553499923]},"properties":{"kind":"state_label","name":"Piura","country":"Peru","labelrank":7}},{"type":"Feature","geometry":{"type":"Point","coordinates":[-65.61808304899996,3.421269606048938]},"properties":{"kind":"state_label","name":"Amazonas","country":"Venezuela","labelrank":6}},{"type":"Feature","geometry":{"type":"Point","coordinates":[-63.95249071717285,-19.940307102091083]},"properties":{"kind":"state_label","name":"Chuquisaca","country":"Bolivia","labelrank":4}},{"type":"Feature","geometry":{"type":"Point","coordinates":[-73.24894761499067,-9.374802137058964]},"properties":{"kind":"state_label","name":"Ucayali","country":"Peru","labelrank":4}},{"type":"Feature","geometry":{"type":"Point","coordinates":[-67.43122819049991,-11.088211361373553]},"properties":{"kind":"state_label","name":"Pando","country":"Bolivia","labelrank":4}},{"type":"Feature","geometry":{"type":"Point","coordinates":[-63.32638749848425,-10.831668929677392]},"properties":{"kind":"state_label","name":"Rond\u00f4nia","country":"Brazil","labelrank":2}},{"type":"Feature","geometry":{"type":"Point","coordinates":[-64.58061505019933,-13.430312629923947]},"properties":{"kind":"state_label","name":"El Beni","country":"Bolivia","labelrank":4}},{"type":"Feature","geometry":{"type":"Point","coordinates":[-55.92350865614955,-12.685375257861864]},"properties":{"kind":"state_label","name":"Mato Grosso","country":"Brazil","labelrank":2}},{"type":"Feature","geometry":{"type":"Point","coordinates":[-69.97987066992854,-15.155818780662202]},"properties":{"kind":"state_label","name":"Puno","country":"Peru","labelrank":4}},{"type":"Feature","geometry":{"type":"Point","coordinates":[-67.0082643425631,-27.650085993124094]},"properties":{"kind":"state_label","name":"Catamarca","country":"Argentina","labelrank":6}},{"type":"Feature","geometry":{"type":"Point","coordinates":[-69.9120336539999,-27.519545817416144]},"properties":{"kind":"state_label","name":"Atacama","country":"Chile","labelrank":3}},{"type":"Feature","geometry":{"type":"Point","coordinates":[-67.52796952572302,-29.834793592899985]},"properties":{"kind":"state_label","name":"La Rioja","country":"Argentina","labelrank":6}},{"type":"Feature","geometry":{"type":"Point","coordinates":[-68.6609460075977,-30.368786209765744]},"properties":{"kind":"state_label","name":"San Juan","country":"Argentina","labelrank":6}},{"type":"Feature","geometry":{"type":"Point","coordinates":[-70.77460404849991,-30.64471831649712]},"properties":{"kind":"state_label","name":"Coquimbo","country":"Chile","labelrank":3}},{"type":"Feature","geometry":{"type":"Point","coordinates":[-68.54201269895196,-34.75635365149981]},"properties":{"kind":"state_label","name":"Mendoza","country":"Argentina","labelrank":6}},{"type":"Feature","geometry":{"type":"Point","coordinates":[-70.75234289893413,-33.62130625080656]},"properties":{"kind":"state_label","name":"Regi\u00f3n Metropolitana de Santiago","country":"Chile","labelrank":7}},{"type":"Feature","geometry":{"type":"Point","coordinates":[-89.72694586599994,-30.118600965986616]},"properties":{"kind":"state_label","name":"Valpara\u00edso","country":"Chile","labelrank":3}},{"type":"Feature","geometry":{"type":"Point","coordinates":[-71.58081966499992,-35.62317372271299]},"properties":{"kind":"state_label","name":"Maule","country":"Chile","labelrank":3}},{"type":"Feature","geometry":{"type":"Point","coordinates":[-71.07559647299989,-34.463098820381546]},"properties":{"kind":"state_label","name":"Libertador General Bernardo O'Higgins","country":"Chile","labelrank":3}},{"type":"Feature","geometry":{"type":"Point","coordinates":[-69.9829970946339,-38.61225807300167]},"properties":{"kind":"state_label","name":"Neuqu\u00e9n","country":"Argentina","labelrank":3}},{"type":"Feature","geometry":{"type":"Point","coordinates":[-71.96184135749994,-36.605489621722754]},"properties":{"kind":"state_label","name":"\u00d1uble","country":"Chile","labelrank":3}},{"type":"Feature","geometry":{"type":"Point","coordinates":[-72.3945627479999,-38.69024789822191]},"properties":{"kind":"state_label","name":"La Araucan\u00eda","country":"Chile","labelrank":3}},{"type":"Feature","geometry":{"type":"Point","coordinates":[-72.34724931199993,-37.461407159470724]},"properties":{"kind":"state_label","name":"B\u00edo-B\u00edo","country":"Chile","labelrank":3}},{"type":"Feature","geometry":{"type":"Point","coordinates":[-72.68263912349994,-40.01993417687078]},"properties":{"kind":"state_label","name":"Los R\u00edos","country":"Chile","labelrank":3}},{"type":"Feature","geometry":{"type":"Point","coordinates":[-67.8639361204999,-43.99953412025343]},"properties":{"kind":"state_label","name":"Chubut","country":"Argentina","labelrank":3}},{"type":"Feature","geometry":{"type":"Point","coordinates":[-73.03324031999992,-42.15902132273493]},"properties":{"kind":"state_label","name":"Los Lagos","country":"Chile","labelrank":3}},{"type":"Feature","geometry":{"type":"Point","coordinates":[-67.36379594309813,-39.783855075926596]},"properties":{"kind":"state_label","name":"R\u00edo Negro","country":"Argentina","labelrank":3}},{"type":"Feature","geometry":{"type":"Point","coordinates":[-73.41690670099995,-46.39052372599992]},"properties":{"kind":"state_label","name":"Ais\u00e9n del General Carlos Ib\u00e1\u00f1ez del Campo","country":"Chile","labelrank":3}},{"type":"Feature","geometry":{"type":"Point","coordinates":[-69.64287672099994,-49.1950813379685]},"properties":{"kind":"state_label","name":"Santa Cruz","country":"Argentina","labelrank":3}},{"type":"Feature","geometry":{"type":"Point","coordinates":[-71.04092363149994,-52.27790328249992]},"properties":{"kind":"state_label","name":"Magallanes y Ant\u00e1rtica Chilena","country":"Chile","labelrank":3}},{"type":"Feature","geometry":{"type":"Point","coordinates":[-66.23312930393313,-53.845793790934806]},"properties":{"kind":"state_label","name":"Tierra del Fuego","country":"Argentina","labelrank":3}},{"type":"Feature","geometry":{"type":"Point","coordinates":[-72.0137387727776,10.11674671055183]},"properties":{"kind":"state_label","name":"Zulia","country":"Venezuela","labelrank":6}},{"type":"Feature","geometry":{"type":"Point","coordinates":[-72.37924770797937,11.43428660721321]},"properties":{"kind":"state_label","name":"La Guajira","country":"Colombia","labelrank":5}},{"type":"Feature","geometry":{"type":"Point","coordinates":[-73.52616461980134,9.272263800533949]},"properties":{"kind":"state_label","name":"Cesar","country":"Colombia","labelrank":5}},{"type":"Feature","geometry":{"type":"Point","coordinates":[-72.81707475116528,8.085398664701671]},"properties":{"kind":"state_label","name":"Norte de Santander","country":"Colombia","labelrank":5}},{"type":"Feature","geometry":{"type":"Point","coordinates":[-71.90439144246783,7.987393906853299]},"properties":{"kind":"state_label","name":"T\u00e1chira","country":"Venezuela","labelrank":6}},{"type":"Feature","geometry":{"type":"Point","coordinates":[-69.36020742833139,7.078212080133497]},"properties":{"kind":"state_label","name":"Apure","country":"Venezuela","labelrank":6}},{"type":"Feature","geometry":{"type":"Point","coordinates":[-70.8914599105455,6.563101403085611]},"properties":{"kind":"state_label","name":"Arauca","country":"Colombia","labelrank":7}},{"type":"Feature","geometry":{"type":"Point","coordinates":[-73.31325606917095,5.850470079330677]},"properties":{"kind":"state_label","name":"Boyac\u00e1","country":"Colombia","labelrank":5}},{"type":"Feature","geometry":{"type":"Point","coordinates":[-69.24114315156586,4.548133954975263]},"properties":{"kind":"state_label","name":"Vichada","country":"Colombia","labelrank":5}},{"type":"Feature","geometry":{"type":"Point","coordinates":[18.27173286472499,54.1360586615595]},"properties":{"kind":"state_label","name":"Pomeranian","country":"Poland","labelrank":5}},{"type":"Feature","geometry":{"type":"Point","coordinates":[137.60571435229025,-4.8668759094999245]},"properties":{"kind":"state_label","name":"Papua","country":"Indonesia","labelrank":2}},{"type":"Feature","geometry":{"type":"Point","coordinates":[54.80144742728217,39.83457224500005]},"properties":{"kind":"state_label","name":"Balkan","country":"Turkmenistan","labelrank":4}},{"type":"Feature","geometry":{"type":"Point","coordinates":[53.34685215341014,43.86964854311349]},"properties":{"kind":"state_label","name":"Mangghystau","country":"Kazakhstan","labelrank":4}},{"type":"Feature","geometry":{"type":"Point","coordinates":[63.61506310402899,45.06467855502126]},"properties":{"kind":"state_label","name":"Qyzylorda","country":"Kazakhstan","labelrank":6}},{"type":"Feature","geometry":{"type":"Point","coordinates":[59.22341861661391,43.27229482354654]},"properties":{"kind":"state_label","name":"Karakalpakstan","country":"Uzbekistan","labelrank":4}},{"type":"Feature","geometry":{"type":"Point","coordinates":[58.937260776863354,48.228886207932135]},"properties":{"kind":"state_label","name":"Aqt\u00f6be","country":"Kazakhstan","labelrank":6}},{"type":"Feature","geometry":{"type":"Point","coordinates":[64.2721547782204,41.593521324356736]},"properties":{"kind":"state_label","name":"Navoi","country":"Uzbekistan","labelrank":6}},{"type":"Feature","geometry":{"type":"Point","coordinates":[58.769019692162146,41.132399601262925]},"properties":{"kind":"state_label","name":"Tashauz","country":"Turkmenistan","labelrank":4}},{"type":"Feature","geometry":{"type":"Point","coordinates":[61.2482304250301,41.255545697675785]},"properties":{"kind":"state_label","name":"Khorezm","country":"Uzbekistan","labelrank":4}},{"type":"Feature","geometry":{"type":"Point","coordinates":[63.77290876677614,40.21682780410984]},"properties":{"kind":"state_label","name":"Bukhoro","country":"Uzbekistan","labelrank":7}},{"type":"Feature","geometry":{"type":"Point","coordinates":[57.0475053241114,37.44967865310546]},"properties":{"kind":"state_label","name":"North Khorasan","country":"Iran","labelrank":4}},{"type":"Feature","geometry":{"type":"Point","coordinates":[55.004217663582274,37.29804708223711]},"properties":{"kind":"state_label","name":"Golestan","country":"Iran","labelrank":4}},{"type":"Feature","geometry":{"type":"Point","coordinates":[58.75024336450511,35.324808352569896]},"properties":{"kind":"state_label","name":"Razavi Khorasan","country":"Iran","labelrank":4}},{"type":"Feature","geometry":{"type":"Point","coordinates":[59.489010044378006,32.33515839314532]},"properties":{"kind":"state_label","name":"South Khorasan","country":"Iran","labelrank":4}},{"type":"Feature","geometry":{"type":"Point","coordinates":[62.20700911137405,30.830483198779497]},"properties":{"kind":"state_label","name":"Nimroz","country":"Afghanistan","labelrank":5}},{"type":"Feature","geometry":{"type":"Point","coordinates":[61.047286618067005,28.25414766050006]},"properties":{"kind":"state_label","name":"Sistan and Baluchestan","country":"Iran","labelrank":4}},{"type":"Feature","geometry":{"type":"Point","coordinates":[62.649953650548724,32.45271481448708]},"properties":{"kind":"state_label","name":"Farah","country":"Afghanistan","labelrank":7}},{"type":"Feature","geometry":{"type":"Point","coordinates":[72.09624849866924,34.07095723821815]},"properties":{"kind":"state_label","name":"K.P.","country":"Pakistan","labelrank":3}},{"type":"Feature","geometry":{"type":"Point","coordinates":[70.54386458034233,33.001754710211685]},"properties":{"kind":"state_label","name":"F.A.T.A.","country":"Pakistan","labelrank":3}},{"type":"Feature","geometry":{"type":"Point","coordinates":[71.1061816783216,34.99761940900208]},"properties":{"kind":"state_label","name":"Kunar","country":"Afghanistan","labelrank":5}},{"type":"Feature","geometry":{"type":"Point","coordinates":[70.7566939665333,35.46724276529136]},"properties":{"kind":"state_label","name":"Nuristan","country":"Afghanistan","labelrank":5}},{"type":"Feature","geometry":{"type":"Point","coordinates":[70.30279402345457,34.369453230263495]},"properties":{"kind":"state_label","name":"Nangarhar","country":"Afghanistan","labelrank":5}},{"type":"Feature","geometry":{"type":"Point","coordinates":[69.82119551301156,33.376720536551666]},"properties":{"kind":"state_label","name":"Khost","country":"Afghanistan","labelrank":5}},{"type":"Feature","geometry":{"type":"Point","coordinates":[69.38264175791076,33.61581665691318]},"properties":{"kind":"state_label","name":"Paktya","country":"Afghanistan","labelrank":5}},{"type":"Feature","geometry":{"type":"Point","coordinates":[65.55127526563365,28.476589666956016]},"properties":{"kind":"state_label","name":"Baluchistan","country":"Pakistan","labelrank":3}},{"type":"Feature","geometry":{"type":"Point","coordinates":[68.65116357114445,32.51103953428778]},"properties":{"kind":"state_label","name":"Paktika","country":"Afghanistan","labelrank":5}},{"type":"Feature","geometry":{"type":"Point","coordinates":[67.14021515210757,32.304746812265535]},"properties":{"kind":"state_label","name":"Zabul","country":"Afghanistan","labelrank":5}},{"type":"Feature","geometry":{"type":"Point","coordinates":[66.13727189450009,31.05769155202693]},"properties":{"kind":"state_label","name":"Kandahar","country":"Afghanistan","labelrank":6}},{"type":"Feature","geometry":{"type":"Point","coordinates":[63.982386367087145,31.37625091845762]},"properties":{"kind":"state_label","name":"Hilmand","country":"Afghanistan","labelrank":5}},{"type":"Feature","geometry":{"type":"Point","coordinates":[70.02567955876461,53.821495873447454]},"properties":{"kind":"state_label","name":"North Kazakhstan","country":"Kazakhstan","labelrank":4}},{"type":"Feature","geometry":{"type":"Point","coordinates":[69.99343346523221,57.56058288904517]},"properties":{"kind":"state_label","name":"Tyumen'","country":"Russia","labelrank":6}},{"type":"Feature","geometry":{"type":"Point","coordinates":[65.35056432891238,55.502245995754585]},"properties":{"kind":"state_label","name":"Kurgan","country":"Russia","labelrank":6}},{"type":"Feature","geometry":{"type":"Point","coordinates":[73.3514713885437,56.00552277020039]},"properties":{"kind":"state_label","name":"Omsk","country":"Russia","labelrank":6}},{"type":"Feature","geometry":{"type":"Point","coordinates":[64.12929487798723,51.42686167684399]},"properties":{"kind":"state_label","name":"Qostanay","country":"Kazakhstan","labelrank":6}},{"type":"Feature","geometry":{"type":"Point","coordinates":[76.3752067427969,52.23371165306478]},"properties":{"kind":"state_label","name":"Pavlodar","country":"Kazakhstan","labelrank":6}},{"type":"Feature","geometry":{"type":"Point","coordinates":[80.08315351732094,55.288846533540664]},"properties":{"kind":"state_label","name":"Novosibirsk","country":"Russia","labelrank":6}},{"type":"Feature","geometry":{"type":"Point","coordinates":[60.238318312689955,54.18419723906132]},"properties":{"kind":"state_label","name":"Chelyabinsk","country":"Russia","labelrank":6}},{"type":"Feature","geometry":{"type":"Point","coordinates":[82.48606556947044,52.5613282173733]},"properties":{"kind":"state_label","name":"Altay","country":"Russia","labelrank":2}},{"type":"Feature","geometry":{"type":"Point","coordinates":[56.21533308896289,52.42594798177135]},"properties":{"kind":"state_label","name":"Orenburg","country":"Russia","labelrank":6}},{"type":"Feature","geometry":{"type":"Point","coordinates":[50.51475121749985,49.85632446621171]},"properties":{"kind":"state_label","name":"West Kazakhstan","country":"Kazakhstan","labelrank":4}},{"type":"Feature","geometry":{"type":"Point","coordinates":[46.63705509092699,51.309892073272074]},"properties":{"kind":"state_label","name":"Saratov","country":"Russia","labelrank":6}},{"type":"Feature","geometry":{"type":"Point","coordinates":[47.14507958308019,47.15840322496763]},"properties":{"kind":"state_label","name":"Astrakhan'","country":"Russia","labelrank":7}},{"type":"Feature","geometry":{"type":"Point","coordinates":[44.30012391138888,49.34254405361514]},"properties":{"kind":"state_label","name":"Volgograd","country":"Russia","labelrank":6}},{"type":"Feature","geometry":{"type":"Point","coordinates":[51.75870629594519,47.46144440333654]},"properties":{"kind":"state_label","name":"Atyrau","country":"Kazakhstan","labelrank":6}},{"type":"Feature","geometry":{"type":"Point","coordinates":[42.14445931361195,29.78977152836395]},"properties":{"kind":"state_label","name":"Al Hudud ash Shamaliyah","country":"Saudi Arabia","labelrank":4}},{"type":"Feature","geometry":{"type":"Point","coordinates":[41.530880978116016,32.854974734601264]},"properties":{"kind":"state_label","name":"Al-Anbar","country":"Iraq","labelrank":5}},{"type":"Feature","geometry":{"type":"Point","coordinates":[43.75516313412132,31.078845350690763]},"properties":{"kind":"state_label","name":"An-Najaf","country":"Iraq","labelrank":5}},{"type":"Feature","geometry":{"type":"Point","coordinates":[38.365064527847665,29.94507127512818]},"properties":{"kind":"state_label","name":"Al Jawf","country":"Saudi Arabia","labelrank":4}},{"type":"Feature","geometry":{"type":"Point","coordinates":[42.747085812500075,36.00521809647133]},"properties":{"kind":"state_label","name":"Ninawa","country":"Iraq","labelrank":5}},{"type":"Feature","geometry":{"type":"Point","coordinates":[45.6916610040021,18.23715627357155]},"properties":{"kind":"state_label","name":"Najran","country":"Saudi Arabia","labelrank":6}},{"type":"Feature","geometry":{"type":"Point","coordinates":[42.95032962416278,19.207374673800388]},"properties":{"kind":"state_label","name":"`Asir","country":"Saudi Arabia","labelrank":4}},{"type":"Feature","geometry":{"type":"Point","coordinates":[42.46775070990212,17.346702785704565]},"properties":{"kind":"state_label","name":"Jizan","country":"Saudi Arabia","labelrank":7}},{"type":"Feature","geometry":{"type":"Point","coordinates":[22.07465254395757,23.27268159577688]},"properties":{"kind":"state_label","name":"Al Kufrah","country":"Libya","labelrank":4}},{"type":"Feature","geometry":{"type":"Point","coordinates":[21.99434220220266,18.35112904900005]},"properties":{"kind":"state_label","name":"Ennedi","country":"Chad","labelrank":4}},{"type":"Feature","geometry":{"type":"Point","coordinates":[18.18092297790804,18.69035858489304]},"properties":{"kind":"state_label","name":"Borkou","country":"Chad","labelrank":4}},{"type":"Feature","geometry":{"type":"Point","coordinates":[15.25920332207562,24.469673219043813]},"properties":{"kind":"state_label","name":"Murzuq","country":"Libya","labelrank":4}},{"type":"Feature","geometry":{"type":"Point","coordinates":[16.948513900500103,20.284628601500046]},"properties":{"kind":"state_label","name":"Tibesti","country":"Chad","labelrank":4}},{"type":"Feature","geometry":{"type":"Point","coordinates":[10.099465779500107,19.425933841165893]},"properties":{"kind":"state_label","name":"Agadez","country":"Niger","labelrank":6}},{"type":"Feature","geometry":{"type":"Point","coordinates":[-8.993554849999896,24.318516340688568]},"properties":{"kind":"state_label","name":"Tiris Zemmour","country":"Mauritania","labelrank":4}},{"type":"Feature","geometry":{"type":"Point","coordinates":[15.139719184592678,15.036833470788025]},"properties":{"kind":"state_label","name":"Kanem","country":"Chad","labelrank":4}},{"type":"Feature","geometry":{"type":"Point","coordinates":[28.83302554987307,19.382861534648065]},"properties":{"kind":"state_label","name":"Northern","country":"Sudan","labelrank":3}},{"type":"Feature","geometry":{"type":"Point","coordinates":[33.76233747774239,18.954321801809698]},"properties":{"kind":"state_label","name":"River Nile","country":"Sudan","labelrank":3}},{"type":"Feature","geometry":{"type":"Point","coordinates":[37.74842493280224,0.6909404534185839]},"properties":{"kind":"state_label","name":"Eastern","country":"Kenya","labelrank":4}},{"type":"Feature","geometry":{"type":"Point","coordinates":[40.2749111293939,1.1034088167240412]},"properties":{"kind":"state_label","name":"North-Eastern","country":"Kenya","labelrank":4}},{"type":"Feature","geometry":{"type":"Point","coordinates":[-4.786020168046349,32.25486747249902]},"properties":{"kind":"state_label","name":"Mekn\u00e8s - Tafilalet","country":"Morocco","labelrank":5}},{"type":"Feature","geometry":{"type":"Point","coordinates":[-7.584897497323725,30.52282715544885]},"properties":{"kind":"state_label","name":"Souss - Massa - Dra\u00e2","country":"Morocco","labelrank":5}},{"type":"Feature","geometry":{"type":"Point","coordinates":[-15.627180544790164,20.370748316967763]},"properties":{"kind":"state_label","name":"Dakhlet Nouadhibou","country":"Mauritania","labelrank":6}},{"type":"Feature","geometry":{"type":"Point","coordinates":[-10.333615882537742,21.416487001773703]},"properties":{"kind":"state_label","name":"Adrar","country":"Mauritania","labelrank":6}},{"type":"Feature","geometry":{"type":"Point","coordinates":[1.0945121390983275,19.73882109689631]},"properties":{"kind":"state_label","name":"Kidal","country":"Mali","labelrank":4}},{"type":"Feature","geometry":{"type":"Point","coordinates":[25.506019728527605,15.917839775098024]},"properties":{"kind":"state_label","name":"North Darfur","country":"Sudan","labelrank":3}},{"type":"Feature","geometry":{"type":"Point","coordinates":[22.98149641607671,13.889721781500114]},"properties":{"kind":"state_label","name":"Western Darfur","country":"Sudan","labelrank":3}},{"type":"Feature","geometry":{"type":"Point","coordinates":[21.13801720891574,13.569138611857426]},"properties":{"kind":"state_label","name":"Ouadda\u00ef","country":"Chad","labelrank":4}},{"type":"Feature","geometry":{"type":"Point","coordinates":[21.55964996891575,14.959035549650878]},"properties":{"kind":"state_label","name":"Wadi Fira","country":"Chad","labelrank":4}},{"type":"Feature","geometry":{"type":"Point","coordinates":[24.055946689119992,30.160444578421533]},"properties":{"kind":"state_label","name":"Al Butnan","country":"Libya","labelrank":4}},{"type":"Feature","geometry":{"type":"Point","coordinates":[21.740254350435748,29.13522451410003]},"properties":{"kind":"state_label","name":"Ajdabiya","country":"Libya","labelrank":6}},{"type":"Feature","geometry":{"type":"Point","coordinates":[42.07669090078571,-0.1881916238999395]},"properties":{"kind":"state_label","name":"Jubbada Hoose","country":"Somalia","labelrank":5}},{"type":"Feature","geometry":{"type":"Point","coordinates":[39.556917796000135,-2.350663344395187]},"properties":{"kind":"state_label","name":"Coast","country":"Kenya","labelrank":4}},{"type":"Feature","geometry":{"type":"Point","coordinates":[34.0226575052896,-1.746688533774801]},"properties":{"kind":"state_label","name":"Mara","country":"United Republic of Tanzania","labelrank":5}},{"type":"Feature","geometry":{"type":"Point","coordinates":[34.61068322451047,-0.5529084693675159]},"properties":{"kind":"state_label","name":"Nyanza","country":"Kenya","labelrank":4}},{"type":"Feature","geometry":{"type":"Point","coordinates":[36.08682336170875,-2.9181386933959743]},"properties":{"kind":"state_label","name":"Arusha","country":"United Republic of Tanzania","labelrank":7}},{"type":"Feature","geometry":{"type":"Point","coordinates":[37.651163415109494,-3.7468769266288575]},"properties":{"kind":"state_label","name":"Kilimanjaro","country":"United Republic of Tanzania","labelrank":5}},{"type":"Feature","geometry":{"type":"Point","coordinates":[38.14112124941417,-5.115462645184948]},"properties":{"kind":"state_label","name":"Tanga","country":"United Republic of Tanzania","labelrank":7}},{"type":"Feature","geometry":{"type":"Point","coordinates":[10.136412794706075,0.24163239147017634]},"properties":{"kind":"state_label","name":"Estuaire","country":"Gabon","labelrank":5}},{"type":"Feature","geometry":{"type":"Point","coordinates":[-13.629579502641946,17.337753808780583]},"properties":{"kind":"state_label","name":"Brakna","country":"Mauritania","labelrank":4}},{"type":"Feature","geometry":{"type":"Point","coordinates":[-14.605706957049648,17.404672044100693]},"properties":{"kind":"state_label","name":"Trarza","country":"Mauritania","labelrank":4}},{"type":"Feature","geometry":{"type":"Point","coordinates":[-12.863835004834371,15.994717703858953]},"properties":{"kind":"state_label","name":"Gorgol","country":"Mauritania","labelrank":4}},{"type":"Feature","geometry":{"type":"Point","coordinates":[-12.123482557224236,15.394913740684288]},"properties":{"kind":"state_label","name":"Guidimaka","country":"Mauritania","labelrank":4}},{"type":"Feature","geometry":{"type":"Point","coordinates":[-7.251516075916342,19.30870183950003]},"properties":{"kind":"state_label","name":"Hodh ech Chargui","country":"Mauritania","labelrank":4}},{"type":"Feature","geometry":{"type":"Point","coordinates":[-9.691431342132745,16.543784182493766]},"properties":{"kind":"state_label","name":"Hodh el Gharbi","country":"Mauritania","labelrank":4}},{"type":"Feature","geometry":{"type":"Point","coordinates":[-11.710609099280532,16.706913760579923]},"properties":{"kind":"state_label","name":"Assaba","country":"Mauritania","labelrank":4}},{"type":"Feature","geometry":{"type":"Point","coordinates":[23.764373751247604,-15.661265560425164]},"properties":{"kind":"state_label","name":"Western","country":"Zambia","labelrank":4}},{"type":"Feature","geometry":{"type":"Point","coordinates":[19.922019080559494,-15.80187713304879]},"properties":{"kind":"state_label","name":"Cuando Cubango","country":"Angola","labelrank":4}},{"type":"Feature","geometry":{"type":"Point","coordinates":[21.00347761756622,-13.377296444625244]},"properties":{"kind":"state_label","name":"Moxico","country":"Angola","labelrank":4}},{"type":"Feature","geometry":{"type":"Point","coordinates":[24.78484887357712,-12.794437964489696]},"properties":{"kind":"state_label","name":"North-Western","country":"Zambia","labelrank":4}},{"type":"Feature","geometry":{"type":"Point","coordinates":[12.675251288203782,-15.393762508803555]},"properties":{"kind":"state_label","name":"Namibe","country":"Angola","labelrank":6}},{"type":"Feature","geometry":{"type":"Point","coordinates":[14.215215488009136,-19.069326270499943]},"properties":{"kind":"state_label","name":"Kunene","country":"Namibia","labelrank":4}},{"type":"Feature","geometry":{"type":"Point","coordinates":[15.28098493845414,-16.287118832620052]},"properties":{"kind":"state_label","name":"Cunene","country":"Angola","labelrank":4}},{"type":"Feature","geometry":{"type":"Point","coordinates":[14.891783887766195,-18.40288116143477]},"properties":{"kind":"state_label","name":"Omusati","country":"Namibia","labelrank":4}},{"type":"Feature","geometry":{"type":"Point","coordinates":[16.77979866600009,-17.651529432420872]},"properties":{"kind":"state_label","name":"Ohangwena","country":"Namibia","labelrank":4}},{"type":"Feature","geometry":{"type":"Point","coordinates":[19.49680472116094,-18.289010747629185]},"properties":{"kind":"state_label","name":"Kavango","country":"Namibia","labelrank":4}},{"type":"Feature","geometry":{"type":"Point","coordinates":[23.123117623477853,-17.974767353499935]},"properties":{"kind":"state_label","name":"Caprivi","country":"Namibia","labelrank":4}},{"type":"Feature","geometry":{"type":"Point","coordinates":[32.775239702223246,-15.868772274589169]},"properties":{"kind":"state_label","name":"Tete","country":"Mozambique","labelrank":6}},{"type":"Feature","geometry":{"type":"Point","coordinates":[31.66608863685687,-17.976989844334227]},"properties":{"kind":"state_label","name":"Mashonaland East","country":"Zimbabwe","labelrank":5}},{"type":"Feature","geometry":{"type":"Point","coordinates":[33.46798811538059,-18.999356785237467]},"properties":{"kind":"state_label","name":"Manica","country":"Mozambique","labelrank":4}},{"type":"Feature","geometry":{"type":"Point","coordinates":[32.120731849395014,-19.289899962999897]},"properties":{"kind":"state_label","name":"Manicaland","country":"Zimbabwe","labelrank":5}},{"type":"Feature","geometry":{"type":"Point","coordinates":[32.879628536500064,-23.33474628221515]},"properties":{"kind":"state_label","name":"Gaza","country":"Mozambique","labelrank":4}},{"type":"Feature","geometry":{"type":"Point","coordinates":[13.621352636949496,-6.817191389360331]},"properties":{"kind":"state_label","name":"Zaire","country":"Angola","labelrank":4}},{"type":"Feature","geometry":{"type":"Point","coordinates":[15.447689352781396,-7.131424455509638]},"properties":{"kind":"state_label","name":"U\u00edge","country":"Angola","labelrank":6}},{"type":"Feature","geometry":{"type":"Point","coordinates":[21.714442376314594,-5.120203952850147]},"properties":{"kind":"state_label","name":"Kasa\u00ef-Occidental","country":"Democratic Republic of the Congo","labelrank":6}},{"type":"Feature","geometry":{"type":"Point","coordinates":[19.626972490135046,-8.666162817768821]},"properties":{"kind":"state_label","name":"Lunda Norte","country":"Angola","labelrank":4}},{"type":"Feature","geometry":{"type":"Point","coordinates":[16.973129713115753,-9.523888644994969]},"properties":{"kind":"state_label","name":"Malanje","country":"Angola","labelrank":6}},{"type":"Feature","geometry":{"type":"Point","coordinates":[20.38232690127697,-9.903452039929704]},"properties":{"kind":"state_label","name":"Lunda Sul","country":"Angola","labelrank":4}},{"type":"Feature","geometry":{"type":"Point","coordinates":[17.2169908005001,-24.521112765791486]},"properties":{"kind":"state_label","name":"Hardap","country":"Namibia","labelrank":4}},{"type":"Feature","geometry":{"type":"Point","coordinates":[18.28787625632937,-20.5669355199083]},"properties":{"kind":"state_label","name":"Otjozondjupa","country":"Namibia","labelrank":4}},{"type":"Feature","geometry":{"type":"Point","coordinates":[19.474087765189523,-22.053616061785775]},"properties":{"kind":"state_label","name":"Omaheke","country":"Namibia","labelrank":4}},{"type":"Feature","geometry":{"type":"Point","coordinates":[22.708825721141693,-22.15924142764976]},"properties":{"kind":"state_label","name":"Ghanzi","country":"Botswana","labelrank":6}},{"type":"Feature","geometry":{"type":"Point","coordinates":[-14.98008234327554,13.57153932671212]},"properties":{"kind":"state_label","name":"Central River","country":"Gambia","labelrank":6}},{"type":"Feature","geometry":{"type":"Point","coordinates":[-15.931654565138217,13.489190873455243]},"properties":{"kind":"state_label","name":"North Bank","country":"Gambia","labelrank":6}},{"type":"Feature","geometry":{"type":"Point","coordinates":[-14.185410832512346,13.403859965000052]},"properties":{"kind":"state_label","name":"Upper River","country":"Gambia","labelrank":6}},{"type":"Feature","geometry":{"type":"Point","coordinates":[-15.704470636146084,13.405599310126085]},"properties":{"kind":"state_label","name":"Lower River","country":"Gambia","labelrank":6}},{"type":"Feature","geometry":{"type":"Point","coordinates":[-16.327034273999928,13.234991766500059]},"properties":{"kind":"state_label","name":"West Coast","country":"Gambia","labelrank":6}},{"type":"Feature","geometry":{"type":"Point","coordinates":[12.835500729397296,27.89250967043492]},"properties":{"kind":"state_label","name":"Ash Shati'","country":"Libya","labelrank":4}},{"type":"Feature","geometry":{"type":"Point","coordinates":[10.42939436538228,26.072490263015197]},"properties":{"kind":"state_label","name":"Ghat","country":"Libya","labelrank":4}},{"type":"Feature","geometry":{"type":"Point","coordinates":[14.355382117494258,3.8848927851689368]},"properties":{"kind":"state_label","name":"Est","country":"Cameroon","labelrank":5}},{"type":"Feature","geometry":{"type":"Point","coordinates":[30.12578901861866,-25.73691832407141]},"properties":{"kind":"state_label","name":"Mpumalanga","country":"South Africa","labelrank":2}},{"type":"Feature","geometry":{"type":"Point","coordinates":[29.40469608245597,-10.413839176499906]},"properties":{"kind":"state_label","name":"Luapula","country":"Zambia","labelrank":4}},{"type":"Feature","geometry":{"type":"Point","coordinates":[27.927188329801098,-13.082017713746495]},"properties":{"kind":"state_label","name":"Copperbelt","country":"Zambia","labelrank":4}},{"type":"Feature","geometry":{"type":"Point","coordinates":[28.375482822674087,-13.8724604225105]},"properties":{"kind":"state_label","name":"Central","country":"Zambia","labelrank":4}},{"type":"Feature","geometry":{"type":"Point","coordinates":[-2.1442825963923866,10.339957200442164]},"properties":{"kind":"state_label","name":"Upper West","country":"Ghana","labelrank":5}},{"type":"Feature","geometry":{"type":"Point","coordinates":[37.13051130800005,-16.95229135492312]},"properties":{"kind":"state_label","name":"Zambezia","country":"Mozambique","labelrank":4}},{"type":"Feature","geometry":{"type":"Point","coordinates":[34.53068810751586,0.4936596365000625]},"properties":{"kind":"state_label","name":"Western","country":"Kenya","labelrank":4}},{"type":"Feature","geometry":{"type":"Point","coordinates":[35.88180609035308,19.492467658207936]},"properties":{"kind":"state_label","name":"Red Sea","country":"Sudan","labelrank":3}},{"type":"Feature","geometry":{"type":"Point","coordinates":[35.59801314012182,15.88971517616443]},"properties":{"kind":"state_label","name":"Kassala","country":"Sudan","labelrank":3}},{"type":"Feature","geometry":{"type":"Point","coordinates":[72.34502078950797,30.862122093490676]},"properties":{"kind":"state_label","name":"Punjab","country":"Pakistan","labelrank":3}},{"type":"Feature","geometry":{"type":"Point","coordinates":[75.37636030732565,31.0382866483601]},"properties":{"kind":"state_label","name":"Punjab","country":"India","labelrank":2}},{"type":"Feature","geometry":{"type":"Point","coordinates":[73.85580712545743,26.620069377799524]},"properties":{"kind":"state_label","name":"Rajasthan","country":"India","labelrank":2}},{"type":"Feature","geometry":{"type":"Point","coordinates":[68.86845828850011,26.11148265216093]},"properties":{"kind":"state_label","name":"Sind","country":"Pakistan","labelrank":3}},{"type":"Feature","geometry":{"type":"Point","coordinates":[71.30122745113837,22.390503706309964]},"properties":{"kind":"state_label","name":"Gujarat","country":"India","labelrank":2}},{"type":"Feature","geometry":{"type":"Point","coordinates":[0.3187158540000752,61.313950913500065]},"properties":{"kind":"state_label","name":"Alaska","country":"United States of America","labelrank":6}},{"type":"Feature","geometry":{"type":"Point","coordinates":[-132.41233364551596,64.82713023550005]},"properties":{"kind":"state_label","name":"Yukon","country":"Canada","labelrank":2}},{"type":"Feature","geometry":{"type":"Point","coordinates":[32.363456051455586,13.604557905672777]},"properties":{"kind":"state_label","name":"White Nile","country":"Sudan","labelrank":3}},{"type":"Feature","geometry":{"type":"Point","coordinates":[29.830122310996558,11.030346406261629]},"properties":{"kind":"state_label","name":"South Kordufan","country":"Sudan","labelrank":3}},{"type":"Feature","geometry":{"type":"Point","coordinates":[29.888641043000078,8.67562103676525]},"properties":{"kind":"state_label","name":"Unity","country":"S. Sudan","labelrank":3}},{"type":"Feature","geometry":{"type":"Point","coordinates":[113.41792352680932,22.87792867637694]},"properties":{"kind":"state_label","name":"Guangdong","country":"China","labelrank":2}},{"type":"Feature","geometry":{"type":"Point","coordinates":[27.534965651043933,8.89771950035464]},"properties":{"kind":"state_label","name":"Northern Bahr el Ghazal","country":"S. Sudan","labelrank":3}},{"type":"Feature","geometry":{"type":"Point","coordinates":[26.538403459738873,11.270165510250848]},"properties":{"kind":"state_label","name":"Eastern Darfur","country":"Sudan","labelrank":3}},{"type":"Feature","geometry":{"type":"Point","coordinates":[77.28745853033686,31.807516180627204]},"properties":{"kind":"state_label","name":"Himachal Pradesh","country":"India","labelrank":2}},{"type":"Feature","geometry":{"type":"Point","coordinates":[63.3838877765001,45.97833160400006]},"properties":{"kind":"state_label","name":"Baykonur lease in Qyzylorda","country":"Baykonur Cosmodrome","labelrank":6}},{"type":"Feature","geometry":{"type":"Point","coordinates":[75.25734948468462,33.537010501547776]},"properties":{"kind":"state_label","name":"Jammu and Kashmir","country":"India","labelrank":2}},{"type":"Feature","geometry":{"type":"Point","coordinates":[34.55998782650005,45.29957724779652]},"properties":{"kind":"state_label","name":"Crimea","country":"Russia","labelrank":6}},{"type":"Feature","geometry":{"type":"Point","coordinates":[33.3919730655135,46.650090075596495]},"properties":{"kind":"state_label","name":"Kherson","country":"Ukraine","labelrank":5}},{"type":"Feature","geometry":{"type":"Point","coordinates":[85.81344974156227,25.909284874564882]},"properties":{"kind":"state_label","name":"Bihar","country":"India","labelrank":2}},{"type":"Feature","geometry":{"type":"Point","coordinates":[80.8353039899871,27.15653392160317]},"properties":{"kind":"state_label","name":"Uttar Pradesh","country":"India","labelrank":2}},{"type":"Feature","geometry":{"type":"Point","coordinates":[74.32774802640026,33.97336086021551]},"properties":{"kind":"state_label","name":"Azad Kashmir","country":"Pakistan","labelrank":3}},{"type":"Feature","geometry":{"type":"Point","coordinates":[-7.538996647827048,42.19220208334806]},"properties":{"kind":"state_label","name":"Orense","country":"Spain","labelrank":3}},{"type":"Feature","geometry":{"type":"Point","coordinates":[-6.250827803209674,39.75589678206083]},"properties":{"kind":"state_label","name":"C\u00e1ceres","country":"Spain","labelrank":3}},{"type":"Feature","geometry":{"type":"Point","coordinates":[-6.019125672038712,40.77367857844523]},"properties":{"kind":"state_label","name":"Salamanca","country":"Spain","labelrank":3}},{"type":"Feature","geometry":{"type":"Point","coordinates":[-6.128435878562954,41.68451234107164]},"properties":{"kind":"state_label","name":"Zamora","country":"Spain","labelrank":3}},{"type":"Feature","geometry":{"type":"Point","coordinates":[-8.405382645756418,42.370957482869926]},"properties":{"kind":"state_label","name":"Pontevedra","country":"Spain","labelrank":3}},{"type":"Feature","geometry":{"type":"Point","coordinates":[-6.827050293209169,37.50873444236814]},"properties":{"kind":"state_label","name":"Huelva","country":"Spain","labelrank":3}},{"type":"Feature","geometry":{"type":"Point","coordinates":[43.72935184091742,34.578393561735396]},"properties":{"kind":"state_label","name":"Sala ad-Din","country":"Iraq","labelrank":5}},{"type":"Feature","geometry":{"type":"Point","coordinates":[44.035379673172145,35.3050158759049]},"properties":{"kind":"state_label","name":"At-Ta'mim","country":"Iraq","labelrank":5}},{"type":"Feature","geometry":{"type":"Point","coordinates":[-60.02683915894983,-37.15079578994619]},"properties":{"kind":"state_label","name":"Buenos Aires","country":"Argentina","labelrank":3}},{"type":"Feature","geometry":{"type":"Point","coordinates":[-45.27786383734622,-5.686399888786525]},"properties":{"kind":"state_label","name":"Maranh\u00e3o","country":"Brazil","labelrank":2}},{"type":"Feature","geometry":{"type":"Point","coordinates":[-43.197357753957164,-6.820545546339503]},"properties":{"kind":"state_label","name":"Piau\u00ed","country":"Brazil","labelrank":2}},{"type":"Feature","geometry":{"type":"Point","coordinates":[-39.34288443632698,-5.320150038402943]},"properties":{"kind":"state_label","name":"Cear\u00e1","country":"Brazil","labelrank":2}},{"type":"Feature","geometry":{"type":"Point","coordinates":[-33.97721849235552,-3.043236585754073]},"properties":{"kind":"state_label","name":"Rio Grande do Norte","country":"Brazil","labelrank":2}},{"type":"Feature","geometry":{"type":"Point","coordinates":[-36.76899146192619,-7.152973931201984]},"properties":{"kind":"state_label","name":"Para\u00edba","country":"Brazil","labelrank":2}},{"type":"Feature","geometry":{"type":"Point","coordinates":[-38.08805322348826,-8.378868096335594]},"properties":{"kind":"state_label","name":"Pernambuco","country":"Brazil","labelrank":2}},{"type":"Feature","geometry":{"type":"Point","coordinates":[-36.69176762624364,-9.66735849403014]},"properties":{"kind":"state_label","name":"Alagoas","country":"Brazil","labelrank":2}},{"type":"Feature","geometry":{"type":"Point","coordinates":[-37.326456977508826,-10.547857150237292]},"properties":{"kind":"state_label","name":"Sergipe","country":"Brazil","labelrank":2}},{"type":"Feature","geometry":{"type":"Point","coordinates":[-41.96634192579708,-13.425923346135505]},"properties":{"kind":"state_label","name":"Bahia","country":"Brazil","labelrank":2}},{"type":"Feature","geometry":{"type":"Point","coordinates":[-35.37946061853026,-19.574143233323554]},"properties":{"kind":"state_label","name":"Esp\u00edrito Santo","country":"Brazil","labelrank":2}},{"type":"Feature","geometry":{"type":"Point","coordinates":[-42.91238420312652,-22.06503752988857]},"properties":{"kind":"state_label","name":"Rio de Janeiro","country":"Brazil","labelrank":2}},{"type":"Feature","geometry":{"type":"Point","coordinates":[-48.66498267316183,-22.544037338152634]},"properties":{"kind":"state_label","name":"S\u00e3o Paulo","country":"Brazil","labelrank":2}},{"type":"Feature","geometry":{"type":"Point","coordinates":[-58.43778155437522,-34.64825392387948]},"properties":{"kind":"state_label","name":"Ciudad de Buenos Aires","country":"Argentina","labelrank":3}},{"type":"Feature","geometry":{"type":"Point","coordinates":[164.849007273987,-20.615330702387894]},"properties":{"kind":"state_label","name":"Nord","country":"New Caledonia","labelrank":5}},{"type":"Feature","geometry":{"type":"Point","coordinates":[120.95978010457588,-24.430718682999924]},"properties":{"kind":"state_label","name":"Western Australia","country":"Australia","labelrank":2}},{"type":"Feature","geometry":{"type":"Point","coordinates":[133.50015133877957,-18.484134209898997]},"properties":{"kind":"state_label","name":"Northern Territory","country":"Australia","labelrank":2}},{"type":"Feature","geometry":{"type":"Point","coordinates":[46.11458447199507,-16.217043049089597]},"properties":{"kind":"state_label","name":"Boeny","country":"Madagascar","labelrank":6}},{"type":"Feature","geometry":{"type":"Point","coordinates":[48.3209320411805,-15.31459461849687]},"properties":{"kind":"state_label","name":"Sofia","country":"Madagascar","labelrank":6}},{"type":"Feature","geometry":{"type":"Point","coordinates":[48.75566653739844,-13.094526259035405]},"properties":{"kind":"state_label","name":"Diana","country":"Madagascar","labelrank":7}},{"type":"Feature","geometry":{"type":"Point","coordinates":[49.80039818644076,-14.329603774215059]},"properties":{"kind":"state_label","name":"Sava","country":"Madagascar","labelrank":7}},{"type":"Feature","geometry":{"type":"Point","coordinates":[49.43014375405127,-16.346557406049442]},"properties":{"kind":"state_label","name":"Analanjirofo","country":"Madagascar","labelrank":6}},{"type":"Feature","geometry":{"type":"Point","coordinates":[48.59432335764669,-18.983246566625922]},"properties":{"kind":"state_label","name":"Atsinanana","country":"Madagascar","labelrank":6}},{"type":"Feature","geometry":{"type":"Point","coordinates":[47.83974011017568,-21.408580727295615]},"properties":{"kind":"state_label","name":"Vatovavy-Fitovinany","country":"Madagascar","labelrank":6}},{"type":"Feature","geometry":{"type":"Point","coordinates":[47.1472129197972,-23.23122780811687]},"properties":{"kind":"state_label","name":"Atsimo-Atsinanana","country":"Madagascar","labelrank":6}},{"type":"Feature","geometry":{"type":"Point","coordinates":[46.35171757750416,-23.935630385184112]},"properties":{"kind":"state_label","name":"Anosy","country":"Madagascar","labelrank":4}},{"type":"Feature","geometry":{"type":"Point","coordinates":[45.482717318149696,-24.741516439731328]},"properties":{"kind":"state_label","name":"Androy","country":"Madagascar","labelrank":4}},{"type":"Feature","geometry":{"type":"Point","coordinates":[44.50668867352368,-23.116376641918492]},"properties":{"kind":"state_label","name":"Atsimo-Andrefana","country":"Madagascar","labelrank":4}},{"type":"Feature","geometry":{"type":"Point","coordinates":[44.700411411135974,-20.04654855741998]},"properties":{"kind":"state_label","name":"Menabe","country":"Madagascar","labelrank":4}},{"type":"Feature","geometry":{"type":"Point","coordinates":[44.9467924329679,-17.742480563793322]},"properties":{"kind":"state_label","name":"Melaky","country":"Madagascar","labelrank":6}},{"type":"Feature","geometry":{"type":"Point","coordinates":[135.0000995213503,-32.035240980898976]},"properties":{"kind":"state_label","name":"South Australia","country":"Australia","labelrank":2}},{"type":"Feature","geometry":{"type":"Point","coordinates":[145.77450605550007,-19.20539458595954]},"properties":{"kind":"state_label","name":"Queensland","country":"Australia","labelrank":2}},{"type":"Feature","geometry":{"type":"Point","coordinates":[147.3153664483503,-32.82977854599065]},"properties":{"kind":"state_label","name":"New South Wales","country":"Australia","labelrank":2}},{"type":"Feature","geometry":{"type":"Point","coordinates":[150.69170169350002,-35.15991847143687]},"properties":{"kind":"state_label","name":"Jervis Bay Territory","country":"Australia","labelrank":2}},{"type":"Feature","geometry":{"type":"Point","coordinates":[145.4695804428331,-36.56570220310729]},"properties":{"kind":"state_label","name":"Victoria","country":"Australia","labelrank":2}},{"type":"Feature","geometry":{"type":"Point","coordinates":[15.050330915173035,-10.93964202241142]},"properties":{"kind":"state_label","name":"Cuanza Sul","country":"Angola","labelrank":4}},{"type":"Feature","geometry":{"type":"Point","coordinates":[13.811773104775796,-12.811414076198673]},"properties":{"kind":"state_label","name":"Benguela","country":"Angola","labelrank":7}},{"type":"Feature","geometry":{"type":"Point","coordinates":[15.082348056513894,-22.150430595995232]},"properties":{"kind":"state_label","name":"Erongo","country":"Namibia","labelrank":4}},{"type":"Feature","geometry":{"type":"Point","coordinates":[27.872453345869715,-38.718251235104276]},"properties":{"kind":"state_label","name":"Western Cape","country":"South Africa","labelrank":2}},{"type":"Feature","geometry":{"type":"Point","coordinates":[32.587686560142224,-25.9178199048242]},"properties":{"kind":"state_label","name":"Maputo","country":"Mozambique","labelrank":7}},{"type":"Feature","geometry":{"type":"Point","coordinates":[34.376100294645795,-22.902425022336757]},"properties":{"kind":"state_label","name":"Inhambane","country":"Mozambique","labelrank":6}},{"type":"Feature","geometry":{"type":"Point","coordinates":[34.800206943245826,-19.076044609770946]},"properties":{"kind":"state_label","name":"Sofala","country":"Mozambique","labelrank":4}},{"type":"Feature","geometry":{"type":"Point","coordinates":[38.78136681450624,-15.16238046644554]},"properties":{"kind":"state_label","name":"Nampula","country":"Mozambique","labelrank":6}},{"type":"Feature","geometry":{"type":"Point","coordinates":[38.42342318180834,-9.380202325377013]},"properties":{"kind":"state_label","name":"Lindi","country":"United Republic of Tanzania","labelrank":6}},{"type":"Feature","geometry":{"type":"Point","coordinates":[38.85610944967854,-7.174600518399217]},"properties":{"kind":"state_label","name":"Pwani","country":"United Republic of Tanzania","labelrank":5}},{"type":"Feature","geometry":{"type":"Point","coordinates":[39.28576317672446,-6.871840101999936]},"properties":{"kind":"state_label","name":"Dar-Es-Salaam","country":"United Republic of Tanzania","labelrank":9}},{"type":"Feature","geometry":{"type":"Point","coordinates":[113.42017842708117,-7.251967055499932]},"properties":{"kind":"state_label","name":"Jawa Timur","country":"Indonesia","labelrank":2}},{"type":"Feature","geometry":{"type":"Point","coordinates":[130.33118737100006,-5.565687758499934]},"properties":{"kind":"state_label","name":"Maluku","country":"Indonesia","labelrank":2}},{"type":"Feature","geometry":{"type":"Point","coordinates":[117.51613085050008,-8.59527938599993]},"properties":{"kind":"state_label","name":"Nusa Tenggara Barat","country":"Indonesia","labelrank":2}},{"type":"Feature","geometry":{"type":"Point","coordinates":[120.59494062600004,-4.62729501750789]},"properties":{"kind":"state_label","name":"Sulawesi Selatan","country":"Indonesia","labelrank":2}},{"type":"Feature","geometry":{"type":"Point","coordinates":[110.10979678691919,-7.029005192746559]},"properties":{"kind":"state_label","name":"Jawa Tengah","country":"Indonesia","labelrank":2}},{"type":"Feature","geometry":{"type":"Point","coordinates":[107.63524282994086,-6.866410989999906]},"properties":{"kind":"state_label","name":"Jawa Barat","country":"Indonesia","labelrank":2}},{"type":"Feature","geometry":{"type":"Point","coordinates":[106.83671430881827,-6.220187066602421]},"properties":{"kind":"state_label","name":"Jakarta Raya","country":"Indonesia","labelrank":9}},{"type":"Feature","geometry":{"type":"Point","coordinates":[105.9419311863692,-6.441867771499915]},"properties":{"kind":"state_label","name":"Banten","country":"Indonesia","labelrank":2}},{"type":"Feature","geometry":{"type":"Point","coordinates":[110.44314967979395,-7.880448842421971]},"properties":{"kind":"state_label","name":"Yogyakarta","country":"Indonesia","labelrank":7}},{"type":"Feature","geometry":{"type":"Point","coordinates":[122.47083580800006,-4.446500135890233]},"properties":{"kind":"state_label","name":"Sulawesi Tenggara","country":"Indonesia","labelrank":2}},{"type":"Feature","geometry":{"type":"Point","coordinates":[132.48998131651535,-1.612399997999944]},"properties":{"kind":"state_label","name":"Papua Barat","country":"Indonesia","labelrank":2}},{"type":"Feature","geometry":{"type":"Point","coordinates":[121.68830447705739,-0.946099542499951]},"properties":{"kind":"state_label","name":"Sulawesi Tengah","country":"Indonesia","labelrank":2}},{"type":"Feature","geometry":{"type":"Point","coordinates":[126.93608645900002,0.07969798400006312]},"properties":{"kind":"state_label","name":"Maluku Utara","country":"Indonesia","labelrank":2}},{"type":"Feature","geometry":{"type":"Point","coordinates":[106.21436608200005,2.0553246115000547]},"properties":{"kind":"state_label","name":"Kepulauan Riau","country":"Indonesia","labelrank":2}},{"type":"Feature","geometry":{"type":"Point","coordinates":[101.93984093585962,0.7348025577156534]},"properties":{"kind":"state_label","name":"Riau","country":"Indonesia","labelrank":2}},{"type":"Feature","geometry":{"type":"Point","coordinates":[122.3307556496535,0.6627512564148219]},"properties":{"kind":"state_label","name":"Gorontalo","country":"Indonesia","labelrank":7}},{"type":"Feature","geometry":{"type":"Point","coordinates":[125.12147682415127,2.915940659500052]},"properties":{"kind":"state_label","name":"Sulawesi Utara","country":"Indonesia","labelrank":2}},{"type":"Feature","geometry":{"type":"Point","coordinates":[119.31541222502574,-2.203840344986361]},"properties":{"kind":"state_label","name":"Sulawesi Barat","country":"Indonesia","labelrank":2}},{"type":"Feature","geometry":{"type":"Point","coordinates":[-77.00065900909712,2.1450373398013767]},"properties":{"kind":"state_label","name":"Cauca","country":"Colombia","labelrank":5}},{"type":"Feature","geometry":{"type":"Point","coordinates":[-70.75461881131349,-16.889288098509752]},"properties":{"kind":"state_label","name":"Moquegua","country":"Peru","labelrank":7}},{"type":"Feature","geometry":{"type":"Point","coordinates":[-72.95643208133417,-15.98857196741632]},"properties":{"kind":"state_label","name":"Arequipa","country":"Peru","labelrank":6}},{"type":"Feature","geometry":{"type":"Point","coordinates":[-75.58037480071957,-14.209855924626197]},"properties":{"kind":"state_label","name":"Ica","country":"Peru","labelrank":7}},{"type":"Feature","geometry":{"type":"Point","coordinates":[-76.67889871309318,-11.80362851071105]},"properties":{"kind":"state_label","name":"Lima","country":"Peru","labelrank":4}},{"type":"Feature","geometry":{"type":"Point","coordinates":[-76.92110118556587,-12.031372550870884]},"properties":{"kind":"state_label","name":"Lima Province","country":"Peru","labelrank":9}},{"type":"Feature","geometry":{"type":"Point","coordinates":[-77.18063789378692,-12.057472853571618]},"properties":{"kind":"state_label","name":"Callao","country":"Peru","labelrank":9}},{"type":"Feature","geometry":{"type":"Point","coordinates":[-77.70005777644116,-9.379504693386906]},"properties":{"kind":"state_label","name":"\u00c1ncash","country":"Peru","labelrank":4}},{"type":"Feature","geometry":{"type":"Point","coordinates":[-78.27666152682605,-7.962330551683021]},"properties":{"kind":"state_label","name":"La Libertad","country":"Peru","labelrank":4}},{"type":"Feature","geometry":{"type":"Point","coordinates":[-79.8965796523077,-6.354359220081712]},"properties":{"kind":"state_label","name":"Lambayeque","country":"Peru","labelrank":4}},{"type":"Feature","geometry":{"type":"Point","coordinates":[-76.59287245889072,4.064287116207424]},"properties":{"kind":"state_label","name":"Valle del Cauca","country":"Colombia","labelrank":5}},{"type":"Feature","geometry":{"type":"Point","coordinates":[102.82274865053336,-1.7642709593372956]},"properties":{"kind":"state_label","name":"Jambi","country":"Indonesia","labelrank":6}},{"type":"Feature","geometry":{"type":"Point","coordinates":[104.0732938980955,-3.317833347131284]},"properties":{"kind":"state_label","name":"Sumatera Selatan","country":"Indonesia","labelrank":2}},{"type":"Feature","geometry":{"type":"Point","coordinates":[104.75891577093122,-4.841045423986742]},"properties":{"kind":"state_label","name":"Lampung","country":"Indonesia","labelrank":2}},{"type":"Feature","geometry":{"type":"Point","coordinates":[102.39593475717919,-3.867763563619917]},"properties":{"kind":"state_label","name":"Bengkulu","country":"Indonesia","labelrank":7}},{"type":"Feature","geometry":{"type":"Point","coordinates":[100.21815473801979,-1.2231727024405075]},"properties":{"kind":"state_label","name":"Sumatera Barat","country":"Indonesia","labelrank":2}},{"type":"Feature","geometry":{"type":"Point","coordinates":[98.75381391768028,1.854087225658219]},"properties":{"kind":"state_label","name":"Sumatera Utara","country":"Indonesia","labelrank":2}},{"type":"Feature","geometry":{"type":"Point","coordinates":[96.64759362050003,3.962408758500061]},"properties":{"kind":"state_label","name":"Aceh","country":"Indonesia","labelrank":6}},{"type":"Feature","geometry":{"type":"Point","coordinates":[113.28541100402524,-1.4159884580996334]},"properties":{"kind":"state_label","name":"Kalimantan Tengah","country":"Indonesia","labelrank":2}},{"type":"Feature","geometry":{"type":"Point","coordinates":[115.4417867174923,-3.0942784557552727]},"properties":{"kind":"state_label","name":"Kalimantan Selatan","country":"Indonesia","labelrank":2}},{"type":"Feature","geometry":{"type":"Point","coordinates":[-75.50709103032676,7.151756961555145]},"properties":{"kind":"state_label","name":"Antioquia","country":"Colombia","labelrank":5}},{"type":"Feature","geometry":{"type":"Point","coordinates":[-75.65218553313585,8.405172023649953]},"properties":{"kind":"state_label","name":"C\u00f3rdoba","country":"Colombia","labelrank":5}},{"type":"Feature","geometry":{"type":"Point","coordinates":[-75.12363718195749,9.211505235728026]},"properties":{"kind":"state_label","name":"Sucre","country":"Colombia","labelrank":5}},{"type":"Feature","geometry":{"type":"Point","coordinates":[-74.72913409034325,8.903462894677372]},"properties":{"kind":"state_label","name":"Bol\u00edvar","country":"Colombia","labelrank":5}},{"type":"Feature","geometry":{"type":"Point","coordinates":[-74.99409908735296,10.677538769362394]},"properties":{"kind":"state_label","name":"Atl\u00e1ntico","country":"Colombia","labelrank":5}},{"type":"Feature","geometry":{"type":"Point","coordinates":[-74.2547902086512,10.12278554884901]},"properties":{"kind":"state_label","name":"Magdalena","country":"Colombia","labelrank":5}},{"type":"Feature","geometry":{"type":"Point","coordinates":[-71.23980628133481,8.519751593561182]},"properties":{"kind":"state_label","name":"M\u00e9rida","country":"Venezuela","labelrank":6}},{"type":"Feature","geometry":{"type":"Point","coordinates":[-70.55193457751486,9.495932318721515]},"properties":{"kind":"state_label","name":"Trujillo","country":"Venezuela","labelrank":7}},{"type":"Feature","geometry":{"type":"Point","coordinates":[-69.76042639899993,11.2518459130753]},"properties":{"kind":"state_label","name":"Falc\u00f3n","country":"Venezuela","labelrank":6}},{"type":"Feature","geometry":{"type":"Point","coordinates":[-68.74472266366999,10.293790594710174]},"properties":{"kind":"state_label","name":"Yaracuy","country":"Venezuela","labelrank":6}},{"type":"Feature","geometry":{"type":"Point","coordinates":[-67.97447587720995,10.207118129897765]},"properties":{"kind":"state_label","name":"Carabobo","country":"Venezuela","labelrank":6}},{"type":"Feature","geometry":{"type":"Point","coordinates":[-67.20947089271752,9.967350165184769]},"properties":{"kind":"state_label","name":"Aragua","country":"Venezuela","labelrank":6}},{"type":"Feature","geometry":{"type":"Point","coordinates":[-66.85655961798199,10.514310207377036]},"properties":{"kind":"state_label","name":"Vargas","country":"Venezuela","labelrank":7}},{"type":"Feature","geometry":{"type":"Point","coordinates":[-66.32296281582859,10.290535182921104]},"properties":{"kind":"state_label","name":"Miranda","country":"Venezuela","labelrank":6}},{"type":"Feature","geometry":{"type":"Point","coordinates":[-64.19493913463333,8.96076091157613]},"properties":{"kind":"state_label","name":"Anzo\u00e1tegui","country":"Venezuela","labelrank":6}},{"type":"Feature","geometry":{"type":"Point","coordinates":[-63.19092770049994,10.402044989000075]},"properties":{"kind":"state_label","name":"Sucre","country":"Venezuela","labelrank":6}},{"type":"Feature","geometry":{"type":"Point","coordinates":[-63.03336920772276,9.350191860765761]},"properties":{"kind":"state_label","name":"Monagas","country":"Venezuela","labelrank":6}},{"type":"Feature","geometry":{"type":"Point","coordinates":[80.74976138652184,15.896794847054537]},"properties":{"kind":"state_label","name":"Andhra Pradesh","country":"India","labelrank":2}},{"type":"Feature","geometry":{"type":"Point","coordinates":[5.191652459543349,6.812605364978658]},"properties":{"kind":"state_label","name":"Ondo","country":"Nigeria","labelrank":3}},{"type":"Feature","geometry":{"type":"Point","coordinates":[5.881939447090502,5.780073859221233]},"properties":{"kind":"state_label","name":"Delta","country":"Nigeria","labelrank":3}},{"type":"Feature","geometry":{"type":"Point","coordinates":[6.054318700638158,4.832596238554146]},"properties":{"kind":"state_label","name":"Bayelsa","country":"Nigeria","labelrank":3}},{"type":"Feature","geometry":{"type":"Point","coordinates":[6.98513736305506,5.031049912611451]},"properties":{"kind":"state_label","name":"Rivers","country":"Nigeria","labelrank":3}},{"type":"Feature","geometry":{"type":"Point","coordinates":[7.909643791877073,5.013732916613321]},"properties":{"kind":"state_label","name":"Akwa Ibom","country":"Nigeria","labelrank":3}},{"type":"Feature","geometry":{"type":"Point","coordinates":[10.226397242214386,4.3130522678478656]},"properties":{"kind":"state_label","name":"Littoral","country":"Cameroon","labelrank":5}},{"type":"Feature","geometry":{"type":"Point","coordinates":[9.651351556166645,-1.5085273095353666]},"properties":{"kind":"state_label","name":"Ogoou\u00e9-Maritime","country":"Gabon","labelrank":5}},{"type":"Feature","geometry":{"type":"Point","coordinates":[11.858753519261285,-4.798471774153617]},"properties":{"kind":"state_label","name":"Pointe Noire","country":"Republic of the Congo","labelrank":6}},{"type":"Feature","geometry":{"type":"Point","coordinates":[13.906194658056153,-9.029422702445771]},"properties":{"kind":"state_label","name":"Bengo","country":"Angola","labelrank":4}},{"type":"Feature","geometry":{"type":"Point","coordinates":[13.316555005930866,-8.955905215604222]},"properties":{"kind":"state_label","name":"Luanda","country":"Angola","labelrank":7}},{"type":"Feature","geometry":{"type":"Point","coordinates":[17.447565748448966,29.872926892534444]},"properties":{"kind":"state_label","name":"Surt","country":"Libya","labelrank":7}},{"type":"Feature","geometry":{"type":"Point","coordinates":[14.964440952238135,30.91321770624028]},"properties":{"kind":"state_label","name":"Misratah","country":"Libya","labelrank":7}},{"type":"Feature","geometry":{"type":"Point","coordinates":[13.997419874727399,32.35191577113447]},"properties":{"kind":"state_label","name":"Al Marqab","country":"Libya","labelrank":4}},{"type":"Feature","geometry":{"type":"Point","coordinates":[13.51538739331017,32.626191921371685]},"properties":{"kind":"state_label","name":"Tajura' wa an Nawahi al Arba","country":"Libya","labelrank":4}},{"type":"Feature","geometry":{"type":"Point","coordinates":[12.486814406209845,32.555012610592044]},"properties":{"kind":"state_label","name":"Az Zawiyah","country":"Libya","labelrank":7}},{"type":"Feature","geometry":{"type":"Point","coordinates":[-4.219891933515925,34.390106411148]},"properties":{"kind":"state_label","name":"Taza - Al Hoceima - Taounate","country":"Morocco","labelrank":6}},{"type":"Feature","geometry":{"type":"Point","coordinates":[-5.950257836903707,34.556934922608576]},"properties":{"kind":"state_label","name":"Gharb - Chrarda - B\u00e9ni Hssen","country":"Morocco","labelrank":5}},{"type":"Feature","geometry":{"type":"Point","coordinates":[-6.420771450791818,33.68519557899889]},"properties":{"kind":"state_label","name":"Rabat - Sal\u00e9 - Zemmour - Zaer","country":"Morocco","labelrank":5}},{"type":"Feature","geometry":{"type":"Point","coordinates":[-7.077495286528261,33.09073517533807]},"properties":{"kind":"state_label","name":"Chaouia - Ouardigha","country":"Morocco","labelrank":5}},{"type":"Feature","geometry":{"type":"Point","coordinates":[-7.613493442888107,33.54748759606457]},"properties":{"kind":"state_label","name":"Grand Casablanca","country":"Morocco","labelrank":9}},{"type":"Feature","geometry":{"type":"Point","coordinates":[-8.713620917466844,32.60564552307241]},"properties":{"kind":"state_label","name":"Doukkala - Abda","country":"Morocco","labelrank":5}},{"type":"Feature","geometry":{"type":"Point","coordinates":[-8.437562629132486,31.831700750888928]},"properties":{"kind":"state_label","name":"Marrakech - Tensift - Al Haouz","country":"Morocco","labelrank":6}},{"type":"Feature","geometry":{"type":"Point","coordinates":[-15.344975246776414,20.073339341537803]},"properties":{"kind":"state_label","name":"Inchiri","country":"Mauritania","labelrank":4}},{"type":"Feature","geometry":{"type":"Point","coordinates":[-15.920065365960353,18.139733079900708]},"properties":{"kind":"state_label","name":"Nouakchott","country":"Mauritania","labelrank":7}},{"type":"Feature","geometry":{"type":"Point","coordinates":[-16.674122687999926,13.415400992921832]},"properties":{"kind":"state_label","name":"Banjul","country":"Gambia","labelrank":6}},{"type":"Feature","geometry":{"type":"Point","coordinates":[-1.2655533301720823,5.658460341621463]},"properties":{"kind":"state_label","name":"Central","country":"Ghana","labelrank":5}},{"type":"Feature","geometry":{"type":"Point","coordinates":[0.10530917727669475,5.749463358647091]},"properties":{"kind":"state_label","name":"Greater Accra","country":"Ghana","labelrank":9}},{"type":"Feature","geometry":{"type":"Point","coordinates":[-109.13819302055927,18.93084219026369]},"properties":{"kind":"state_label","name":"Colima","country":"Mexico","labelrank":7}},{"type":"Feature","geometry":{"type":"Point","coordinates":[109.82496178500003,19.166449286000073]},"properties":{"kind":"state_label","name":"Hainan","country":"China","labelrank":2}},{"type":"Feature","geometry":{"type":"Point","coordinates":[-105.31681205041062,21.861277810519145]},"properties":{"kind":"state_label","name":"Nayarit","country":"Mexico","labelrank":4}},{"type":"Feature","geometry":{"type":"Point","coordinates":[-72.28416907449994,21.757879950000046]},"properties":{"kind":"state_label","name":"Providenciales and West Caicos","country":"Turks and Caicos Islands","labelrank":20}},{"type":"Feature","geometry":{"type":"Point","coordinates":[-71.57548987549993,21.528469142500057]},"properties":{"kind":"state_label","name":"South Caicos and East Caicos","country":"Turks and Caicos Islands","labelrank":20}},{"type":"Feature","geometry":{"type":"Point","coordinates":[-71.74079342349992,21.800075588000055]},"properties":{"kind":"state_label","name":"Middle Caicos","country":"Turks and Caicos Islands","labelrank":20}},{"type":"Feature","geometry":{"type":"Point","coordinates":[-71.94682776599993,21.893764552500045]},"properties":{"kind":"state_label","name":"North Caicos","country":"Turks and Caicos Islands","labelrank":20}},{"type":"Feature","geometry":{"type":"Point","coordinates":[118.13524539557449,25.94931294521018]},"properties":{"kind":"state_label","name":"Fujian","country":"China","labelrank":2}},{"type":"Feature","geometry":{"type":"Point","coordinates":[-112.58369911099993,25.43670891989862]},"properties":{"kind":"state_label","name":"Baja California Sur","country":"Mexico","labelrank":4}},{"type":"Feature","geometry":{"type":"Point","coordinates":[42.470612445983264,1.1299571805794244]},"properties":{"kind":"state_label","name":"Jubbada Dhexe","country":"Somalia","labelrank":5}},{"type":"Feature","geometry":{"type":"Point","coordinates":[44.18498294455722,1.9711131125977321]},"properties":{"kind":"state_label","name":"Shabeellaha Hoose","country":"Somalia","labelrank":5}},{"type":"Feature","geometry":{"type":"Point","coordinates":[45.43591514024445,2.0851658666300352]},"properties":{"kind":"state_label","name":"Banaadir","country":"Somalia","labelrank":5}},{"type":"Feature","geometry":{"type":"Point","coordinates":[46.0548736913191,3.0199451768783945]},"properties":{"kind":"state_label","name":"Shabeellaha Dhexe","country":"Somalia","labelrank":5}},{"type":"Feature","geometry":{"type":"Point","coordinates":[37.37134769021009,26.761923585242272]},"properties":{"kind":"state_label","name":"Tabuk","country":"Saudi Arabia","labelrank":6}},{"type":"Feature","geometry":{"type":"Point","coordinates":[39.437779168423845,24.9427672385672]},"properties":{"kind":"state_label","name":"Al Madinah","country":"Saudi Arabia","labelrank":6}},{"type":"Feature","geometry":{"type":"Point","coordinates":[41.15569198275486,21.044225170133657]},"properties":{"kind":"state_label","name":"Makkah","country":"Saudi Arabia","labelrank":6}},{"type":"Feature","geometry":{"type":"Point","coordinates":[-107.41458370669375,24.763204555495832]},"properties":{"kind":"state_label","name":"Sinaloa","country":"Mexico","labelrank":4}},{"type":"Feature","geometry":{"type":"Point","coordinates":[-91.42708720371314,30.971353314426295]},"properties":{"kind":"state_label","name":"Louisiana","country":"United States of America","labelrank":6}},{"type":"Feature","geometry":{"type":"Point","coordinates":[-89.87274784548666,32.590811322652286]},"properties":{"kind":"state_label","name":"Mississippi","country":"United States of America","labelrank":6}},{"type":"Feature","geometry":{"type":"Point","coordinates":[-86.69204716224672,32.61668209075299]},"properties":{"kind":"state_label","name":"Alabama","country":"United States of America","labelrank":6}},{"type":"Feature","geometry":{"type":"Point","coordinates":[-83.82965067998012,27.771324831550118]},"properties":{"kind":"state_label","name":"Florida","country":"United States of America","labelrank":6}},{"type":"Feature","geometry":{"type":"Point","coordinates":[-83.22068258120515,32.681571470746746]},"properties":{"kind":"state_label","name":"Georgia","country":"United States of America","labelrank":6}},{"type":"Feature","geometry":{"type":"Point","coordinates":[-80.96432271741013,33.62539471324541]},"properties":{"kind":"state_label","name":"South Carolina","country":"United States of America","labelrank":6}},{"type":"Feature","geometry":{"type":"Point","coordinates":[-79.88822001594363,35.228758913521546]},"properties":{"kind":"state_label","name":"North Carolina","country":"United States of America","labelrank":6}},{"type":"Feature","geometry":{"type":"Point","coordinates":[-79.45540493843532,37.99530438119223]},"properties":{"kind":"state_label","name":"Virginia","country":"United States of America","labelrank":6}},{"type":"Feature","geometry":{"type":"Point","coordinates":[-77.0145477695639,38.89945155528426]},"properties":{"kind":"state_label","name":"District of Columbia","country":"United States of America","labelrank":9}},{"type":"Feature","geometry":{"type":"Point","coordinates":[-77.26595439080631,38.82644771623583]},"properties":{"kind":"state_label","name":"Maryland","country":"United States of America","labelrank":6}},{"type":"Feature","geometry":{"type":"Point","coordinates":[-75.41630955251765,39.14595135387188]},"properties":{"kind":"state_label","name":"Delaware","country":"United States of America","labelrank":6}},{"type":"Feature","geometry":{"type":"Point","coordinates":[-74.73267574749994,40.1403189720279]},"properties":{"kind":"state_label","name":"New Jersey","country":"United States of America","labelrank":6}},{"type":"Feature","geometry":{"type":"Point","coordinates":[-72.75935673202756,41.52780529315321]},"properties":{"kind":"state_label","name":"Connecticut","country":"United States of America","labelrank":6}},{"type":"Feature","geometry":{"type":"Point","coordinates":[-71.49990546849995,41.581094655683245]},"properties":{"kind":"state_label","name":"Rhode Island","country":"United States of America","labelrank":6}},{"type":"Feature","geometry":{"type":"Point","coordinates":[-71.71595846020983,42.06302634688765]},"properties":{"kind":"state_label","name":"Massachusetts","country":"United States of America","labelrank":6}},{"type":"Feature","geometry":{"type":"Point","coordinates":[-88.9836096869061,20.633541571444937]},"properties":{"kind":"state_label","name":"Yucat\u00e1n","country":"Mexico","labelrank":4}},{"type":"Feature","geometry":{"type":"Point","coordinates":[-96.11588477281398,19.815379950324427]},"properties":{"kind":"state_label","name":"Veracruz","country":"Mexico","labelrank":7}},{"type":"Feature","geometry":{"type":"Point","coordinates":[-103.60961169167228,20.86270620352846]},"properties":{"kind":"state_label","name":"Jalisco","country":"Mexico","labelrank":4}},{"type":"Feature","geometry":{"type":"Point","coordinates":[-101.93243699976244,19.159567900906666]},"properties":{"kind":"state_label","name":"Michoac\u00e1n","country":"Mexico","labelrank":4}},{"type":"Feature","geometry":{"type":"Point","coordinates":[-100.09065507667043,17.594453331006406]},"properties":{"kind":"state_label","name":"Guerrero","country":"Mexico","labelrank":4}},{"type":"Feature","geometry":{"type":"Point","coordinates":[-96.20969054363366,17.163470297609194]},"properties":{"kind":"state_label","name":"Oaxaca","country":"Mexico","labelrank":6}},{"type":"Feature","geometry":{"type":"Point","coordinates":[120.26516747355788,29.180017604440394]},"properties":{"kind":"state_label","name":"Zhejiang","country":"China","labelrank":2}},{"type":"Feature","geometry":{"type":"Point","coordinates":[121.42368312637564,31.266158547445322]},"properties":{"kind":"state_label","name":"Shanghai","country":"China","labelrank":7}},{"type":"Feature","geometry":{"type":"Point","coordinates":[130.3100250584846,30.80340444599028]},"properties":{"kind":"state_label","name":"Kagoshima","country":"Japan","labelrank":2}},{"type":"Feature","geometry":{"type":"Point","coordinates":[119.15380000779277,32.93814484306006]},"properties":{"kind":"state_label","name":"Jiangsu","country":"China","labelrank":2}},{"type":"Feature","geometry":{"type":"Point","coordinates":[51.510719605975,28.786181138480146]},"properties":{"kind":"state_label","name":"Bushehr","country":"Iran","labelrank":6}},{"type":"Feature","geometry":{"type":"Point","coordinates":[55.97750471336661,27.17246572490714]},"properties":{"kind":"state_label","name":"Hormozgan","country":"Iran","labelrank":4}},{"type":"Feature","geometry":{"type":"Point","coordinates":[22.584559585939957,31.869750474630933]},"properties":{"kind":"state_label","name":"Al Qubbah","country":"Libya","labelrank":4}},{"type":"Feature","geometry":{"type":"Point","coordinates":[21.722168003250715,32.008004157169296]},"properties":{"kind":"state_label","name":"Al Jabal al Akhdar","country":"Libya","labelrank":4}},{"type":"Feature","geometry":{"type":"Point","coordinates":[21.01321902858527,31.906928208577]},"properties":{"kind":"state_label","name":"Al Marj","country":"Libya","labelrank":4}},{"type":"Feature","geometry":{"type":"Point","coordinates":[20.6181435478897,31.784854254132878]},"properties":{"kind":"state_label","name":"Benghazi","country":"Libya","labelrank":9}},{"type":"Feature","geometry":{"type":"Point","coordinates":[129.48811049350007,33.634722255500066]},"properties":{"kind":"state_label","name":"Nagasaki","country":"Japan","labelrank":2}},{"type":"Feature","geometry":{"type":"Point","coordinates":[-120.51088033516885,44.12774200370205]},"properties":{"kind":"state_label","name":"Oregon","country":"United States of America","labelrank":6}},{"type":"Feature","geometry":{"type":"Point","coordinates":[-90.88314938052307,67.51758454000006]},"properties":{"kind":"state_label","name":"Nunavut","country":"Canada","labelrank":2}},{"type":"Feature","geometry":{"type":"Point","coordinates":[-60.21233748931229,53.49554983797893]},"properties":{"kind":"state_label","name":"Newfoundland and Labrador","country":"Canada","labelrank":2}},{"type":"Feature","geometry":{"type":"Point","coordinates":[-63.00818844299994,45.22844065950005]},"properties":{"kind":"state_label","name":"Nova Scotia","country":"Canada","labelrank":2}},{"type":"Feature","geometry":{"type":"Point","coordinates":[84.43405459919038,20.17198609058562]},"properties":{"kind":"state_label","name":"Odisha","country":"India","labelrank":2}},{"type":"Feature","geometry":{"type":"Point","coordinates":[90.43657474050005,22.43629303620216]},"properties":{"kind":"state_label","name":"Barisal","country":"Bangladesh","labelrank":7}},{"type":"Feature","geometry":{"type":"Point","coordinates":[118.76147098140194,36.39634105039357]},"properties":{"kind":"state_label","name":"Shandong","country":"China","labelrank":2}},{"type":"Feature","geometry":{"type":"Point","coordinates":[116.64428409162099,39.33900737184271]},"properties":{"kind":"state_label","name":"Hebei","country":"China","labelrank":2}},{"type":"Feature","geometry":{"type":"Point","coordinates":[117.3468479759033,39.40813751918114]},"properties":{"kind":"state_label","name":"Tianjin","country":"China","labelrank":7}},{"type":"Feature","geometry":{"type":"Point","coordinates":[154.08974734931064,62.59597439389282]},"properties":{"kind":"state_label","name":"Maga Buryatdan","country":"Russia","labelrank":2}},{"type":"Feature","geometry":{"type":"Point","coordinates":[72.07079886647449,20.38308926450796]},"properties":{"kind":"state_label","name":"Dadra and Nagar Haveli and Daman and Diu","country":"India","labelrank":9}},{"type":"Feature","geometry":{"type":"Point","coordinates":[76.7730930924954,18.81829610837866]},"properties":{"kind":"state_label","name":"Maharashtra","country":"India","labelrank":2}},{"type":"Feature","geometry":{"type":"Point","coordinates":[73.99505638979375,15.335321051106405]},"properties":{"kind":"state_label","name":"Goa","country":"India","labelrank":2}},{"type":"Feature","geometry":{"type":"Point","coordinates":[76.33006941046835,15.043203538362604]},"properties":{"kind":"state_label","name":"Karnataka","country":"India","labelrank":2}},{"type":"Feature","geometry":{"type":"Point","coordinates":[76.12938215515777,10.532558654508307]},"properties":{"kind":"state_label","name":"Kerala","country":"India","labelrank":2}},{"type":"Feature","geometry":{"type":"Point","coordinates":[78.76158043878618,13.779701850360084]},"properties":{"kind":"state_label","name":"Puducherry","country":"India","labelrank":2}},{"type":"Feature","geometry":{"type":"Point","coordinates":[78.28917504207519,10.805930894280095]},"properties":{"kind":"state_label","name":"Tamil Nadu","country":"India","labelrank":2}},{"type":"Feature","geometry":{"type":"Point","coordinates":[149.07499912600002,48.91453685100009]},"properties":{"kind":"state_label","name":"Sakhalin","country":"Russia","labelrank":2}},{"type":"Feature","geometry":{"type":"Point","coordinates":[35.712321812151885,47.1926671328319]},"properties":{"kind":"state_label","name":"Zaporizhzhya","country":"Ukraine","labelrank":7}},{"type":"Feature","geometry":{"type":"Point","coordinates":[33.61158661674102,44.62521949229629]},"properties":{"kind":"state_label","name":"Sevastopol","country":"Russia","labelrank":6}},{"type":"Feature","geometry":{"type":"Point","coordinates":[31.67280093746328,47.32543081262767]},"properties":{"kind":"state_label","name":"Mykolayiv","country":"Ukraine","labelrank":7}},{"type":"Feature","geometry":{"type":"Point","coordinates":[4.263256414560601e-14,66.70734284050005]},"properties":{"kind":"state_label","name":"Chukchi Autonomous Okrug","country":"Russia","labelrank":2}},{"type":"Feature","geometry":{"type":"Point","coordinates":[74.02450524257284,67.87850454376832]},"properties":{"kind":"state_label","name":"Yamal-Nenets","country":"Russia","labelrank":2}},{"type":"Feature","geometry":{"type":"Point","coordinates":[54.4640473251024,68.14394013092135]},"properties":{"kind":"state_label","name":"Nenets","country":"Russia","labelrank":2}},{"type":"Feature","geometry":{"type":"Point","coordinates":[-119.21598639590542,69.38320119914675]},"properties":{"kind":"state_label","name":"Northwest Territories","country":"Canada","labelrank":2}},{"type":"Feature","geometry":{"type":"Point","coordinates":[134.19354577062074,66.29549673095613]},"properties":{"kind":"state_label","name":"Sakha (Yakutia)","country":"Russia","labelrank":2}},{"type":"Feature","geometry":{"type":"Point","coordinates":[30.0870441013015,59.934933681494186]},"properties":{"kind":"state_label","name":"City of St. Petersburg","country":"Russia","labelrank":7}},{"type":"Feature","geometry":{"type":"Point","coordinates":[24.72074788515829,60.320681057646084]},"properties":{"kind":"state_label","name":"Uusimaa","country":"Finland","labelrank":5}},{"type":"Feature","geometry":{"type":"Point","coordinates":[22.550105217955803,60.47030874299307]},"properties":{"kind":"state_label","name":"Finland Proper","country":"Finland","labelrank":5}},{"type":"Feature","geometry":{"type":"Point","coordinates":[22.158797773848164,61.59487112070562]},"properties":{"kind":"state_label","name":"Satakunta","country":"Finland","labelrank":5}},{"type":"Feature","geometry":{"type":"Point","coordinates":[22.399589674436555,62.87044488959563]},"properties":{"kind":"state_label","name":"Ostrobothnia","country":"Finland","labelrank":5}},{"type":"Feature","geometry":{"type":"Point","coordinates":[24.009708895798894,63.643636785858945]},"properties":{"kind":"state_label","name":"Central Ostrobothnia","country":"Finland","labelrank":5}},{"type":"Feature","geometry":{"type":"Point","coordinates":[52.44566185866424,71.25233633068444]},"properties":{"kind":"state_label","name":"Arkhangel'sk","country":"Russia","labelrank":6}},{"type":"Feature","geometry":{"type":"Point","coordinates":[94.97079511850006,66.5351217717118]},"properties":{"kind":"state_label","name":"Krasnoyarsk","country":"Russia","labelrank":6}},{"type":"Feature","geometry":{"type":"Point","coordinates":[12.528785766100214,45.45720670562494]},"properties":{"kind":"state_label","name":"Venezia","country":"Italy","labelrank":3}},{"type":"Feature","geometry":{"type":"Point","coordinates":[11.801301262243442,45.3928982311684]},"properties":{"kind":"state_label","name":"Padova","country":"Italy","labelrank":3}},{"type":"Feature","geometry":{"type":"Point","coordinates":[11.86239380041576,44.97912975347276]},"properties":{"kind":"state_label","name":"Rovigo","country":"Italy","labelrank":3}},{"type":"Feature","geometry":{"type":"Point","coordinates":[11.814143350837014,44.76814417901065]},"properties":{"kind":"state_label","name":"Ferrara","country":"Italy","labelrank":3}},{"type":"Feature","geometry":{"type":"Point","coordinates":[11.955942419644908,44.37360858206981]},"properties":{"kind":"state_label","name":"Ravenna","country":"Italy","labelrank":3}},{"type":"Feature","geometry":{"type":"Point","coordinates":[12.054040944279024,44.042228013661884]},"properties":{"kind":"state_label","name":"Forl\u00ec-Cesena","country":"Italy","labelrank":3}},{"type":"Feature","geometry":{"type":"Point","coordinates":[13.19673273272697,43.47880436831704]},"properties":{"kind":"state_label","name":"Ancona","country":"Italy","labelrank":3}},{"type":"Feature","geometry":{"type":"Point","coordinates":[13.289440668948835,43.1494470282332]},"properties":{"kind":"state_label","name":"Macerata","country":"Italy","labelrank":3}},{"type":"Feature","geometry":{"type":"Point","coordinates":[13.53485790202598,43.09080061607892]},"properties":{"kind":"state_label","name":"Fermo","country":"Italy","labelrank":3}},{"type":"Feature","geometry":{"type":"Point","coordinates":[13.550002116104764,42.8820607332662]},"properties":{"kind":"state_label","name":"Ascoli Piceno","country":"Italy","labelrank":3}},{"type":"Feature","geometry":{"type":"Point","coordinates":[13.743248564258927,42.66082319813205]},"properties":{"kind":"state_label","name":"Teramo","country":"Italy","labelrank":3}},{"type":"Feature","geometry":{"type":"Point","coordinates":[14.01128697504135,42.31039811358204]},"properties":{"kind":"state_label","name":"Pescara","country":"Italy","labelrank":3}},{"type":"Feature","geometry":{"type":"Point","coordinates":[14.418486420461932,42.10589639243163]},"properties":{"kind":"state_label","name":"Chieti","country":"Italy","labelrank":3}},{"type":"Feature","geometry":{"type":"Point","coordinates":[14.769071150413254,41.7240407469493]},"properties":{"kind":"state_label","name":"Campobasso","country":"Italy","labelrank":3}},{"type":"Feature","geometry":{"type":"Point","coordinates":[15.562493969107123,41.49960002681979]},"properties":{"kind":"state_label","name":"Foggia","country":"Italy","labelrank":3}},{"type":"Feature","geometry":{"type":"Point","coordinates":[16.201248156052138,41.17876799218389]},"properties":{"kind":"state_label","name":"Barletta-Andria Trani","country":"Italy","labelrank":3}},{"type":"Feature","geometry":{"type":"Point","coordinates":[16.797751647920194,40.96419667068366]},"properties":{"kind":"state_label","name":"Bari","country":"Italy","labelrank":3}},{"type":"Feature","geometry":{"type":"Point","coordinates":[17.707254725279746,40.6366348898392]},"properties":{"kind":"state_label","name":"Brindisi","country":"Italy","labelrank":3}},{"type":"Feature","geometry":{"type":"Point","coordinates":[18.14072404935078,40.157275643953746]},"properties":{"kind":"state_label","name":"Lecce","country":"Italy","labelrank":3}},{"type":"Feature","geometry":{"type":"Point","coordinates":[17.247542924716186,40.52918643565122]},"properties":{"kind":"state_label","name":"Taranto","country":"Italy","labelrank":3}},{"type":"Feature","geometry":{"type":"Point","coordinates":[16.401538696103927,40.44653860227464]},"properties":{"kind":"state_label","name":"Matera","country":"Italy","labelrank":3}},{"type":"Feature","geometry":{"type":"Point","coordinates":[16.382504226901737,39.59188055374452]},"properties":{"kind":"state_label","name":"Cosenza","country":"Italy","labelrank":3}},{"type":"Feature","geometry":{"type":"Point","coordinates":[16.90978607467784,39.18914892623245]},"properties":{"kind":"state_label","name":"Crotene","country":"Italy","labelrank":3}},{"type":"Feature","geometry":{"type":"Point","coordinates":[16.49961472135474,38.829682038595166]},"properties":{"kind":"state_label","name":"Catanzaro","country":"Italy","labelrank":3}},{"type":"Feature","geometry":{"type":"Point","coordinates":[16.09876285423464,38.24351945329548]},"properties":{"kind":"state_label","name":"Reggio Calabria","country":"Italy","labelrank":3}},{"type":"Feature","geometry":{"type":"Point","coordinates":[16.134337259420846,38.62856081507954]},"properties":{"kind":"state_label","name":"Vibo Valentia","country":"Italy","labelrank":3}},{"type":"Feature","geometry":{"type":"Point","coordinates":[15.871540841686453,40.51880807962914]},"properties":{"kind":"state_label","name":"Potenza","country":"Italy","labelrank":3}},{"type":"Feature","geometry":{"type":"Point","coordinates":[15.130955900014499,40.42145031646842]},"properties":{"kind":"state_label","name":"Salerno","country":"Italy","labelrank":3}},{"type":"Feature","geometry":{"type":"Point","coordinates":[14.259108140896672,40.79413046248638]},"properties":{"kind":"state_label","name":"Napoli","country":"Italy","labelrank":3}},{"type":"Feature","geometry":{"type":"Point","coordinates":[14.13749004273436,41.216246951716016]},"properties":{"kind":"state_label","name":"Caserta","country":"Italy","labelrank":3}},{"type":"Feature","geometry":{"type":"Point","coordinates":[13.21629643338369,41.24929730521362]},"properties":{"kind":"state_label","name":"Latina","country":"Italy","labelrank":3}},{"type":"Feature","geometry":{"type":"Point","coordinates":[12.518838031003993,41.858356209340556]},"properties":{"kind":"state_label","name":"Roma","country":"Italy","labelrank":3}},{"type":"Feature","geometry":{"type":"Point","coordinates":[11.985947910873188,42.4987312509964]},"properties":{"kind":"state_label","name":"Viterbo","country":"Italy","labelrank":3}},{"type":"Feature","geometry":{"type":"Point","coordinates":[11.25647373115611,42.75568064341044]},"properties":{"kind":"state_label","name":"Grosseto","country":"Italy","labelrank":3}},{"type":"Feature","geometry":{"type":"Point","coordinates":[10.287774695708748,42.980112567732675]},"properties":{"kind":"state_label","name":"Livorno","country":"Italy","labelrank":3}},{"type":"Feature","geometry":{"type":"Point","coordinates":[10.634314267310689,43.466604822854265]},"properties":{"kind":"state_label","name":"Pisa","country":"Italy","labelrank":3}},{"type":"Feature","geometry":{"type":"Point","coordinates":[10.439593884656704,44.01896995599864]},"properties":{"kind":"state_label","name":"Lucca","country":"Italy","labelrank":3}},{"type":"Feature","geometry":{"type":"Point","coordinates":[9.970463017804008,44.229029490436936]},"properties":{"kind":"state_label","name":"Massa-Carrara","country":"Italy","labelrank":3}},{"type":"Feature","geometry":{"type":"Point","coordinates":[9.765336828581752,44.23517097327402]},"properties":{"kind":"state_label","name":"La Spezia","country":"Italy","labelrank":3}},{"type":"Feature","geometry":{"type":"Point","coordinates":[9.067836802276616,44.450000079690994]},"properties":{"kind":"state_label","name":"Genova","country":"Italy","labelrank":3}},{"type":"Feature","geometry":{"type":"Point","coordinates":[8.325018170002522,44.23746720887383]},"properties":{"kind":"state_label","name":"Savona","country":"Italy","labelrank":3}},{"type":"Feature","geometry":{"type":"Point","coordinates":[6.3026866626080205,43.39683315229843]},"properties":{"kind":"state_label","name":"Var","country":"France","labelrank":3}},{"type":"Feature","geometry":{"type":"Point","coordinates":[5.009563700918989,43.546627406751725]},"properties":{"kind":"state_label","name":"Bouches-du-Rh\u00f4ne","country":"France","labelrank":3}},{"type":"Feature","geometry":{"type":"Point","coordinates":[4.067980654333724,43.958879062707126]},"properties":{"kind":"state_label","name":"Gard","country":"France","labelrank":3}},{"type":"Feature","geometry":{"type":"Point","coordinates":[3.3679317996128475,43.59503994233944]},"properties":{"kind":"state_label","name":"H\u00e9rault","country":"France","labelrank":3}},{"type":"Feature","geometry":{"type":"Point","coordinates":[2.4704148588086525,43.04720722368441]},"properties":{"kind":"state_label","name":"Aude","country":"France","labelrank":3}},{"type":"Feature","geometry":{"type":"Point","coordinates":[2.074238320542065,41.755269810303474]},"properties":{"kind":"state_label","name":"Barcelona","country":"Spain","labelrank":3}},{"type":"Feature","geometry":{"type":"Point","coordinates":[0.8976460997376989,41.051139444079624]},"properties":{"kind":"state_label","name":"Tarragona","country":"Spain","labelrank":3}},{"type":"Feature","geometry":{"type":"Point","coordinates":[-0.15766547493092725,40.24767721183383]},"properties":{"kind":"state_label","name":"Castell\u00f3n","country":"Spain","labelrank":6}},{"type":"Feature","geometry":{"type":"Point","coordinates":[-0.7746345688633198,39.44851793070791]},"properties":{"kind":"state_label","name":"Valencia","country":"Spain","labelrank":6}},{"type":"Feature","geometry":{"type":"Point","coordinates":[-0.4249509349421885,38.36283397077506]},"properties":{"kind":"state_label","name":"Alicante","country":"Spain","labelrank":6}},{"type":"Feature","geometry":{"type":"Point","coordinates":[-1.5198882714094282,38.067565600734696]},"properties":{"kind":"state_label","name":"Murcia","country":"Spain","labelrank":7}},{"type":"Feature","geometry":{"type":"Point","coordinates":[-2.3909220605111443,37.29801788995513]},"properties":{"kind":"state_label","name":"Almer\u00eda","country":"Spain","labelrank":3}},{"type":"Feature","geometry":{"type":"Point","coordinates":[-3.2649768971660933,37.38808188769548]},"properties":{"kind":"state_label","name":"Granada","country":"Spain","labelrank":3}},{"type":"Feature","geometry":{"type":"Point","coordinates":[-4.688024318217714,36.787327615808124]},"properties":{"kind":"state_label","name":"M\u00e1laga","country":"Spain","labelrank":3}},{"type":"Feature","geometry":{"type":"Point","coordinates":[-5.592303527235998,37.516137727324235]},"properties":{"kind":"state_label","name":"Sevilla","country":"Spain","labelrank":3}},{"type":"Feature","geometry":{"type":"Point","coordinates":[-8.480152961499925,43.16207509950004]},"properties":{"kind":"state_label","name":"La Coru\u00f1a","country":"Spain","labelrank":3}},{"type":"Feature","geometry":{"type":"Point","coordinates":[-7.414047402215857,43.039098952403975]},"properties":{"kind":"state_label","name":"Lugo","country":"Spain","labelrank":3}},{"type":"Feature","geometry":{"type":"Point","coordinates":[-5.842441474194686,43.277892157502095]},"properties":{"kind":"state_label","name":"Asturias","country":"Spain","labelrank":3}},{"type":"Feature","geometry":{"type":"Point","coordinates":[-3.992786932670839,43.14038117096956]},"properties":{"kind":"state_label","name":"Cantabria","country":"Spain","labelrank":3}},{"type":"Feature","geometry":{"type":"Point","coordinates":[-2.92590670629027,43.236560513190284]},"properties":{"kind":"state_label","name":"Bizkaia","country":"Spain","labelrank":3}},{"type":"Feature","geometry":{"type":"Point","coordinates":[-0.6892482562701616,44.009878769239776]},"properties":{"kind":"state_label","name":"Landes","country":"France","labelrank":3}},{"type":"Feature","geometry":{"type":"Point","coordinates":[-0.4690976998637666,44.88563442877083]},"properties":{"kind":"state_label","name":"Gironde","country":"France","labelrank":3}},{"type":"Feature","geometry":{"type":"Point","coordinates":[-0.7777398768687362,45.73179350751434]},"properties":{"kind":"state_label","name":"Charente-Maritime","country":"France","labelrank":3}},{"type":"Feature","geometry":{"type":"Point","coordinates":[-1.4691050404277348,46.67772127604144]},"properties":{"kind":"state_label","name":"Vend\u00e9e","country":"France","labelrank":3}},{"type":"Feature","geometry":{"type":"Point","coordinates":[-1.7400822202126847,47.34257054669334]},"properties":{"kind":"state_label","name":"Loire-Atlantique","country":"France","labelrank":3}},{"type":"Feature","geometry":{"type":"Point","coordinates":[-2.892072711286602,47.75204034881901]},"properties":{"kind":"state_label","name":"Morbihan","country":"France","labelrank":3}},{"type":"Feature","geometry":{"type":"Point","coordinates":[-4.25932482103488,48.25348542736759]},"properties":{"kind":"state_label","name":"Finist\u00e8re","country":"France","labelrank":3}},{"type":"Feature","geometry":{"type":"Point","coordinates":[-2.7737089480444297,48.455552715281755]},"properties":{"kind":"state_label","name":"C\u00f4tes-d'Armor","country":"France","labelrank":3}},{"type":"Feature","geometry":{"type":"Point","coordinates":[-1.6633397547259108,48.17238518655722]},"properties":{"kind":"state_label","name":"Ille-et-Vilaine","country":"France","labelrank":3}},{"type":"Feature","geometry":{"type":"Point","coordinates":[-1.341220319123181,49.09465733768707]},"properties":{"kind":"state_label","name":"Manche","country":"France","labelrank":3}},{"type":"Feature","geometry":{"type":"Point","coordinates":[-0.357746443193804,49.09350638663139]},"properties":{"kind":"state_label","name":"Calvados","country":"France","labelrank":3}},{"type":"Feature","geometry":{"type":"Point","coordinates":[1.0388519061660575,49.07934429480335]},"properties":{"kind":"state_label","name":"Eure","country":"France","labelrank":3}},{"type":"Feature","geometry":{"type":"Point","coordinates":[0.9224278000449146,49.661013128125376]},"properties":{"kind":"state_label","name":"Seine-Maritime","country":"France","labelrank":3}},{"type":"Feature","geometry":{"type":"Point","coordinates":[2.283071068692763,49.97534339443763]},"properties":{"kind":"state_label","name":"Somme","country":"France","labelrank":3}},{"type":"Feature","geometry":{"type":"Point","coordinates":[2.3622426869820288,50.516176099274475]},"properties":{"kind":"state_label","name":"Pas-de-Calais","country":"France","labelrank":3}},{"type":"Feature","geometry":{"type":"Point","coordinates":[8.742986077345591,53.32085788237151]},"properties":{"kind":"state_label","name":"Bremen","country":"Germany","labelrank":9}},{"type":"Feature","geometry":{"type":"Point","coordinates":[10.034395076067433,53.56608470359615]},"properties":{"kind":"state_label","name":"Hamburg","country":"Germany","labelrank":9}},{"type":"Feature","geometry":{"type":"Point","coordinates":[167.50839277400007,8.142340399500057]},"properties":{"kind":"state_label","name":"Railik Chain","country":"Marshall Islands","labelrank":20}},{"type":"Feature","geometry":{"type":"Point","coordinates":[170.5085555345001,10.33110179250005]},"properties":{"kind":"state_label","name":"Ratak Chain","country":"Marshall Islands","labelrank":20}},{"type":"Feature","geometry":{"type":"Point","coordinates":[72.92851810000008,9.97182851800008]},"properties":{"kind":"state_label","name":"Lakshadweep","country":"India","labelrank":2}},{"type":"Feature","geometry":{"type":"Point","coordinates":[-64.09811357349994,10.956427313000063]},"properties":{"kind":"state_label","name":"Nueva Esparta","country":"Venezuela","labelrank":6}},{"type":"Feature","geometry":{"type":"Point","coordinates":[-66.12049313099993,11.476975815500055]},"properties":{"kind":"state_label","name":"Dependencias Federales","country":"Venezuela","labelrank":6}},{"type":"Feature","geometry":{"type":"Point","coordinates":[93.25403893300003,10.212897039500064]},"properties":{"kind":"state_label","name":"Andaman and Nicobar","country":"India","labelrank":2}},{"type":"Feature","geometry":{"type":"Point","coordinates":[-80.90652421799993,13.040391343000039]},"properties":{"kind":"state_label","name":"San Andr\u00e9s y Providencia","country":"Colombia","labelrank":5}},{"type":"Feature","geometry":{"type":"Point","coordinates":[-61.019622362499945,14.642503160000047]},"properties":{"kind":"state_label","name":"Martinique","country":"France","labelrank":4}},{"type":"Feature","geometry":{"type":"Point","coordinates":[-71.1402888659999,21.472621975000067]},"properties":{"kind":"state_label","name":"Grand Turk","country":"Turks and Caicos Islands","labelrank":20}},{"type":"Feature","geometry":{"type":"Point","coordinates":[-77.86296546099993,25.598700262500046]},"properties":{"kind":"state_label","name":"Berry Islands","country":"The Bahamas","labelrank":20}},{"type":"Feature","geometry":{"type":"Point","coordinates":[-78.62741175472019,26.52553399509779]},"properties":{"kind":"state_label","name":"City of Freeport","country":"The Bahamas","labelrank":20}},{"type":"Feature","geometry":{"type":"Point","coordinates":[-78.70452545908974,26.651221949000075]},"properties":{"kind":"state_label","name":"West Grand Bahama","country":"The Bahamas","labelrank":20}},{"type":"Feature","geometry":{"type":"Point","coordinates":[-78.15451399860623,26.67015208500007]},"properties":{"kind":"state_label","name":"East Grand Bahama","country":"The Bahamas","labelrank":20}},{"type":"Feature","geometry":{"type":"Point","coordinates":[-64.71879335578328,32.33473550404025]},"properties":{"kind":"state_label","name":"Hamilton","country":"Bermuda","labelrank":20}},{"type":"Feature","geometry":{"type":"Point","coordinates":[-64.72772460297287,32.31580581349502]},"properties":{"kind":"state_label","name":"Smith's","country":"Bermuda","labelrank":20}},{"type":"Feature","geometry":{"type":"Point","coordinates":[-64.75903561222813,32.30135133732527]},"properties":{"kind":"state_label","name":"Devonshire","country":"Bermuda","labelrank":20}},{"type":"Feature","geometry":{"type":"Point","coordinates":[-64.79649426632986,32.29855404786742]},"properties":{"kind":"state_label","name":"Pembroke","country":"Bermuda","labelrank":20}},{"type":"Feature","geometry":{"type":"Point","coordinates":[-64.78947491807278,32.2934446044698]},"properties":{"kind":"state_label","name":"City of Hamilton","country":"Bermuda","labelrank":20}},{"type":"Feature","geometry":{"type":"Point","coordinates":[-64.78600485130633,32.28082592886414]},"properties":{"kind":"state_label","name":"Paget","country":"Bermuda","labelrank":20}},{"type":"Feature","geometry":{"type":"Point","coordinates":[-64.8106007136063,32.27210852620653]},"properties":{"kind":"state_label","name":"Warwick","country":"Bermuda","labelrank":20}},{"type":"Feature","geometry":{"type":"Point","coordinates":[-64.8476562424105,32.25854247431043]},"properties":{"kind":"state_label","name":"Southampton","country":"Bermuda","labelrank":20}},{"type":"Feature","geometry":{"type":"Point","coordinates":[-64.86739002539346,32.28742984709888]},"properties":{"kind":"state_label","name":"Sandys","country":"Bermuda","labelrank":20}},{"type":"Feature","geometry":{"type":"Point","coordinates":[-64.68482546759526,32.35751350332444]},"properties":{"kind":"state_label","name":"Saint George's","country":"Bermuda","labelrank":20}},{"type":"Feature","geometry":{"type":"Point","coordinates":[44.59268049450003,46.50546906539503]},"properties":{"kind":"state_label","name":"Kalmyk","country":"Russia","labelrank":2}},{"type":"Feature","geometry":{"type":"Point","coordinates":[52.21234826061374,36.37816986497832]},"properties":{"kind":"state_label","name":"Mazandaran","country":"Iran","labelrank":4}},{"type":"Feature","geometry":{"type":"Point","coordinates":[39.42409325455404,-6.2316180123850815]},"properties":{"kind":"state_label","name":"Zanzibar South and Central","country":"United Republic of Tanzania","labelrank":5}},{"type":"Feature","geometry":{"type":"Point","coordinates":[39.2884419795044,-5.876192518467235]},"properties":{"kind":"state_label","name":"Kaskazini-Unguja","country":"United Republic of Tanzania","labelrank":5}},{"type":"Feature","geometry":{"type":"Point","coordinates":[39.242564324000085,-6.17143971093995]},"properties":{"kind":"state_label","name":"Zanzibar West","country":"United Republic of Tanzania","labelrank":5}},{"type":"Feature","geometry":{"type":"Point","coordinates":[39.71249819050007,-5.3173746590900635]},"properties":{"kind":"state_label","name":"Kusini-Pemba","country":"United Republic of Tanzania","labelrank":5}},{"type":"Feature","geometry":{"type":"Point","coordinates":[39.77698815200009,-5.045979709327781]},"properties":{"kind":"state_label","name":"Kaskazini-Pemba","country":"United Republic of Tanzania","labelrank":5}},{"type":"Feature","geometry":{"type":"Point","coordinates":[-24.721099412999934,14.852382717000069]},"properties":{"kind":"state_label","name":"Brava","country":"Cape Verde","labelrank":20}},{"type":"Feature","geometry":{"type":"Point","coordinates":[-24.339598546092816,14.912205723362726]},"properties":{"kind":"state_label","name":"Santa Catarina do Fogo","country":"Cape Verde","labelrank":20}},{"type":"Feature","geometry":{"type":"Point","coordinates":[-24.365583407736395,14.995156990375307]},"properties":{"kind":"state_label","name":"Mosteiros","country":"Cape Verde","labelrank":20}},{"type":"Feature","geometry":{"type":"Point","coordinates":[-24.409535285499942,14.920500326155162]},"properties":{"kind":"state_label","name":"S\u00e3o Filipe","country":"Cape Verde","labelrank":20}},{"type":"Feature","geometry":{"type":"Point","coordinates":[-23.717152472999942,15.25635809000039]},"properties":{"kind":"state_label","name":"Tarrafal","country":"Cape Verde","labelrank":20}},{"type":"Feature","geometry":{"type":"Point","coordinates":[-23.705464827101764,15.076423423652045]},"properties":{"kind":"state_label","name":"Santa Catarina","country":"Cape Verde","labelrank":20}},{"type":"Feature","geometry":{"type":"Point","coordinates":[-23.627186653096885,14.974269534503918]},"properties":{"kind":"state_label","name":"Ribeira Grande de Santiago","country":"Cape Verde","labelrank":20}},{"type":"Feature","geometry":{"type":"Point","coordinates":[-23.517264381797986,14.946904885944235]},"properties":{"kind":"state_label","name":"Praia","country":"Cape Verde","labelrank":20}},{"type":"Feature","geometry":{"type":"Point","coordinates":[-23.51964824897675,15.012380438041466]},"properties":{"kind":"state_label","name":"S\u00e3o Domingos","country":"Cape Verde","labelrank":20}},{"type":"Feature","geometry":{"type":"Point","coordinates":[-23.55562960902697,15.10809818830024]},"properties":{"kind":"state_label","name":"Santa Cruz","country":"Cape Verde","labelrank":20}},{"type":"Feature","geometry":{"type":"Point","coordinates":[-23.639295303362232,15.174393872644004]},"properties":{"kind":"state_label","name":"S\u00e3o Miguel","country":"Cape Verde","labelrank":20}},{"type":"Feature","geometry":{"type":"Point","coordinates":[-23.18431555899994,15.22567373250007]},"properties":{"kind":"state_label","name":"Maio","country":"Cape Verde","labelrank":20}},{"type":"Feature","geometry":{"type":"Point","coordinates":[-22.815276659499943,16.11316559450006]},"properties":{"kind":"state_label","name":"Boa Vista","country":"Cape Verde","labelrank":20}},{"type":"Feature","geometry":{"type":"Point","coordinates":[-24.20468085124378,16.58211904500004]},"properties":{"kind":"state_label","name":"Ribeira Brava","country":"Cape Verde","labelrank":20}},{"type":"Feature","geometry":{"type":"Point","coordinates":[-24.372535636512026,16.579887523767894]},"properties":{"kind":"state_label","name":"Tarrafal de S\u00e3o Nicolau","country":"Cape Verde","labelrank":20}},{"type":"Feature","geometry":{"type":"Point","coordinates":[-22.936451789499927,16.72685374550005]},"properties":{"kind":"state_label","name":"Sal","country":"Cape Verde","labelrank":20}},{"type":"Feature","geometry":{"type":"Point","coordinates":[-24.831829159517138,16.76425270662267]},"properties":{"kind":"state_label","name":"S\u00e3o Vicente","country":"Cape Verde","labelrank":20}},{"type":"Feature","geometry":{"type":"Point","coordinates":[-25.135609504131622,17.141188390682856]},"properties":{"kind":"state_label","name":"Ribeira Grande","country":"Cape Verde","labelrank":20}},{"type":"Feature","geometry":{"type":"Point","coordinates":[-25.173552402885136,17.026943264185604]},"properties":{"kind":"state_label","name":"Porto Novo","country":"Cape Verde","labelrank":20}},{"type":"Feature","geometry":{"type":"Point","coordinates":[-25.022119152821546,17.111894405449252]},"properties":{"kind":"state_label","name":"Paul","country":"Cape Verde","labelrank":20}},{"type":"Feature","geometry":{"type":"Point","coordinates":[12.50642297067526,37.467067775500055]},"properties":{"kind":"state_label","name":"Trapani","country":"Italy","labelrank":3}},{"type":"Feature","geometry":{"type":"Point","coordinates":[14.915601721656795,38.30572280794041]},"properties":{"kind":"state_label","name":"Messina","country":"Italy","labelrank":3}},{"type":"Feature","geometry":{"type":"Point","coordinates":[13.613803772675936,38.12838536007604]},"properties":{"kind":"state_label","name":"Palermo","country":"Italy","labelrank":3}},{"type":"Feature","geometry":{"type":"Point","coordinates":[13.282718585131873,36.61597203358272]},"properties":{"kind":"state_label","name":"Agrigento","country":"Italy","labelrank":3}},{"type":"Feature","geometry":{"type":"Point","coordinates":[14.056959306876507,37.36706393808842]},"properties":{"kind":"state_label","name":"Caltanissetta","country":"Italy","labelrank":3}},{"type":"Feature","geometry":{"type":"Point","coordinates":[14.667448666945704,36.911941463926155]},"properties":{"kind":"state_label","name":"Ragusa","country":"Italy","labelrank":3}},{"type":"Feature","geometry":{"type":"Point","coordinates":[15.05466885221199,37.03338495069761]},"properties":{"kind":"state_label","name":"Siracusa","country":"Italy","labelrank":3}},{"type":"Feature","geometry":{"type":"Point","coordinates":[14.806239113890003,37.507466411995296]},"properties":{"kind":"state_label","name":"Catania","country":"Italy","labelrank":3}},{"type":"Feature","geometry":{"type":"Point","coordinates":[2.774628126000067,39.35902973000006]},"properties":{"kind":"state_label","name":"Baleares","country":"Spain","labelrank":3}},{"type":"Feature","geometry":{"type":"Point","coordinates":[8.53682653530538,39.21874900676748]},"properties":{"kind":"state_label","name":"Carbonia-Iglesias","country":"Italy","labelrank":3}},{"type":"Feature","geometry":{"type":"Point","coordinates":[8.70717688529757,40.715726314631496]},"properties":{"kind":"state_label","name":"Sassari","country":"Italy","labelrank":3}},{"type":"Feature","geometry":{"type":"Point","coordinates":[9.218727165505925,40.262436609611825]},"properties":{"kind":"state_label","name":"Nuoro","country":"Italy","labelrank":3}},{"type":"Feature","geometry":{"type":"Point","coordinates":[9.28004700051301,40.899697469555434]},"properties":{"kind":"state_label","name":"Olbia-Tempio","country":"Italy","labelrank":3}},{"type":"Feature","geometry":{"type":"Point","coordinates":[8.768236453829104,40.02847725042474]},"properties":{"kind":"state_label","name":"Oristrano","country":"Italy","labelrank":3}},{"type":"Feature","geometry":{"type":"Point","coordinates":[8.729553590572777,39.58032842931354]},"properties":{"kind":"state_label","name":"Medio Campidano","country":"Italy","labelrank":3}},{"type":"Feature","geometry":{"type":"Point","coordinates":[9.123082086200654,39.39082416640156]},"properties":{"kind":"state_label","name":"Cagliari","country":"Italy","labelrank":3}},{"type":"Feature","geometry":{"type":"Point","coordinates":[9.502621627702837,39.88680584824625]},"properties":{"kind":"state_label","name":"Ogliastra","country":"Italy","labelrank":3}},{"type":"Feature","geometry":{"type":"Point","coordinates":[9.06503339891242,42.42572715736796]},"properties":{"kind":"state_label","name":"Haute-Corse","country":"France","labelrank":3}},{"type":"Feature","geometry":{"type":"Point","coordinates":[8.974131707000055,41.87630849850004]},"properties":{"kind":"state_label","name":"Corse-du-Sud","country":"France","labelrank":3}},{"type":"Feature","geometry":{"type":"Point","coordinates":[20.247935417500088,60.10504791900004]},"properties":{"kind":"state_label","name":"Lumparland","country":"Aland","labelrank":20}},{"type":"Feature","geometry":{"type":"Point","coordinates":[19.593760613000086,60.195217189500056]},"properties":{"kind":"state_label","name":"Ecker\u00f6","country":"Aland","labelrank":20}},{"type":"Feature","geometry":{"type":"Point","coordinates":[20.393402540000068,60.233221747000044]},"properties":{"kind":"state_label","name":"V\u00e5rd\u00f6","country":"Aland","labelrank":20}},{"type":"Feature","geometry":{"type":"Point","coordinates":[20.758230014000077,60.28121572500004]},"properties":{"kind":"state_label","name":"Kumlinge","country":"Aland","labelrank":20}},{"type":"Feature","geometry":{"type":"Point","coordinates":[19.899017774500066,60.130072333063595]},"properties":{"kind":"state_label","name":"Jomala","country":"Aland","labelrank":20}},{"type":"Feature","geometry":{"type":"Point","coordinates":[19.93816165440694,60.079221751983425]},"properties":{"kind":"state_label","name":"Mariehamn","country":"Aland","labelrank":20}},{"type":"Feature","geometry":{"type":"Point","coordinates":[146.16085859450004,-41.606377862499926]},"properties":{"kind":"state_label","name":"Tasmania","country":"Australia","labelrank":2}},{"type":"Feature","geometry":{"type":"Point","coordinates":[96.87130781350004,-12.163262627999927]},"properties":{"kind":"state_label","name":"Cocos (Keeling) Islands","country":"Indian Ocean Territories","labelrank":3}},{"type":"Feature","geometry":{"type":"Point","coordinates":[115.08106530050003,-8.453464450999917]},"properties":{"kind":"state_label","name":"Bali","country":"Indonesia","labelrank":2}},{"type":"Feature","geometry":{"type":"Point","coordinates":[-166.5592148644999,23.653897859000068]},"properties":{"kind":"state_label","name":"Hawaii","country":"United States of America","labelrank":6}},{"type":"Feature","geometry":{"type":"Point","coordinates":[127.13302656350004,26.383408921500063]},"properties":{"kind":"state_label","name":"Okinawa","country":"Japan","labelrank":2}},{"type":"Feature","geometry":{"type":"Point","coordinates":[165.03177695534583,57.899085380466886]},"properties":{"kind":"state_label","name":"Kamchatka","country":"Russia","labelrank":2}},{"type":"Feature","geometry":{"type":"Point","coordinates":[20.929331902000087,59.931240138500044]},"properties":{"kind":"state_label","name":"K\u00f6kar","country":"Aland","labelrank":20}},{"type":"Feature","geometry":{"type":"Point","coordinates":[20.449622923000078,60.01362975200007]},"properties":{"kind":"state_label","name":"F\u00f6gl\u00f6","country":"Aland","labelrank":20}},{"type":"Feature","geometry":{"type":"Point","coordinates":[20.661875847500085,60.13027578300006]},"properties":{"kind":"state_label","name":"Sottunga","country":"Aland","labelrank":20}},{"type":"Feature","geometry":{"type":"Point","coordinates":[159.0754500660001,-31.556288343999938]},"properties":{"kind":"state_label","name":"Lord Howe Island","country":"Australia","labelrank":3}},{"type":"Feature","geometry":{"type":"Point","coordinates":[-172.102807697767,-13.733757125427195]},"properties":{"kind":"state_label","name":"Gaga'emauga","country":"Samoa","labelrank":20}},{"type":"Feature","geometry":{"type":"Point","coordinates":[-172.5025732084999,-13.549844568647131]},"properties":{"kind":"state_label","name":"Gaga'ifomauga","country":"Samoa","labelrank":20}},{"type":"Feature","geometry":{"type":"Point","coordinates":[-172.70719573987247,-13.563571872999916]},"properties":{"kind":"state_label","name":"Vaisigano","country":"Samoa","labelrank":20}},{"type":"Feature","geometry":{"type":"Point","coordinates":[-172.51095537006861,-13.684288662278117]},"properties":{"kind":"state_label","name":"Satupa'itea","country":"Samoa","labelrank":20}},{"type":"Feature","geometry":{"type":"Point","coordinates":[-172.41095943909946,-13.718999454841452]},"properties":{"kind":"state_label","name":"Palauli","country":"Samoa","labelrank":20}},{"type":"Feature","geometry":{"type":"Point","coordinates":[-172.24330797162165,-13.67966074049994]},"properties":{"kind":"state_label","name":"Fa'asaleleaga","country":"Samoa","labelrank":20}},{"type":"Feature","geometry":{"type":"Point","coordinates":[106.70960533950003,-2.3658179669999413]},"properties":{"kind":"state_label","name":"Bangka-Belitung","country":"Indonesia","labelrank":2}},{"type":"Feature","geometry":{"type":"Point","coordinates":[166.93509180109334,-0.49729701693479456]},"properties":{"kind":"state_label","name":"Anetan","country":"Nauru","labelrank":20}},{"type":"Feature","geometry":{"type":"Point","coordinates":[166.93205645114276,-0.5019303075432311]},"properties":{"kind":"state_label","name":"Ewa","country":"Nauru","labelrank":20}},{"type":"Feature","geometry":{"type":"Point","coordinates":[166.928057534561,-0.5060955360008067]},"properties":{"kind":"state_label","name":"Baiti","country":"Nauru","labelrank":20}},{"type":"Feature","geometry":{"type":"Point","coordinates":[166.92533095132643,-0.5092945610023429]},"properties":{"kind":"state_label","name":"Uaboe","country":"Nauru","labelrank":20}},{"type":"Feature","geometry":{"type":"Point","coordinates":[166.92355471549087,-0.5126858683073863]},"properties":{"kind":"state_label","name":"Nibok","country":"Nauru","labelrank":20}},{"type":"Feature","geometry":{"type":"Point","coordinates":[166.9136846986898,-0.5184708722868095]},"properties":{"kind":"state_label","name":"Denigomodu","country":"Nauru","labelrank":20}},{"type":"Feature","geometry":{"type":"Point","coordinates":[166.91245571665792,-0.530581592590016]},"properties":{"kind":"state_label","name":"Aiwo","country":"Nauru","labelrank":20}},{"type":"Feature","geometry":{"type":"Point","coordinates":[166.9160435385212,-0.5413115266556474]},"properties":{"kind":"state_label","name":"Boe","country":"Nauru","labelrank":20}},{"type":"Feature","geometry":{"type":"Point","coordinates":[166.92449603535135,-0.5425243263508477]},"properties":{"kind":"state_label","name":"Yaren","country":"Nauru","labelrank":20}},{"type":"Feature","geometry":{"type":"Point","coordinates":[166.93924844034893,-0.5408345698978394]},"properties":{"kind":"state_label","name":"Meneng","country":"Nauru","labelrank":20}},{"type":"Feature","geometry":{"type":"Point","coordinates":[166.94686892387944,-0.5187829387655749]},"properties":{"kind":"state_label","name":"Anibare","country":"Nauru","labelrank":20}},{"type":"Feature","geometry":{"type":"Point","coordinates":[166.94819201633118,-0.5046540628322648]},"properties":{"kind":"state_label","name":"Ijuw","country":"Nauru","labelrank":20}},{"type":"Feature","geometry":{"type":"Point","coordinates":[166.9471948574821,-0.49729701693479456]},"properties":{"kind":"state_label","name":"Anabar","country":"Nauru","labelrank":20}},{"type":"Feature","geometry":{"type":"Point","coordinates":[166.33342532650005,-21.99300383882752]},"properties":{"kind":"state_label","name":"Sud","country":"New Caledonia","labelrank":5}},{"type":"Feature","geometry":{"type":"Point","coordinates":[167.26754804800004,-21.020969333999915]},"properties":{"kind":"state_label","name":"\u00celes Loyaut\u00e9","country":"New Caledonia","labelrank":5}},{"type":"Feature","geometry":{"type":"Point","coordinates":[-171.5516222296551,-13.962050062739195]},"properties":{"kind":"state_label","name":"Atua","country":"Samoa","labelrank":20}},{"type":"Feature","geometry":{"type":"Point","coordinates":[-171.53426440897525,-13.937929011232143]},"properties":{"kind":"state_label","name":"Va'a-o-Fonoti","country":"Samoa","labelrank":20}},{"type":"Feature","geometry":{"type":"Point","coordinates":[-171.75405579378227,-13.929099753446973]},"properties":{"kind":"state_label","name":"Tuamasaga","country":"Samoa","labelrank":20}},{"type":"Feature","geometry":{"type":"Point","coordinates":[-171.94984181579713,-13.906182549999926]},"properties":{"kind":"state_label","name":"A'ana","country":"Samoa","labelrank":20}},{"type":"Feature","geometry":{"type":"Point","coordinates":[-172.01795397028803,-13.871713117210454]},"properties":{"kind":"state_label","name":"Aiga-i-le-Tai","country":"Samoa","labelrank":20}},{"type":"Feature","geometry":{"type":"Point","coordinates":[50.55558205012085,26.21836985915158]},"properties":{"kind":"state_label","name":"Al Man\u0101mah","country":"Bahrain","labelrank":20}},{"type":"Feature","geometry":{"type":"Point","coordinates":[50.4660676008058,26.14477929812017]},"properties":{"kind":"state_label","name":"Ash Sham\u0101l\u012byah","country":"Bahrain","labelrank":20}},{"type":"Feature","geometry":{"type":"Point","coordinates":[50.64016748684979,25.854397082705084]},"properties":{"kind":"state_label","name":"Al Jan\u016bb\u012byah","country":"Bahrain","labelrank":20}},{"type":"Feature","geometry":{"type":"Point","coordinates":[50.57780533921092,26.14508642275529]},"properties":{"kind":"state_label","name":"Al Wus\u0163\u00e1","country":"Bahrain","labelrank":20}},{"type":"Feature","geometry":{"type":"Point","coordinates":[-63.19688880099994,46.50903961800006]},"properties":{"kind":"state_label","name":"Prince Edward Island","country":"Canada","labelrank":2}},{"type":"Feature","geometry":{"type":"Point","coordinates":[105.64824466200005,-10.498427015999937]},"properties":{"kind":"state_label","name":"Christmas Island","country":"Indian Ocean Territories","labelrank":3}},{"type":"Feature","geometry":{"type":"Point","coordinates":[-71.20586096899993,21.325995184500073]},"properties":{"kind":"state_label","name":"Salt Cay","country":"Turks and Caicos Islands","labelrank":20}},{"type":"Feature","geometry":{"type":"Point","coordinates":[20.125237302500068,60.03320527850008]},"properties":{"kind":"state_label","name":"Lemland","country":"Aland","labelrank":20}},{"type":"Feature","geometry":{"type":"Point","coordinates":[21.077972852500068,60.464870510000054]},"properties":{"kind":"state_label","name":"Br\u00e4nd\u00f6","country":"Aland","labelrank":20}},{"type":"Feature","geometry":{"type":"Point","coordinates":[50.64190290643327,26.245039420678843]},"properties":{"kind":"state_label","name":"Al Mu\u1e29arraq","country":"Bahrain","labelrank":20}},{"type":"Feature","geometry":{"type":"Point","coordinates":[29.43226586312906,-19.0865349257962]},"properties":{"kind":"state_label","name":"Midlands","country":"Zimbabwe","labelrank":5}},{"type":"Feature","geometry":{"type":"Point","coordinates":[31.050565015812822,-17.860149835146785]},"properties":{"kind":"state_label","name":"Harare","country":"Zimbabwe","labelrank":9}},{"type":"Feature","geometry":{"type":"Point","coordinates":[28.54629926924585,-20.139442234021885]},"properties":{"kind":"state_label","name":"Bulawayo","country":"Zimbabwe","labelrank":5}},{"type":"Feature","geometry":{"type":"Point","coordinates":[-66.41321458583445,8.827781887723944]},"properties":{"kind":"state_label","name":"Gu\u00e1rico","country":"Venezuela","labelrank":6}},{"type":"Feature","geometry":{"type":"Point","coordinates":[-68.3738055078179,9.330748603115552]},"properties":{"kind":"state_label","name":"Cojedes","country":"Venezuela","labelrank":6}},{"type":"Feature","geometry":{"type":"Point","coordinates":[-67.00341111907787,10.48411489543605]},"properties":{"kind":"state_label","name":"Distrito Capital","country":"Venezuela","labelrank":9}},{"type":"Feature","geometry":{"type":"Point","coordinates":[-69.68222693537476,8.155406907602696]},"properties":{"kind":"state_label","name":"Barinas","country":"Venezuela","labelrank":7}},{"type":"Feature","geometry":{"type":"Point","coordinates":[-69.87138851611712,10.080237738580763]},"properties":{"kind":"state_label","name":"Lara","country":"Venezuela","labelrank":6}},{"type":"Feature","geometry":{"type":"Point","coordinates":[-69.37763312431923,8.978121547421466]},"properties":{"kind":"state_label","name":"Portuguesa","country":"Venezuela","labelrank":6}},{"type":"Feature","geometry":{"type":"Point","coordinates":[33.77228519050911,49.64644023313022]},"properties":{"kind":"state_label","name":"Poltava","country":"Ukraine","labelrank":7}},{"type":"Feature","geometry":{"type":"Point","coordinates":[27.018692254593844,49.5193678860191]},"properties":{"kind":"state_label","name":"Khmel'nyts'kyy","country":"Ukraine","labelrank":7}},{"type":"Feature","geometry":{"type":"Point","coordinates":[25.543795200687953,49.387683417955344]},"properties":{"kind":"state_label","name":"Ternopil'","country":"Ukraine","labelrank":7}},{"type":"Feature","geometry":{"type":"Point","coordinates":[34.955468783607444,48.32847158474581]},"properties":{"kind":"state_label","name":"Dnipropetrovs'k","country":"Ukraine","labelrank":7}},{"type":"Feature","geometry":{"type":"Point","coordinates":[31.224120314400977,49.35238841404407]},"properties":{"kind":"state_label","name":"Cherkasy","country":"Ukraine","labelrank":7}},{"type":"Feature","geometry":{"type":"Point","coordinates":[31.828812086658473,48.504662380764245]},"properties":{"kind":"state_label","name":"Kirovohrad","country":"Ukraine","labelrank":7}},{"type":"Feature","geometry":{"type":"Point","coordinates":[85.61852623909462,23.654951789093786]},"properties":{"kind":"state_label","name":"Jharkhand","country":"India","labelrank":2}},{"type":"Feature","geometry":{"type":"Point","coordinates":[77.08561038571071,28.657346706984924]},"properties":{"kind":"state_label","name":"Delhi","country":"India","labelrank":9}},{"type":"Feature","geometry":{"type":"Point","coordinates":[76.76051395070823,30.735656541616095]},"properties":{"kind":"state_label","name":"Chandigarh","country":"India","labelrank":9}},{"type":"Feature","geometry":{"type":"Point","coordinates":[78.42144616106145,23.967309984268354]},"properties":{"kind":"state_label","name":"Madhya Pradesh","country":"India","labelrank":2}},{"type":"Feature","geometry":{"type":"Point","coordinates":[-111.54443973955233,39.49994305252983]},"properties":{"kind":"state_label","name":"Utah","country":"United States of America","labelrank":6}},{"type":"Feature","geometry":{"type":"Point","coordinates":[-107.55187382191932,42.999967466625236]},"properties":{"kind":"state_label","name":"Wyoming","country":"United States of America","labelrank":6}},{"type":"Feature","geometry":{"type":"Point","coordinates":[-117.02047733760901,38.50182293528022]},"properties":{"kind":"state_label","name":"Nevada","country":"United States of America","labelrank":6}},{"type":"Feature","geometry":{"type":"Point","coordinates":[-105.54309696705135,38.99982098225249]},"properties":{"kind":"state_label","name":"Colorado","country":"United States of America","labelrank":6}},{"type":"Feature","geometry":{"type":"Point","coordinates":[-100.2551086848679,44.230179869105655]},"properties":{"kind":"state_label","name":"South Dakota","country":"United States of America","labelrank":6}},{"type":"Feature","geometry":{"type":"Point","coordinates":[-99.68549198596634,41.50023602157509]},"properties":{"kind":"state_label","name":"Nebraska","country":"United States of America","labelrank":6}},{"type":"Feature","geometry":{"type":"Point","coordinates":[-98.33086552172642,38.49995525967745]},"properties":{"kind":"state_label","name":"Kansas","country":"United States of America","labelrank":6}},{"type":"Feature","geometry":{"type":"Point","coordinates":[-98.71994022800911,35.32361248602737]},"properties":{"kind":"state_label","name":"Oklahoma","country":"United States of America","labelrank":6}},{"type":"Feature","geometry":{"type":"Point","coordinates":[-93.38911747419203,41.94023846253498]},"properties":{"kind":"state_label","name":"Iowa","country":"United States of America","labelrank":6}},{"type":"Feature","geometry":{"type":"Point","coordinates":[-92.44596561921793,38.30249432230511]},"properties":{"kind":"state_label","name":"Missouri","country":"United States of America","labelrank":6}},{"type":"Feature","geometry":{"type":"Point","coordinates":[36.922015415029364,-7.875177910981819]},"properties":{"kind":"state_label","name":"Morogoro","country":"United Republic of Tanzania","labelrank":6}},{"type":"Feature","geometry":{"type":"Point","coordinates":[35.96083377450907,-5.777605685853729]},"properties":{"kind":"state_label","name":"Dodoma","country":"United Republic of Tanzania","labelrank":7}},{"type":"Feature","geometry":{"type":"Point","coordinates":[36.459149610865836,-4.726403700420462]},"properties":{"kind":"state_label","name":"Manyara","country":"United Republic of Tanzania","labelrank":5}},{"type":"Feature","geometry":{"type":"Point","coordinates":[54.43805219914964,35.839660243925096]},"properties":{"kind":"state_label","name":"Semnan","country":"Iran","labelrank":6}},{"type":"Feature","geometry":{"type":"Point","coordinates":[48.29594648644118,36.39364451738055]},"properties":{"kind":"state_label","name":"Zanjan","country":"Iran","labelrank":7}},{"type":"Feature","geometry":{"type":"Point","coordinates":[49.699633416698816,36.12535340013929]},"properties":{"kind":"state_label","name":"Qazvin","country":"Iran","labelrank":7}},{"type":"Feature","geometry":{"type":"Point","coordinates":[33.33623945493687,14.479258632929572]},"properties":{"kind":"state_label","name":"Gezira","country":"Sudan","labelrank":3}},{"type":"Feature","geometry":{"type":"Point","coordinates":[32.9823075701882,15.924661363631031]},"properties":{"kind":"state_label","name":"Khartoum","country":"Sudan","labelrank":7}},{"type":"Feature","geometry":{"type":"Point","coordinates":[29.612177361745808,14.009711744151645]},"properties":{"kind":"state_label","name":"North Kordufan","country":"Sudan","labelrank":3}},{"type":"Feature","geometry":{"type":"Point","coordinates":[30.136899855543902,6.7596006339121]},"properties":{"kind":"state_label","name":"Lakes","country":"S. Sudan","labelrank":3}},{"type":"Feature","geometry":{"type":"Point","coordinates":[28.699390700170653,7.841356309745862]},"properties":{"kind":"state_label","name":"Warrap","country":"S. Sudan","labelrank":3}},{"type":"Feature","geometry":{"type":"Point","coordinates":[-0.8980404324699975,41.843173023416284]},"properties":{"kind":"state_label","name":"Zaragoza","country":"Spain","labelrank":3}},{"type":"Feature","geometry":{"type":"Point","coordinates":[-2.4033749047780475,42.28128255919273]},"properties":{"kind":"state_label","name":"La Rioja","country":"Spain","labelrank":3}},{"type":"Feature","geometry":{"type":"Point","coordinates":[-2.759606391072083,42.85083236831912]},"properties":{"kind":"state_label","name":"\u00c1lava","country":"Spain","labelrank":3}},{"type":"Feature","geometry":{"type":"Point","coordinates":[-1.8928019843241373,38.72283208623179]},"properties":{"kind":"state_label","name":"Albacete","country":"Spain","labelrank":3}},{"type":"Feature","geometry":{"type":"Point","coordinates":[-0.7592633729562976,40.6032953047345]},"properties":{"kind":"state_label","name":"Teruel","country":"Spain","labelrank":3}},{"type":"Feature","geometry":{"type":"Point","coordinates":[-2.1577726926056755,39.94326179254767]},"properties":{"kind":"state_label","name":"Cuenca","country":"Spain","labelrank":3}},{"type":"Feature","geometry":{"type":"Point","coordinates":[-4.14962408713194,39.78457415482339]},"properties":{"kind":"state_label","name":"Toledo","country":"Spain","labelrank":3}},{"type":"Feature","geometry":{"type":"Point","coordinates":[-5.898949652354588,42.63465090851258]},"properties":{"kind":"state_label","name":"Le\u00f3n","country":"Spain","labelrank":3}},{"type":"Feature","geometry":{"type":"Point","coordinates":[-2.664253819158432,41.60300354692612]},"properties":{"kind":"state_label","name":"Soria","country":"Spain","labelrank":3}},{"type":"Feature","geometry":{"type":"Point","coordinates":[-3.4218508802139525,42.329418963714176]},"properties":{"kind":"state_label","name":"Burgos","country":"Spain","labelrank":3}},{"type":"Feature","geometry":{"type":"Point","coordinates":[-4.944511786389825,40.624804090186615]},"properties":{"kind":"state_label","name":"\u00c1vila","country":"Spain","labelrank":3}},{"type":"Feature","geometry":{"type":"Point","coordinates":[28.123135268423155,-26.009471529937144]},"properties":{"kind":"state_label","name":"Gauteng","country":"South Africa","labelrank":2}},{"type":"Feature","geometry":{"type":"Point","coordinates":[45.140376824480825,23.394773871516946]},"properties":{"kind":"state_label","name":"Ar Riyad","country":"Saudi Arabia","labelrank":6}},{"type":"Feature","geometry":{"type":"Point","coordinates":[43.127631463321364,25.969707139372957]},"properties":{"kind":"state_label","name":"Al Quassim","country":"Saudi Arabia","labelrank":4}},{"type":"Feature","geometry":{"type":"Point","coordinates":[41.89951521145784,27.093966680767693]},"properties":{"kind":"state_label","name":"Ha'il","country":"Saudi Arabia","labelrank":6}},{"type":"Feature","geometry":{"type":"Point","coordinates":[41.416469761370365,20.063788560793455]},"properties":{"kind":"state_label","name":"Al Bahah","country":"Saudi Arabia","labelrank":4}},{"type":"Feature","geometry":{"type":"Point","coordinates":[-72.15862616626455,-13.266864312238226]},"properties":{"kind":"state_label","name":"Cusco","country":"Peru","labelrank":6}},{"type":"Feature","geometry":{"type":"Point","coordinates":[-73.98379899792542,-13.877731418270344]},"properties":{"kind":"state_label","name":"Ayacucho","country":"Peru","labelrank":7}},{"type":"Feature","geometry":{"type":"Point","coordinates":[-72.96621253158307,-14.01296864188933]},"properties":{"kind":"state_label","name":"Apur\u00edmac","country":"Peru","labelrank":4}},{"type":"Feature","geometry":{"type":"Point","coordinates":[-75.04161556670502,-13.060391126998923]},"properties":{"kind":"state_label","name":"Huancavelica","country":"Peru","labelrank":7}},{"type":"Feature","geometry":{"type":"Point","coordinates":[-76.6238187324985,-7.059853000415643]},"properties":{"kind":"state_label","name":"San Mart\u00edn","country":"Peru","labelrank":4}},{"type":"Feature","geometry":{"type":"Point","coordinates":[-75.91610999218236,-9.4117507869193]},"properties":{"kind":"state_label","name":"Hu\u00e1nuco","country":"Peru","labelrank":7}},{"type":"Feature","geometry":{"type":"Point","coordinates":[-75.45855394141125,-10.376627292065876]},"properties":{"kind":"state_label","name":"Pasco","country":"Peru","labelrank":7}},{"type":"Feature","geometry":{"type":"Point","coordinates":[-74.96423010883245,-11.68391183851054]},"properties":{"kind":"state_label","name":"Jun\u00edn","country":"Peru","labelrank":4}},{"type":"Feature","geometry":{"type":"Point","coordinates":[-56.605324876491835,-24.17314950924245]},"properties":{"kind":"state_label","name":"San Pedro","country":"Paraguay","labelrank":7}},{"type":"Feature","geometry":{"type":"Point","coordinates":[-55.88207444917646,-25.106270847721447]},"properties":{"kind":"state_label","name":"Caaguaz\u00fa","country":"Paraguay","labelrank":5}},{"type":"Feature","geometry":{"type":"Point","coordinates":[-56.97474677139638,-25.288972873849048]},"properties":{"kind":"state_label","name":"Cordillera","country":"Paraguay","labelrank":5}},{"type":"Feature","geometry":{"type":"Point","coordinates":[-56.00490932885245,-26.161167698230685]},"properties":{"kind":"state_label","name":"Caazap\u00e1","country":"Paraguay","labelrank":5}},{"type":"Feature","geometry":{"type":"Point","coordinates":[-57.14600246843918,-26.024276828662693]},"properties":{"kind":"state_label","name":"Paraguar\u00ed","country":"Paraguay","labelrank":5}},{"type":"Feature","geometry":{"type":"Point","coordinates":[-56.14855689128751,-25.878290907499377]},"properties":{"kind":"state_label","name":"Guair\u00e1","country":"Paraguay","labelrank":5}},{"type":"Feature","geometry":{"type":"Point","coordinates":[73.0627551617213,33.64830821410277]},"properties":{"kind":"state_label","name":"F.C.T.","country":"Pakistan","labelrank":3}},{"type":"Feature","geometry":{"type":"Point","coordinates":[-4.173318548911908,33.4619371604216]},"properties":{"kind":"state_label","name":"F\u00e8s - Boulemane","country":"Morocco","labelrank":6}},{"type":"Feature","geometry":{"type":"Point","coordinates":[-6.360872361770106,32.08253815366285]},"properties":{"kind":"state_label","name":"Tadla - Azilal","country":"Morocco","labelrank":5}},{"type":"Feature","geometry":{"type":"Point","coordinates":[47.31223392070885,-18.658214816710426]},"properties":{"kind":"state_label","name":"Analamanga","country":"Madagascar","labelrank":6}},{"type":"Feature","geometry":{"type":"Point","coordinates":[46.84448076662406,-17.124676172417423]},"properties":{"kind":"state_label","name":"Betsiboka","country":"Madagascar","labelrank":6}},{"type":"Feature","geometry":{"type":"Point","coordinates":[46.31474104146585,-18.601479977918643]},"properties":{"kind":"state_label","name":"Bongolava","country":"Madagascar","labelrank":6}},{"type":"Feature","geometry":{"type":"Point","coordinates":[46.829627720193116,-19.717805819383074]},"properties":{"kind":"state_label","name":"Vakinankaratra","country":"Madagascar","labelrank":6}},{"type":"Feature","geometry":{"type":"Point","coordinates":[46.77423058427402,-20.46504030636504]},"properties":{"kind":"state_label","name":"Amoron'i Mania","country":"Madagascar","labelrank":6}},{"type":"Feature","geometry":{"type":"Point","coordinates":[48.38335717144628,-18.017737115475512]},"properties":{"kind":"state_label","name":"Alaotra-Mangoro","country":"Madagascar","labelrank":6}},{"type":"Feature","geometry":{"type":"Point","coordinates":[74.58772667804374,42.85826284450465]},"properties":{"kind":"state_label","name":"Bishkek","country":"Kyrgyzstan","labelrank":9}},{"type":"Feature","geometry":{"type":"Point","coordinates":[36.90387698778275,-1.2782420789587832]},"properties":{"kind":"state_label","name":"Nairobi","country":"Kenya","labelrank":9}},{"type":"Feature","geometry":{"type":"Point","coordinates":[36.8462577655834,-0.589860324744194]},"properties":{"kind":"state_label","name":"Central","country":"Kenya","labelrank":4}},{"type":"Feature","geometry":{"type":"Point","coordinates":[139.0254213810918,36.50438711192564]},"properties":{"kind":"state_label","name":"Gunma","country":"Japan","labelrank":2}},{"type":"Feature","geometry":{"type":"Point","coordinates":[-1.3296032373995104,6.7385683250181785]},"properties":{"kind":"state_label","name":"Ashanti","country":"Ghana","labelrank":5}},{"type":"Feature","geometry":{"type":"Point","coordinates":[-0.46043148452540095,6.459373480601641]},"properties":{"kind":"state_label","name":"Eastern","country":"Ghana","labelrank":5}},{"type":"Feature","geometry":{"type":"Point","coordinates":[9.002143385358949,50.52565013279738]},"properties":{"kind":"state_label","name":"Hessen","country":"Germany","labelrank":3}},{"type":"Feature","geometry":{"type":"Point","coordinates":[11.262522210631488,50.922318427103704]},"properties":{"kind":"state_label","name":"Th\u00fcringen","country":"Germany","labelrank":3}},{"type":"Feature","geometry":{"type":"Point","coordinates":[11.903232455863133,51.98910085716878]},"properties":{"kind":"state_label","name":"Sachsen-Anhalt","country":"Germany","labelrank":3}},{"type":"Feature","geometry":{"type":"Point","coordinates":[13.421279331376041,52.50279043213271]},"properties":{"kind":"state_label","name":"Berlin","country":"Germany","labelrank":9}},{"type":"Feature","geometry":{"type":"Point","coordinates":[10.572357618809065,-0.5100977514101146]},"properties":{"kind":"state_label","name":"Moyen-Ogoou\u00e9","country":"Gabon","labelrank":5}},{"type":"Feature","geometry":{"type":"Point","coordinates":[-73.80968817821685,1.132876898849787]},"properties":{"kind":"state_label","name":"Caquet\u00e1","country":"Colombia","labelrank":5}},{"type":"Feature","geometry":{"type":"Point","coordinates":[-75.54714026561075,2.666116645366884]},"properties":{"kind":"state_label","name":"Huila","country":"Colombia","labelrank":5}},{"type":"Feature","geometry":{"type":"Point","coordinates":[-71.83475704595088,1.7847363353635899]},"properties":{"kind":"state_label","name":"Guaviare","country":"Colombia","labelrank":6}},{"type":"Feature","geometry":{"type":"Point","coordinates":[-75.27932715557375,5.289599921349264]},"properties":{"kind":"state_label","name":"Caldas","country":"Colombia","labelrank":5}},{"type":"Feature","geometry":{"type":"Point","coordinates":[-71.46218288832964,5.324791571573769]},"properties":{"kind":"state_label","name":"Casanare","country":"Colombia","labelrank":5}},{"type":"Feature","geometry":{"type":"Point","coordinates":[-72.97892493343892,3.27194529873654]},"properties":{"kind":"state_label","name":"Meta","country":"Colombia","labelrank":5}},{"type":"Feature","geometry":{"type":"Point","coordinates":[-74.2442998930756,4.255451158893862]},"properties":{"kind":"state_label","name":"Bogota","country":"Colombia","labelrank":9}},{"type":"Feature","geometry":{"type":"Point","coordinates":[-73.49814388703075,6.936437384627595]},"properties":{"kind":"state_label","name":"Santander","country":"Colombia","labelrank":5}},{"type":"Feature","geometry":{"type":"Point","coordinates":[-75.29660000243814,4.101804205949321]},"properties":{"kind":"state_label","name":"Tolima","country":"Colombia","labelrank":5}},{"type":"Feature","geometry":{"type":"Point","coordinates":[-75.63998989566716,4.399370022058861]},"properties":{"kind":"state_label","name":"Quind\u00edo","country":"Colombia","labelrank":5}},{"type":"Feature","geometry":{"type":"Point","coordinates":[-73.97206844755081,4.765200405574234]},"properties":{"kind":"state_label","name":"Cundinamarca","country":"Colombia","labelrank":5}},{"type":"Feature","geometry":{"type":"Point","coordinates":[-75.78047227662424,5.124351609689029]},"properties":{"kind":"state_label","name":"Risaralda","country":"Colombia","labelrank":5}},{"type":"Feature","geometry":{"type":"Point","coordinates":[116.45519697421093,40.244081326142265]},"properties":{"kind":"state_label","name":"Beijing","country":"China","labelrank":7}},{"type":"Feature","geometry":{"type":"Point","coordinates":[24.08424604696745,-4.842158908756659]},"properties":{"kind":"state_label","name":"Kasa\u00ef-Oriental","country":"Democratic Republic of the Congo","labelrank":6}},{"type":"Feature","geometry":{"type":"Point","coordinates":[26.63760440491933,-2.545038140547746]},"properties":{"kind":"state_label","name":"Maniema","country":"Democratic Republic of the Congo","labelrank":6}},{"type":"Feature","geometry":{"type":"Point","coordinates":[102.94222334178377,30.167280381934063]},"properties":{"kind":"state_label","name":"Sichuan","country":"China","labelrank":2}},{"type":"Feature","geometry":{"type":"Point","coordinates":[107.73032901482213,30.194694729278325]},"properties":{"kind":"state_label","name":"Chongqing","country":"China","labelrank":2}},{"type":"Feature","geometry":{"type":"Point","coordinates":[106.55885013187802,26.9387435980386]},"properties":{"kind":"state_label","name":"Guizhou","country":"China","labelrank":2}},{"type":"Feature","geometry":{"type":"Point","coordinates":[111.51110599174805,27.370526027753954]},"properties":{"kind":"state_label","name":"Hunan","country":"China","labelrank":2}},{"type":"Feature","geometry":{"type":"Point","coordinates":[106.01009809789886,37.314156805891855]},"properties":{"kind":"state_label","name":"Ningxia","country":"China","labelrank":2}},{"type":"Feature","geometry":{"type":"Point","coordinates":[108.36264183999887,35.64301850035346]},"properties":{"kind":"state_label","name":"Shaanxi","country":"China","labelrank":2}},{"type":"Feature","geometry":{"type":"Point","coordinates":[96.23774885477579,35.42950440095731]},"properties":{"kind":"state_label","name":"Qinghai","country":"China","labelrank":2}},{"type":"Feature","geometry":{"type":"Point","coordinates":[112.3891919290642,37.66312775369286]},"properties":{"kind":"state_label","name":"Shanxi","country":"China","labelrank":2}},{"type":"Feature","geometry":{"type":"Point","coordinates":[116.01739424080154,27.278025214591963]},"properties":{"kind":"state_label","name":"Jiangxi","country":"China","labelrank":2}},{"type":"Feature","geometry":{"type":"Point","coordinates":[113.48442223524788,33.88021912271432]},"properties":{"kind":"state_label","name":"Henan","country":"China","labelrank":2}},{"type":"Feature","geometry":{"type":"Point","coordinates":[112.26382490474552,31.166405443456426]},"properties":{"kind":"state_label","name":"Hubei","country":"China","labelrank":2}},{"type":"Feature","geometry":{"type":"Point","coordinates":[117.25284854462461,32.025358181484876]},"properties":{"kind":"state_label","name":"Anhui","country":"China","labelrank":2}},{"type":"Feature","geometry":{"type":"Point","coordinates":[16.791671577980935,14.694722266019738]},"properties":{"kind":"state_label","name":"Barh El Gazel","country":"Chad","labelrank":4}},{"type":"Feature","geometry":{"type":"Point","coordinates":[16.499411859070023,9.621402696727046]},"properties":{"kind":"state_label","name":"Tandjil\u00e9","country":"Chad","labelrank":4}},{"type":"Feature","geometry":{"type":"Point","coordinates":[15.930557691734094,8.748174344020754]},"properties":{"kind":"state_label","name":"Logone Occidental","country":"Chad","labelrank":4}},{"type":"Feature","geometry":{"type":"Point","coordinates":[18.714939485718673,11.46112987534346]},"properties":{"kind":"state_label","name":"Gu\u00e9ra","country":"Chad","labelrank":4}},{"type":"Feature","geometry":{"type":"Point","coordinates":[18.6221763443628,14.168799546911544]},"properties":{"kind":"state_label","name":"Batha","country":"Chad","labelrank":4}},{"type":"Feature","geometry":{"type":"Point","coordinates":[10.588919915371804,5.592966417266325]},"properties":{"kind":"state_label","name":"Ouest","country":"Cameroon","labelrank":5}},{"type":"Feature","geometry":{"type":"Point","coordinates":[11.738281283804184,4.696483669385827]},"properties":{"kind":"state_label","name":"Centre","country":"Cameroon","labelrank":5}},{"type":"Feature","geometry":{"type":"Point","coordinates":[-49.57862199545872,-15.942902520235123]},"properties":{"kind":"state_label","name":"Goi\u00e1s","country":"Brazil","labelrank":2}},{"type":"Feature","geometry":{"type":"Point","coordinates":[-47.79019110808315,-15.765962416282491]},"properties":{"kind":"state_label","name":"Distrito Federal","country":"Brazil","labelrank":7}},{"type":"Feature","geometry":{"type":"Point","coordinates":[-45.444171515752856,-18.565920709123446]},"properties":{"kind":"state_label","name":"Minas Gerais","country":"Brazil","labelrank":2}},{"type":"Feature","geometry":{"type":"Point","coordinates":[-48.25017595025989,-9.274472344173347]},"properties":{"kind":"state_label","name":"Tocantins","country":"Brazil","labelrank":2}},{"type":"Feature","geometry":{"type":"Point","coordinates":[24.487916497348436,-23.860481256155055]},"properties":{"kind":"state_label","name":"Kweneng","country":"Botswana","labelrank":4}},{"type":"Feature","geometry":{"type":"Point","coordinates":[25.93414108384391,-24.61180736077108]},"properties":{"kind":"state_label","name":"Gaborone","country":"Botswana","labelrank":4}},{"type":"Feature","geometry":{"type":"Point","coordinates":[24.729112193822658,-24.560755505712024]},"properties":{"kind":"state_label","name":"Jwaneng","country":"Botswana","labelrank":4}},{"type":"Feature","geometry":{"type":"Point","coordinates":[-65.61367682547512,-17.18398955682258]},"properties":{"kind":"state_label","name":"Cochabamba","country":"Bolivia","labelrank":6}},{"type":"Feature","geometry":{"type":"Point","coordinates":[27.783787672213293,53.681400661911]},"properties":{"kind":"state_label","name":"Minsk","country":"Belarus","labelrank":7}},{"type":"Feature","geometry":{"type":"Point","coordinates":[149.08692610105862,-35.52956227013266]},"properties":{"kind":"state_label","name":"Australian Capital Territory","country":"Australia","labelrank":9}},{"type":"Feature","geometry":{"type":"Point","coordinates":[-60.85927710600362,-31.190731499808862]},"properties":{"kind":"state_label","name":"Santa Fe","country":"Argentina","labelrank":6}},{"type":"Feature","geometry":{"type":"Point","coordinates":[-65.33870652928292,-27.064471734582895]},"properties":{"kind":"state_label","name":"Tucum\u00e1n","country":"Argentina","labelrank":3}},{"type":"Feature","geometry":{"type":"Point","coordinates":[-63.444997829486226,-27.868246961478093]},"properties":{"kind":"state_label","name":"Santiago del Estero","country":"Argentina","labelrank":6}},{"type":"Feature","geometry":{"type":"Point","coordinates":[-66.1350145125597,-33.92407887119293]},"properties":{"kind":"state_label","name":"San Luis","country":"Argentina","labelrank":6}},{"type":"Feature","geometry":{"type":"Point","coordinates":[-65.83862433564457,-37.16313180863608]},"properties":{"kind":"state_label","name":"La Pampa","country":"Argentina","labelrank":3}},{"type":"Feature","geometry":{"type":"Point","coordinates":[-63.75012132413977,-32.21320138918276]},"properties":{"kind":"state_label","name":"C\u00f3rdoba","country":"Argentina","labelrank":3}},{"type":"Feature","geometry":{"type":"Point","coordinates":[17.49206444631713,-12.442909437170812]},"properties":{"kind":"state_label","name":"Bi\u00e9","country":"Angola","labelrank":4}},{"type":"Feature","geometry":{"type":"Point","coordinates":[14.945785760154706,-8.857908623883873]},"properties":{"kind":"state_label","name":"Cuanza Norte","country":"Angola","labelrank":4}},{"type":"Feature","geometry":{"type":"Point","coordinates":[14.984362216193318,-14.853072401470172]},"properties":{"kind":"state_label","name":"Hu\u00edla","country":"Angola","labelrank":4}},{"type":"Feature","geometry":{"type":"Point","coordinates":[15.694706455738327,-12.603907362185026]},"properties":{"kind":"state_label","name":"Huambo","country":"Angola","labelrank":7}},{"type":"Feature","geometry":{"type":"Point","coordinates":[66.09465335436877,32.79684855811445]},"properties":{"kind":"state_label","name":"Uruzgan","country":"Afghanistan","labelrank":5}},{"type":"Feature","geometry":{"type":"Point","coordinates":[67.81467756481771,33.140587266439155]},"properties":{"kind":"state_label","name":"Ghazni","country":"Afghanistan","labelrank":7}},{"type":"Feature","geometry":{"type":"Point","coordinates":[69.75874494787101,35.486555182825384]},"properties":{"kind":"state_label","name":"Parwan","country":"Afghanistan","labelrank":5}},{"type":"Feature","geometry":{"type":"Point","coordinates":[69.38455590238294,34.51926280368542]},"properties":{"kind":"state_label","name":"Kabul","country":"Afghanistan","labelrank":7}},{"type":"Feature","geometry":{"type":"Point","coordinates":[70.20851077655107,34.81927033176038]},"properties":{"kind":"state_label","name":"Laghman","country":"Afghanistan","labelrank":5}},{"type":"Feature","geometry":{"type":"Point","coordinates":[69.30471581423339,33.98324900998381]},"properties":{"kind":"state_label","name":"Logar","country":"Afghanistan","labelrank":5}},{"type":"Feature","geometry":{"type":"Point","coordinates":[69.59728193531302,34.91058258741646]},"properties":{"kind":"state_label","name":"Kapisa","country":"Afghanistan","labelrank":5}},{"type":"Feature","geometry":{"type":"Point","coordinates":[68.10871646514272,34.238349718164955]},"properties":{"kind":"state_label","name":"Wardak","country":"Afghanistan","labelrank":5}},{"type":"Feature","geometry":{"type":"Point","coordinates":[67.30664655969096,34.70377350584258]},"properties":{"kind":"state_label","name":"Bamyan","country":"Afghanistan","labelrank":9}},{"type":"Feature","geometry":{"type":"Point","coordinates":[68.89954674708468,35.004207363828755]},"properties":{"kind":"state_label","name":"Parwan","country":"Afghanistan","labelrank":5}},{"type":"Feature","geometry":{"type":"Point","coordinates":[66.21583458809573,35.68602621109076]},"properties":{"kind":"state_label","name":"Sari Pul","country":"Afghanistan","labelrank":5}},{"type":"Feature","geometry":{"type":"Point","coordinates":[64.92242516483944,34.196155910966496]},"properties":{"kind":"state_label","name":"Ghor","country":"Afghanistan","labelrank":5}},{"type":"Feature","geometry":{"type":"Point","coordinates":[68.98313337535495,35.788952745123055]},"properties":{"kind":"state_label","name":"Baghlan","country":"Afghanistan","labelrank":7}},{"type":"Feature","geometry":{"type":"Point","coordinates":[67.68300601596482,36.000206000606426]},"properties":{"kind":"state_label","name":"Samangan","country":"Afghanistan","labelrank":5}},{"type":"Feature","geometry":{"type":"Point","coordinates":[66.30112654005774,33.733587245954624]},"properties":{"kind":"state_label","name":"Uruzgan","country":"Afghanistan","labelrank":5}},{"type":"Feature","geometry":{"type":"Point","coordinates":[7.560190056975529,5.4197857730949295]},"properties":{"kind":"state_label","name":"Abia","country":"Nigeria","labelrank":3}},{"type":"Feature","geometry":{"type":"Point","coordinates":[7.982541538760984,6.240937201440687]},"properties":{"kind":"state_label","name":"Ebonyi","country":"Nigeria","labelrank":3}},{"type":"Feature","geometry":{"type":"Point","coordinates":[6.984721306742898,6.235201117237779]},"properties":{"kind":"state_label","name":"Anambra","country":"Nigeria","labelrank":3}},{"type":"Feature","geometry":{"type":"Point","coordinates":[5.849338413836733,6.656867886243958]},"properties":{"kind":"state_label","name":"Edo","country":"Nigeria","labelrank":3}},{"type":"Feature","geometry":{"type":"Point","coordinates":[9.885836216118463,10.999548549925635]},"properties":{"kind":"state_label","name":"Bauchi","country":"Nigeria","labelrank":7}},{"type":"Feature","geometry":{"type":"Point","coordinates":[9.606008334866772,9.34647115771773]},"properties":{"kind":"state_label","name":"Plateau","country":"Nigeria","labelrank":3}},{"type":"Feature","geometry":{"type":"Point","coordinates":[8.27694217294291,8.560511379596477]},"properties":{"kind":"state_label","name":"Nassarawa","country":"Nigeria","labelrank":3}},{"type":"Feature","geometry":{"type":"Point","coordinates":[11.242084181389828,10.4542459173652]},"properties":{"kind":"state_label","name":"Gombe","country":"Nigeria","labelrank":3}},{"type":"Feature","geometry":{"type":"Point","coordinates":[7.38407677577257,6.517961635521061]},"properties":{"kind":"state_label","name":"Enugu","country":"Nigeria","labelrank":7}},{"type":"Feature","geometry":{"type":"Point","coordinates":[6.614201287459423,7.634366359669741]},"properties":{"kind":"state_label","name":"Kogi","country":"Nigeria","labelrank":3}},{"type":"Feature","geometry":{"type":"Point","coordinates":[4.5491076998604285,7.5302900253144]},"properties":{"kind":"state_label","name":"Osun","country":"Nigeria","labelrank":3}},{"type":"Feature","geometry":{"type":"Point","coordinates":[7.01557213674468,5.554364121906701]},"properties":{"kind":"state_label","name":"Imo","country":"Nigeria","labelrank":3}},{"type":"Feature","geometry":{"type":"Point","coordinates":[34.414933302979534,-5.6504299859551]},"properties":{"kind":"state_label","name":"Singida","country":"United Republic of Tanzania","labelrank":7}},{"type":"Feature","geometry":{"type":"Point","coordinates":[32.65953657425348,-5.492455132898073]},"properties":{"kind":"state_label","name":"Tabora","country":"United Republic of Tanzania","labelrank":6}},{"type":"Feature","geometry":{"type":"Point","coordinates":[35.40505374558387,-7.961167435129028]},"properties":{"kind":"state_label","name":"Iringa","country":"United Republic of Tanzania","labelrank":6}},{"type":"Feature","geometry":{"type":"Point","coordinates":[32.83223921077092,-2.458350925055157]},"properties":{"kind":"state_label","name":"Mwanza","country":"United Republic of Tanzania","labelrank":7}},{"type":"Feature","geometry":{"type":"Point","coordinates":[34.287137485456554,-3.0234327124996696]},"properties":{"kind":"state_label","name":"Simiyu","country":"United Republic of Tanzania","labelrank":6}},{"type":"Feature","geometry":{"type":"Point","coordinates":[31.735827712978534,-3.252178440082929]},"properties":{"kind":"state_label","name":"Geita","country":"United Republic of Tanzania","labelrank":5}},{"type":"Feature","geometry":{"type":"Point","coordinates":[33.04491382541269,-3.813978773601548]},"properties":{"kind":"state_label","name":"Shinyanga","country":"United Republic of Tanzania","labelrank":6}},{"type":"Feature","geometry":{"type":"Point","coordinates":[43.54502200681014,2.689952399183852]},"properties":{"kind":"state_label","name":"Bay","country":"Somalia","labelrank":5}},{"type":"Feature","geometry":{"type":"Point","coordinates":[56.55750939299406,54.05525381151415]},"properties":{"kind":"state_label","name":"Bashkortostan","country":"Russia","labelrank":2}},{"type":"Feature","geometry":{"type":"Point","coordinates":[61.70784101759884,59.02363271747589]},"properties":{"kind":"state_label","name":"Sverdlovsk","country":"Russia","labelrank":6}},{"type":"Feature","geometry":{"type":"Point","coordinates":[72.59854576997128,62.153105780807095]},"properties":{"kind":"state_label","name":"Khanty-Mansiy","country":"Russia","labelrank":2}},{"type":"Feature","geometry":{"type":"Point","coordinates":[39.207302280525795,52.735670274363656]},"properties":{"kind":"state_label","name":"Lipetsk","country":"Russia","labelrank":7}},{"type":"Feature","geometry":{"type":"Point","coordinates":[41.594495070041404,52.70879852982827]},"properties":{"kind":"state_label","name":"Tambov","country":"Russia","labelrank":7}},{"type":"Feature","geometry":{"type":"Point","coordinates":[82.22989586819972,58.36390554495492]},"properties":{"kind":"state_label","name":"Tomsk","country":"Russia","labelrank":6}},{"type":"Feature","geometry":{"type":"Point","coordinates":[50.736417677483786,55.32263123264522]},"properties":{"kind":"state_label","name":"Tatarstan","country":"Russia","labelrank":2}},{"type":"Feature","geometry":{"type":"Point","coordinates":[48.02433515809102,53.79167816891234]},"properties":{"kind":"state_label","name":"Ul'yanovsk","country":"Russia","labelrank":7}},{"type":"Feature","geometry":{"type":"Point","coordinates":[44.53534915543915,53.166574205385245]},"properties":{"kind":"state_label","name":"Penza","country":"Russia","labelrank":7}},{"type":"Feature","geometry":{"type":"Point","coordinates":[86.92971235529092,54.50048503315773]},"properties":{"kind":"state_label","name":"Kemerovo","country":"Russia","labelrank":6}},{"type":"Feature","geometry":{"type":"Point","coordinates":[36.41656823048942,52.78531840641929]},"properties":{"kind":"state_label","name":"Orel","country":"Russia","labelrank":7}},{"type":"Feature","geometry":{"type":"Point","coordinates":[107.39295942573688,57.7157926503605]},"properties":{"kind":"state_label","name":"Irkutsk","country":"Russia","labelrank":6}},{"type":"Feature","geometry":{"type":"Point","coordinates":[89.84049075704274,53.380970428192654]},"properties":{"kind":"state_label","name":"Khakass","country":"Russia","labelrank":2}},{"type":"Feature","geometry":{"type":"Point","coordinates":[44.46305382662277,54.41905589466376]},"properties":{"kind":"state_label","name":"Mordovia","country":"Russia","labelrank":2}},{"type":"Feature","geometry":{"type":"Point","coordinates":[35.34164676323752,54.295109972297354]},"properties":{"kind":"state_label","name":"Kaluga","country":"Russia","labelrank":7}},{"type":"Feature","geometry":{"type":"Point","coordinates":[43.99476199751814,58.45444265380539]},"properties":{"kind":"state_label","name":"Kostroma","country":"Russia","labelrank":6}},{"type":"Feature","geometry":{"type":"Point","coordinates":[39.25474124506238,57.74603628194882]},"properties":{"kind":"state_label","name":"Yaroslavl'","country":"Russia","labelrank":6}},{"type":"Feature","geometry":{"type":"Point","coordinates":[40.62065270360938,55.966803798956136]},"properties":{"kind":"state_label","name":"Vladimir","country":"Russia","labelrank":7}},{"type":"Feature","geometry":{"type":"Point","coordinates":[40.68571333145508,54.337329616568525]},"properties":{"kind":"state_label","name":"Ryazan'","country":"Russia","labelrank":6}},{"type":"Feature","geometry":{"type":"Point","coordinates":[41.624415724506036,57.058933518816815]},"properties":{"kind":"state_label","name":"Ivanovo","country":"Russia","labelrank":7}},{"type":"Feature","geometry":{"type":"Point","coordinates":[44.77507612501313,56.280130926850774]},"properties":{"kind":"state_label","name":"Nizhegorod","country":"Russia","labelrank":2}},{"type":"Feature","geometry":{"type":"Point","coordinates":[37.416145461244014,53.89999197070287]},"properties":{"kind":"state_label","name":"Tula","country":"Russia","labelrank":7}},{"type":"Feature","geometry":{"type":"Point","coordinates":[47.16624799999519,55.482711900883515]},"properties":{"kind":"state_label","name":"Chuvash","country":"Russia","labelrank":2}},{"type":"Feature","geometry":{"type":"Point","coordinates":[40.933295118724715,60.04233022695837]},"properties":{"kind":"state_label","name":"Vologda","country":"Russia","labelrank":6}},{"type":"Feature","geometry":{"type":"Point","coordinates":[32.94541059762096,58.18138438643027]},"properties":{"kind":"state_label","name":"Novgorod","country":"Russia","labelrank":6}},{"type":"Feature","geometry":{"type":"Point","coordinates":[34.54453779473343,57.2506401643121]},"properties":{"kind":"state_label","name":"Tver'","country":"Russia","labelrank":6}},{"type":"Feature","geometry":{"type":"Point","coordinates":[37.68889367070631,55.59912598357727]},"properties":{"kind":"state_label","name":"Moskovskaya","country":"Russia","labelrank":2}},{"type":"Feature","geometry":{"type":"Point","coordinates":[37.396444059945395,55.525230437984305]},"properties":{"kind":"state_label","name":"Moskva","country":"Russia","labelrank":9}},{"type":"Feature","geometry":{"type":"Point","coordinates":[47.91312747555253,56.57914368378397]},"properties":{"kind":"state_label","name":"Mariy-El","country":"Russia","labelrank":2}},{"type":"Feature","geometry":{"type":"Point","coordinates":[50.111236199590934,58.56606374839325]},"properties":{"kind":"state_label","name":"Kirov","country":"Russia","labelrank":6}},{"type":"Feature","geometry":{"type":"Point","coordinates":[52.75768964990738,57.20026856139498]},"properties":{"kind":"state_label","name":"Udmurt","country":"Russia","labelrank":2}},{"type":"Feature","geometry":{"type":"Point","coordinates":[55.81832970595113,63.81982575175701]},"properties":{"kind":"state_label","name":"Komi","country":"Russia","labelrank":2}},{"type":"Feature","geometry":{"type":"Point","coordinates":[55.62330284979666,58.89087596345493]},"properties":{"kind":"state_label","name":"Perm'","country":"Russia","labelrank":6}},{"type":"Feature","geometry":{"type":"Point","coordinates":[50.24182254417505,53.21787638673584]},"properties":{"kind":"state_label","name":"Samara","country":"Russia","labelrank":6}},{"type":"Feature","geometry":{"type":"Point","coordinates":[43.279095086269194,44.94676585600942]},"properties":{"kind":"state_label","name":"Stavropol'","country":"Russia","labelrank":7}},{"type":"Feature","geometry":{"type":"Point","coordinates":[39.713007846135184,44.472376207495955]},"properties":{"kind":"state_label","name":"Adygey","country":"Russia","labelrank":2}},{"type":"Feature","geometry":{"type":"Point","coordinates":[21.191451043281006,52.22833690077732]},"properties":{"kind":"state_label","name":"Masovian","country":"Poland","labelrank":5}},{"type":"Feature","geometry":{"type":"Point","coordinates":[19.364224073732004,51.569488226950085]},"properties":{"kind":"state_label","name":"\u0141\u00f3d\u017a","country":"Poland","labelrank":7}},{"type":"Feature","geometry":{"type":"Point","coordinates":[18.522673374226827,52.98721822788886]},"properties":{"kind":"state_label","name":"Kuyavian-Pomeranian","country":"Poland","labelrank":5}},{"type":"Feature","geometry":{"type":"Point","coordinates":[17.452144402692,52.33051412687544]},"properties":{"kind":"state_label","name":"Greater Poland","country":"Poland","labelrank":5}},{"type":"Feature","geometry":{"type":"Point","coordinates":[20.795144483730923,50.73217499443041]},"properties":{"kind":"state_label","name":"\u015awi\u0119tokrzyskie","country":"Poland","labelrank":5}},{"type":"Feature","geometry":{"type":"Point","coordinates":[5.359290805426326,7.674829006553409]},"properties":{"kind":"state_label","name":"Ekiti","country":"Nigeria","labelrank":7}},{"type":"Feature","geometry":{"type":"Point","coordinates":[7.4390604996423235,10.247346401765014]},"properties":{"kind":"state_label","name":"Kaduna","country":"Nigeria","labelrank":7}},{"type":"Feature","geometry":{"type":"Point","coordinates":[8.521423373889576,11.559656480312299]},"properties":{"kind":"state_label","name":"Kano","country":"Nigeria","labelrank":7}},{"type":"Feature","geometry":{"type":"Point","coordinates":[7.188894890886502,8.878063056165104]},"properties":{"kind":"state_label","name":"Federal Capital Territory","country":"Nigeria","labelrank":3}},{"type":"Feature","geometry":{"type":"Point","coordinates":[17.120433383893555,-22.865167331707]},"properties":{"kind":"state_label","name":"Khomas","country":"Namibia","labelrank":4}},{"type":"Feature","geometry":{"type":"Point","coordinates":[15.661969434891489,-18.504942518632333]},"properties":{"kind":"state_label","name":"Oshana","country":"Namibia","labelrank":4}},{"type":"Feature","geometry":{"type":"Point","coordinates":[17.017907341800367,-18.608889662677797]},"properties":{"kind":"state_label","name":"Oshikoto","country":"Namibia","labelrank":4}},{"type":"Feature","geometry":{"type":"Point","coordinates":[106.30610070208567,49.45539246244218]},"properties":{"kind":"state_label","name":"Darhan-Uul","country":"Mongolia","labelrank":4}},{"type":"Feature","geometry":{"type":"Point","coordinates":[106.553682489805,47.752847805781585]},"properties":{"kind":"state_label","name":"T\u00f6v","country":"Mongolia","labelrank":4}},{"type":"Feature","geometry":{"type":"Point","coordinates":[100.91950442943582,48.01814168993701]},"properties":{"kind":"state_label","name":"Arhangay","country":"Mongolia","labelrank":4}},{"type":"Feature","geometry":{"type":"Point","coordinates":[104.28555219917462,49.015328884220594]},"properties":{"kind":"state_label","name":"Orhon","country":"Mongolia","labelrank":4}},{"type":"Feature","geometry":{"type":"Point","coordinates":[106.11567304902195,45.4858027207689]},"properties":{"kind":"state_label","name":"Dundgovi","country":"Mongolia","labelrank":4}},{"type":"Feature","geometry":{"type":"Point","coordinates":[102.8570605814806,45.744339911607625]},"properties":{"kind":"state_label","name":"\u00d6v\u00f6rhangay","country":"Mongolia","labelrank":4}},{"type":"Feature","geometry":{"type":"Point","coordinates":[108.3457178082302,47.737267361149776]},"properties":{"kind":"state_label","name":"Gov\u012d-S\u00fcmber","country":"Mongolia","labelrank":4}},{"type":"Feature","geometry":{"type":"Point","coordinates":[-99.61003841888791,19.34907766395301]},"properties":{"kind":"state_label","name":"M\u00e9xico","country":"Mexico","labelrank":4}},{"type":"Feature","geometry":{"type":"Point","coordinates":[-97.88892900237155,19.358766994750994]},"properties":{"kind":"state_label","name":"Puebla","country":"Mexico","labelrank":7}},{"type":"Feature","geometry":{"type":"Point","coordinates":[-99.07854631166293,18.74619456682578]},"properties":{"kind":"state_label","name":"Morelos","country":"Mexico","labelrank":4}},{"type":"Feature","geometry":{"type":"Point","coordinates":[-99.80555619965887,20.79175446184894]},"properties":{"kind":"state_label","name":"Quer\u00e9taro","country":"Mexico","labelrank":4}},{"type":"Feature","geometry":{"type":"Point","coordinates":[-98.92214758973944,20.492186184694646]},"properties":{"kind":"state_label","name":"Hidalgo","country":"Mexico","labelrank":4}},{"type":"Feature","geometry":{"type":"Point","coordinates":[-100.90357703290371,20.889164536913825]},"properties":{"kind":"state_label","name":"Guanajuato","country":"Mexico","labelrank":7}},{"type":"Feature","geometry":{"type":"Point","coordinates":[-100.32368994853229,22.869612128147196]},"properties":{"kind":"state_label","name":"San Luis Potos\u00ed","country":"Mexico","labelrank":7}},{"type":"Feature","geometry":{"type":"Point","coordinates":[-102.57909491674698,23.10365469036165]},"properties":{"kind":"state_label","name":"Zacatecas","country":"Mexico","labelrank":6}},{"type":"Feature","geometry":{"type":"Point","coordinates":[-102.35089179152294,22.067464707879935]},"properties":{"kind":"state_label","name":"Aguascalientes","country":"Mexico","labelrank":9}},{"type":"Feature","geometry":{"type":"Point","coordinates":[-104.80826117591252,24.578848883868886]},"properties":{"kind":"state_label","name":"Durango","country":"Mexico","labelrank":6}},{"type":"Feature","geometry":{"type":"Point","coordinates":[106.96742841468955,47.94576467839718]},"properties":{"kind":"state_label","name":"Ulaanbaatar","country":"Mongolia","labelrank":9}},{"type":"Feature","geometry":{"type":"Point","coordinates":[-98.16095374232134,19.41865997962435]},"properties":{"kind":"state_label","name":"Tlaxcala","country":"Mexico","labelrank":7}},{"type":"Feature","geometry":{"type":"Point","coordinates":[-99.13694068066786,19.314428616087724]},"properties":{"kind":"state_label","name":"Distrito Federal","country":"Mexico","labelrank":4}},{"type":"Feature","geometry":{"type":"Point","coordinates":[-10.328395046344326,18.405788987921426]},"properties":{"kind":"state_label","name":"Tagant","country":"Mauritania","labelrank":4}},{"type":"Feature","geometry":{"type":"Point","coordinates":[13.03520470543279,32.49070445389742]},"properties":{"kind":"state_label","name":"Al Jifarah","country":"Libya","labelrank":4}},{"type":"Feature","geometry":{"type":"Point","coordinates":[13.286145460544532,30.372177435590146]},"properties":{"kind":"state_label","name":"Mizdah","country":"Libya","labelrank":7}},{"type":"Feature","geometry":{"type":"Point","coordinates":[16.79016930546905,27.93285604532022]},"properties":{"kind":"state_label","name":"Al Jufrah","country":"Libya","labelrank":4}},{"type":"Feature","geometry":{"type":"Point","coordinates":[15.106499464328778,26.99308136631197]},"properties":{"kind":"state_label","name":"Sabha","country":"Libya","labelrank":7}},{"type":"Feature","geometry":{"type":"Point","coordinates":[12.72495719706697,26.41998973288983]},"properties":{"kind":"state_label","name":"Wadi al Hayaa","country":"Libya","labelrank":4}},{"type":"Feature","geometry":{"type":"Point","coordinates":[69.85189171752873,51.837378852252215]},"properties":{"kind":"state_label","name":"Aqmola","country":"Kazakhstan","labelrank":4}},{"type":"Feature","geometry":{"type":"Point","coordinates":[70.19254275919096,48.60495341646697]},"properties":{"kind":"state_label","name":"Qaraghandy","country":"Kazakhstan","labelrank":4}},{"type":"Feature","geometry":{"type":"Point","coordinates":[44.38274865137913,33.304259447415546]},"properties":{"kind":"state_label","name":"Baghdad","country":"Iraq","labelrank":9}},{"type":"Feature","geometry":{"type":"Point","coordinates":[44.50937902757002,32.66214101809348]},"properties":{"kind":"state_label","name":"Babil","country":"Iraq","labelrank":5}},{"type":"Feature","geometry":{"type":"Point","coordinates":[45.10751061422343,31.82885854788367]},"properties":{"kind":"state_label","name":"Al-Q\u0101disiyyah","country":"Iraq","labelrank":5}},{"type":"Feature","geometry":{"type":"Point","coordinates":[46.42035037591907,31.256348273553954]},"properties":{"kind":"state_label","name":"Dhi-Qar","country":"Iraq","labelrank":5}},{"type":"Feature","geometry":{"type":"Point","coordinates":[43.76511193281942,32.49712525042992]},"properties":{"kind":"state_label","name":"Karbala'","country":"Iraq","labelrank":5}},{"type":"Feature","geometry":{"type":"Point","coordinates":[49.964010044527896,34.58785034866463]},"properties":{"kind":"state_label","name":"Markazi","country":"Iran","labelrank":4}},{"type":"Feature","geometry":{"type":"Point","coordinates":[52.41946740099971,32.657089647119506]},"properties":{"kind":"state_label","name":"Esfahan","country":"Iran","labelrank":6}},{"type":"Feature","geometry":{"type":"Point","coordinates":[50.529815301484945,31.874475918079128]},"properties":{"kind":"state_label","name":"Chahar Mahall and Bakhtiari","country":"Iran","labelrank":4}},{"type":"Feature","geometry":{"type":"Point","coordinates":[50.79470869280192,30.816362209698184]},"properties":{"kind":"state_label","name":"Kohgiluyeh and Buyer Ahmad","country":"Iran","labelrank":4}},{"type":"Feature","geometry":{"type":"Point","coordinates":[53.079323764729935,29.425956122077338]},"properties":{"kind":"state_label","name":"Fars","country":"Iran","labelrank":4}},{"type":"Feature","geometry":{"type":"Point","coordinates":[56.95670983284248,29.029714159031187]},"properties":{"kind":"state_label","name":"Kerman","country":"Iran","labelrank":6}},{"type":"Feature","geometry":{"type":"Point","coordinates":[48.57381066248206,34.872393704106145]},"properties":{"kind":"state_label","name":"Hamadan","country":"Iran","labelrank":7}},{"type":"Feature","geometry":{"type":"Point","coordinates":[48.41407881068852,33.47945547139287]},"properties":{"kind":"state_label","name":"Lorestan","country":"Iran","labelrank":4}},{"type":"Feature","geometry":{"type":"Point","coordinates":[55.52423912968206,32.49726736129966]},"properties":{"kind":"state_label","name":"Yazd","country":"Iran","labelrank":6}},{"type":"Feature","geometry":{"type":"Point","coordinates":[50.97795332218803,34.66210938134287]},"properties":{"kind":"state_label","name":"Qom","country":"Iran","labelrank":7}},{"type":"Feature","geometry":{"type":"Point","coordinates":[51.932055291368556,35.49588277886713]},"properties":{"kind":"state_label","name":"Tehran","country":"Iran","labelrank":7}},{"type":"Feature","geometry":{"type":"Point","coordinates":[50.79357181168973,35.94486054153077]},"properties":{"kind":"state_label","name":"Alborz","country":"Iran","labelrank":7}},{"type":"Feature","geometry":{"type":"Point","coordinates":[82.30694542838876,20.958152574281854]},"properties":{"kind":"state_label","name":"Chhattisgarh","country":"India","labelrank":2}},{"type":"Feature","geometry":{"type":"Point","coordinates":[76.02365970228342,29.302333177733942]},"properties":{"kind":"state_label","name":"Haryana","country":"India","labelrank":2}},{"type":"Feature","geometry":{"type":"Point","coordinates":[79.52200179989366,17.86047496134784]},"properties":{"kind":"state_label","name":"Telangana","country":"India","labelrank":2}},{"type":"Feature","geometry":{"type":"Point","coordinates":[27.570234816083882,63.146766058856514]},"properties":{"kind":"state_label","name":"Northern Savonia","country":"Finland","labelrank":5}},{"type":"Feature","geometry":{"type":"Point","coordinates":[27.96933190269516,61.90243632687495]},"properties":{"kind":"state_label","name":"Southern Savonia","country":"Finland","labelrank":5}},{"type":"Feature","geometry":{"type":"Point","coordinates":[25.393365105615118,62.526028753973776]},"properties":{"kind":"state_label","name":"Central Finland","country":"Finland","labelrank":5}},{"type":"Feature","geometry":{"type":"Point","coordinates":[23.05743533737092,62.73754039142588]},"properties":{"kind":"state_label","name":"Southern Ostrobothnia","country":"Finland","labelrank":5}},{"type":"Feature","geometry":{"type":"Point","coordinates":[23.772482130545853,61.717176317233225]},"properties":{"kind":"state_label","name":"Pirkanmaa","country":"Finland","labelrank":5}},{"type":"Feature","geometry":{"type":"Point","coordinates":[24.212920362734536,60.93759857891126]},"properties":{"kind":"state_label","name":"Tavastia Proper","country":"Finland","labelrank":5}},{"type":"Feature","geometry":{"type":"Point","coordinates":[25.687559034671693,61.243238837502304]},"properties":{"kind":"state_label","name":"P\u00e4ij\u00e4t-H\u00e4me","country":"Finland","labelrank":5}},{"type":"Feature","geometry":{"type":"Point","coordinates":[42.03638024260408,9.627164618452383]},"properties":{"kind":"state_label","name":"Dire Dawa","country":"Ethiopia","labelrank":9}},{"type":"Feature","geometry":{"type":"Point","coordinates":[38.78148847811076,8.9647373519972]},"properties":{"kind":"state_label","name":"Addis Ababa","country":"Ethiopia","labelrank":9}},{"type":"Feature","geometry":{"type":"Point","coordinates":[42.1676383812063,9.28674612078683]},"properties":{"kind":"state_label","name":"Harari People","country":"Ethiopia","labelrank":3}},{"type":"Feature","geometry":{"type":"Point","coordinates":[-89.57617499378094,44.89991863863423]},"properties":{"kind":"state_label","name":"Wisconsin","country":"United States of America","labelrank":6}},{"type":"Feature","geometry":{"type":"Point","coordinates":[-89.26887859227318,39.74504803314019]},"properties":{"kind":"state_label","name":"Illinois","country":"United States of America","labelrank":6}},{"type":"Feature","geometry":{"type":"Point","coordinates":[-85.77158817790206,37.8224284043973]},"properties":{"kind":"state_label","name":"Kentucky","country":"United States of America","labelrank":6}},{"type":"Feature","geometry":{"type":"Point","coordinates":[-92.142816204804,34.755387388617066]},"properties":{"kind":"state_label","name":"Arkansas","country":"United States of America","labelrank":6}},{"type":"Feature","geometry":{"type":"Point","coordinates":[-85.98576054101613,35.83667400954786]},"properties":{"kind":"state_label","name":"Tennessee","country":"United States of America","labelrank":6}},{"type":"Feature","geometry":{"type":"Point","coordinates":[-80.18602909556631,38.92577313107509]},"properties":{"kind":"state_label","name":"West Virginia","country":"United States of America","labelrank":6}},{"type":"Feature","geometry":{"type":"Point","coordinates":[-86.44790653680721,39.77082928359454]},"properties":{"kind":"state_label","name":"Indiana","country":"United States of America","labelrank":6}},{"type":"Feature","geometry":{"type":"Point","coordinates":[27.604445995736114,53.90303871956121]},"properties":{"kind":"state_label","name":"City of Minsk","country":"Belarus","labelrank":7}},{"type":"Feature","geometry":{"type":"Point","coordinates":[30.51601972912718,50.34115388409447]},"properties":{"kind":"state_label","name":"Kiev City","country":"Ukraine","labelrank":7}},{"type":"Feature","geometry":{"type":"Point","coordinates":[69.2499192766033,41.31136212721037]},"properties":{"kind":"state_label","name":"Tashkent","country":"Uzbekistan","labelrank":7}},{"type":"Feature","geometry":{"type":"Point","coordinates":[76.92109685073905,43.296747036946186]},"properties":{"kind":"state_label","name":"Almaty City","country":"Kazakhstan","labelrank":6}},{"type":"Feature","geometry":{"type":"Point","coordinates":[71.42565524909045,51.14029653450743]},"properties":{"kind":"state_label","name":"Astana","country":"Kazakhstan","labelrank":4}},{"type":"Feature","geometry":{"type":"Point","coordinates":[2.1253355171703845,13.49635589680716]},"properties":{"kind":"state_label","name":"Niamey","country":"Niger","labelrank":6}},{"type":"Feature","geometry":{"type":"Point","coordinates":[-8.000113606058079,12.62348016332885]},"properties":{"kind":"state_label","name":"Bamako","country":"Mali","labelrank":6}},{"type":"Feature","geometry":{"type":"Point","coordinates":[166.92614906527706,-0.529742884376617]},"properties":{"kind":"state_label","name":"Buada","country":"Nauru","labelrank":20}},{"type":"Feature","geometry":{"type":"Point","coordinates":[-23.613217153498823,15.072559059303131]},"properties":{"kind":"state_label","name":"S\u00e3o Salvador do Mundo","country":"Cape Verde","labelrank":20}},{"type":"Feature","geometry":{"type":"Point","coordinates":[-23.569235656400423,15.046607414300723]},"properties":{"kind":"state_label","name":"S\u00e3o Louren\u00e7o dos \u00d3rg\u00e3os","country":"Cape Verde","labelrank":20}},{"type":"Feature","geometry":{"type":"Point","coordinates":[-64.67475771109949,32.375373712526795]},"properties":{"kind":"state_label","name":"City of Saint George","country":"Bermuda","labelrank":20}},{"type":"Feature","geometry":{"type":"Point","coordinates":[14.452489107136557,37.58469480866847]},"properties":{"kind":"state_label","name":"Enna","country":"Italy","labelrank":3}},{"type":"Feature","geometry":{"type":"Point","coordinates":[14.750020856926994,41.22740979097907]},"properties":{"kind":"state_label","name":"Benevento","country":"Italy","labelrank":3}},{"type":"Feature","geometry":{"type":"Point","coordinates":[8.192786719881184,44.82719569477547]},"properties":{"kind":"state_label","name":"Asti","country":"Italy","labelrank":3}},{"type":"Feature","geometry":{"type":"Point","coordinates":[9.854567789072206,45.7575949005342]},"properties":{"kind":"state_label","name":"Bergamo","country":"Italy","labelrank":3}},{"type":"Feature","geometry":{"type":"Point","coordinates":[10.350798277018868,45.77884795297064]},"properties":{"kind":"state_label","name":"Brescia","country":"Italy","labelrank":3}},{"type":"Feature","geometry":{"type":"Point","coordinates":[10.01447380132484,45.21573258758883]},"properties":{"kind":"state_label","name":"Cremona","country":"Italy","labelrank":3}},{"type":"Feature","geometry":{"type":"Point","coordinates":[10.869660601305668,45.1686672657317]},"properties":{"kind":"state_label","name":"Mantova","country":"Italy","labelrank":3}},{"type":"Feature","geometry":{"type":"Point","coordinates":[9.119560437414265,45.4551083165955]},"properties":{"kind":"state_label","name":"Milano","country":"Italy","labelrank":3}},{"type":"Feature","geometry":{"type":"Point","coordinates":[9.392757468832116,45.906607967583625]},"properties":{"kind":"state_label","name":"Lecco","country":"Italy","labelrank":3}},{"type":"Feature","geometry":{"type":"Point","coordinates":[9.274720355360103,45.64088163902639]},"properties":{"kind":"state_label","name":"Monza e Brianza","country":"Italy","labelrank":3}},{"type":"Feature","geometry":{"type":"Point","coordinates":[9.605793365871108,45.269274569615675]},"properties":{"kind":"state_label","name":"Lodi","country":"Italy","labelrank":3}},{"type":"Feature","geometry":{"type":"Point","coordinates":[11.444728982806282,43.171852614456554]},"properties":{"kind":"state_label","name":"Siena","country":"Italy","labelrank":3}},{"type":"Feature","geometry":{"type":"Point","coordinates":[11.877568354695796,43.51969985756236]},"properties":{"kind":"state_label","name":"Arezzo","country":"Italy","labelrank":3}},{"type":"Feature","geometry":{"type":"Point","coordinates":[11.229243134662937,43.843578714386126]},"properties":{"kind":"state_label","name":"Firenze","country":"Italy","labelrank":3}},{"type":"Feature","geometry":{"type":"Point","coordinates":[8.203377540541027,45.55358976525545]},"properties":{"kind":"state_label","name":"Vercelli","country":"Italy","labelrank":3}},{"type":"Feature","geometry":{"type":"Point","coordinates":[9.022221566172334,45.043500024906194]},"properties":{"kind":"state_label","name":"Pavia","country":"Italy","labelrank":3}},{"type":"Feature","geometry":{"type":"Point","coordinates":[12.920061070262165,42.42145890895148]},"properties":{"kind":"state_label","name":"Rieti","country":"Italy","labelrank":3}},{"type":"Feature","geometry":{"type":"Point","coordinates":[8.571265738373114,45.58651029951071]},"properties":{"kind":"state_label","name":"Novara","country":"Italy","labelrank":3}},{"type":"Feature","geometry":{"type":"Point","coordinates":[8.65817858342487,44.84258204817297]},"properties":{"kind":"state_label","name":"Alessandria","country":"Italy","labelrank":3}},{"type":"Feature","geometry":{"type":"Point","coordinates":[11.215213592932969,46.10598236504407]},"properties":{"kind":"state_label","name":"Trento","country":"Italy","labelrank":3}},{"type":"Feature","geometry":{"type":"Point","coordinates":[11.480753154334593,45.62992826927419]},"properties":{"kind":"state_label","name":"Vicenza","country":"Italy","labelrank":3}},{"type":"Feature","geometry":{"type":"Point","coordinates":[11.063843958581828,45.443545206046394]},"properties":{"kind":"state_label","name":"Verona","country":"Italy","labelrank":3}},{"type":"Feature","geometry":{"type":"Point","coordinates":[12.207169197500434,45.80762114759784]},"properties":{"kind":"state_label","name":"Treviso","country":"Italy","labelrank":3}},{"type":"Feature","geometry":{"type":"Point","coordinates":[9.636653962510337,44.84476777666154]},"properties":{"kind":"state_label","name":"Piacenza","country":"Italy","labelrank":3}},{"type":"Feature","geometry":{"type":"Point","coordinates":[9.968784046496523,44.694184215429175]},"properties":{"kind":"state_label","name":"Parma","country":"Italy","labelrank":3}},{"type":"Feature","geometry":{"type":"Point","coordinates":[10.511746420510889,44.60748560327795]},"properties":{"kind":"state_label","name":"Reggio Emilia","country":"Italy","labelrank":3}},{"type":"Feature","geometry":{"type":"Point","coordinates":[10.919934040973203,44.537708747610594]},"properties":{"kind":"state_label","name":"Modena","country":"Italy","labelrank":3}},{"type":"Feature","geometry":{"type":"Point","coordinates":[11.316364720005822,44.43597802861311]},"properties":{"kind":"state_label","name":"Bologna","country":"Italy","labelrank":3}},{"type":"Feature","geometry":{"type":"Point","coordinates":[10.83662471146124,43.97901817260055]},"properties":{"kind":"state_label","name":"Pistoia","country":"Italy","labelrank":3}},{"type":"Feature","geometry":{"type":"Point","coordinates":[12.3954968414061,42.65347918141907]},"properties":{"kind":"state_label","name":"Terni","country":"Italy","labelrank":3}},{"type":"Feature","geometry":{"type":"Point","coordinates":[12.587065452208833,43.1145197696716]},"properties":{"kind":"state_label","name":"Perugia","country":"Italy","labelrank":3}},{"type":"Feature","geometry":{"type":"Point","coordinates":[13.50356695190328,41.62781126282948]},"properties":{"kind":"state_label","name":"Frosinone","country":"Italy","labelrank":3}},{"type":"Feature","geometry":{"type":"Point","coordinates":[15.074952509600621,41.00021801005309]},"properties":{"kind":"state_label","name":"Avellino","country":"Italy","labelrank":3}},{"type":"Feature","geometry":{"type":"Point","coordinates":[13.620702602043451,42.14533951345777]},"properties":{"kind":"state_label","name":"L'Aquila","country":"Italy","labelrank":3}},{"type":"Feature","geometry":{"type":"Point","coordinates":[12.65693850161054,46.10237469238811]},"properties":{"kind":"state_label","name":"Pordenone","country":"Italy","labelrank":3}},{"type":"Feature","geometry":{"type":"Point","coordinates":[14.232367028565506,41.64748854251221]},"properties":{"kind":"state_label","name":"Isernia","country":"Italy","labelrank":3}},{"type":"Feature","geometry":{"type":"Point","coordinates":[8.0854502904985,45.56760282780823]},"properties":{"kind":"state_label","name":"Biella","country":"Italy","labelrank":3}},{"type":"Feature","geometry":{"type":"Point","coordinates":[11.085662806893026,43.93204612482879]},"properties":{"kind":"state_label","name":"Prato","country":"Italy","labelrank":3}},{"type":"Feature","geometry":{"type":"Point","coordinates":[0.46221269456020764,43.69187399623789]},"properties":{"kind":"state_label","name":"Gers","country":"France","labelrank":3}},{"type":"Feature","geometry":{"type":"Point","coordinates":[1.2726411922872103,45.92176653214972]},"properties":{"kind":"state_label","name":"Haute-Vienne","country":"France","labelrank":3}},{"type":"Feature","geometry":{"type":"Point","coordinates":[1.8821846725345779,45.346871007540926]},"properties":{"kind":"state_label","name":"Corr\u00e8ze","country":"France","labelrank":3}},{"type":"Feature","geometry":{"type":"Point","coordinates":[1.3595901806423,44.08326195082833]},"properties":{"kind":"state_label","name":"Tarn-et-Garonne","country":"France","labelrank":3}},{"type":"Feature","geometry":{"type":"Point","coordinates":[2.241459588739019,43.78885031838746]},"properties":{"kind":"state_label","name":"Tarn","country":"France","labelrank":3}},{"type":"Feature","geometry":{"type":"Point","coordinates":[5.5625498033307395,45.29446622048965]},"properties":{"kind":"state_label","name":"Is\u00e8re","country":"France","labelrank":3}},{"type":"Feature","geometry":{"type":"Point","coordinates":[5.244078111315758,44.73285609178518]},"properties":{"kind":"state_label","name":"Dr\u00f4me","country":"France","labelrank":3}},{"type":"Feature","geometry":{"type":"Point","coordinates":[2.6407576994582485,44.31289269674053]},"properties":{"kind":"state_label","name":"Aveyron","country":"France","labelrank":3}},{"type":"Feature","geometry":{"type":"Point","coordinates":[1.6017915957055777,44.63276514579482]},"properties":{"kind":"state_label","name":"Lot","country":"France","labelrank":3}},{"type":"Feature","geometry":{"type":"Point","coordinates":[0.7145576749467182,47.224687241572894]},"properties":{"kind":"state_label","name":"Indre-et-Loire","country":"France","labelrank":3}},{"type":"Feature","geometry":{"type":"Point","coordinates":[1.5377153226040434,46.820077240672106]},"properties":{"kind":"state_label","name":"Indre","country":"France","labelrank":3}},{"type":"Feature","geometry":{"type":"Point","coordinates":[1.43030599327696,47.658493410292635]},"properties":{"kind":"state_label","name":"Loir-et-Cher","country":"France","labelrank":3}},{"type":"Feature","geometry":{"type":"Point","coordinates":[1.9914327237911493,46.06294891615951]},"properties":{"kind":"state_label","name":"Creuse","country":"France","labelrank":3}},{"type":"Feature","geometry":{"type":"Point","coordinates":[-0.6478459415369855,48.14816505981963]},"properties":{"kind":"state_label","name":"Mayenne","country":"France","labelrank":3}},{"type":"Feature","geometry":{"type":"Point","coordinates":[0.2342848293313864,48.027156144290615]},"properties":{"kind":"state_label","name":"Sarthe","country":"France","labelrank":3}},{"type":"Feature","geometry":{"type":"Point","coordinates":[5.205652054748498,44.04745201265024]},"properties":{"kind":"state_label","name":"Vaucluse","country":"France","labelrank":3}},{"type":"Feature","geometry":{"type":"Point","coordinates":[5.267544908820497,48.140793233371]},"properties":{"kind":"state_label","name":"Haute-Marne","country":"France","labelrank":3}},{"type":"Feature","geometry":{"type":"Point","coordinates":[4.214527291101575,48.966547659946514]},"properties":{"kind":"state_label","name":"Marne","country":"France","labelrank":3}},{"type":"Feature","geometry":{"type":"Point","coordinates":[0.7125416836018132,45.142435321382976]},"properties":{"kind":"state_label","name":"Dordogne","country":"France","labelrank":3}},{"type":"Feature","geometry":{"type":"Point","coordinates":[4.704770229112768,45.87182525123433]},"properties":{"kind":"state_label","name":"Rh\u00f4ne","country":"France","labelrank":3}},{"type":"Feature","geometry":{"type":"Point","coordinates":[6.315717556719875,48.17121987025081]},"properties":{"kind":"state_label","name":"Vosges","country":"France","labelrank":3}},{"type":"Feature","geometry":{"type":"Point","coordinates":[4.380519728802454,44.82371299415934]},"properties":{"kind":"state_label","name":"Ard\u00e8che","country":"France","labelrank":3}},{"type":"Feature","geometry":{"type":"Point","coordinates":[4.2222590329779734,45.75634768969411]},"properties":{"kind":"state_label","name":"Loire","country":"France","labelrank":3}},{"type":"Feature","geometry":{"type":"Point","coordinates":[3.1837130425728333,45.775639944877526]},"properties":{"kind":"state_label","name":"Puy-de-D\u00f4me","country":"France","labelrank":3}},{"type":"Feature","geometry":{"type":"Point","coordinates":[3.127671780728093,46.37512544153586]},"properties":{"kind":"state_label","name":"Allier","country":"France","labelrank":3}},{"type":"Feature","geometry":{"type":"Point","coordinates":[2.3169136927127454,47.912030407427324]},"properties":{"kind":"state_label","name":"Loiret","country":"France","labelrank":3}},{"type":"Feature","geometry":{"type":"Point","coordinates":[-0.54874376506271,47.3988150557702]},"properties":{"kind":"state_label","name":"Maine-et-Loire","country":"France","labelrank":3}},{"type":"Feature","geometry":{"type":"Point","coordinates":[4.125966496406676,48.31651406527189]},"properties":{"kind":"state_label","name":"Aube","country":"France","labelrank":3}},{"type":"Feature","geometry":{"type":"Point","coordinates":[2.3501121210775295,48.85852458424216]},"properties":{"kind":"state_label","name":"Paris","country":"France","labelrank":3}},{"type":"Feature","geometry":{"type":"Point","coordinates":[2.241789178577733,48.844116014242644]},"properties":{"kind":"state_label","name":"Hauts-de-Seine","country":"France","labelrank":3}},{"type":"Feature","geometry":{"type":"Point","coordinates":[2.4294906016099844,48.90862773548159]},"properties":{"kind":"state_label","name":"Seine-Saint-Denis","country":"France","labelrank":3}},{"type":"Feature","geometry":{"type":"Point","coordinates":[2.1016036265061473,49.056772883012115]},"properties":{"kind":"state_label","name":"Val-d'Oise","country":"France","labelrank":3}},{"type":"Feature","geometry":{"type":"Point","coordinates":[1.8349983918622854,48.763355513146394]},"properties":{"kind":"state_label","name":"Yvelines","country":"France","labelrank":3}},{"type":"Feature","geometry":{"type":"Point","coordinates":[0.23242264678771107,45.665243822694265]},"properties":{"kind":"state_label","name":"Charente","country":"France","labelrank":3}},{"type":"Feature","geometry":{"type":"Point","coordinates":[2.4249752207298627,47.02207737072408]},"properties":{"kind":"state_label","name":"Cher","country":"France","labelrank":3}},{"type":"Feature","geometry":{"type":"Point","coordinates":[1.3874263527439723,48.44524087716471]},"properties":{"kind":"state_label","name":"Eure-et-Loir","country":"France","labelrank":3}},{"type":"Feature","geometry":{"type":"Point","coordinates":[3.7908505170876765,45.08640163767541]},"properties":{"kind":"state_label","name":"Haute-Loire","country":"France","labelrank":3}},{"type":"Feature","geometry":{"type":"Point","coordinates":[2.7142232782816507,45.051190454625754]},"properties":{"kind":"state_label","name":"Cantal","country":"France","labelrank":3}},{"type":"Feature","geometry":{"type":"Point","coordinates":[0.46828535633412116,44.364829549893784]},"properties":{"kind":"state_label","name":"Lot-et-Garonne","country":"France","labelrank":3}},{"type":"Feature","geometry":{"type":"Point","coordinates":[3.487056559912304,44.53511865740012]},"properties":{"kind":"state_label","name":"Loz\u00e8re","country":"France","labelrank":3}},{"type":"Feature","geometry":{"type":"Point","coordinates":[3.5400106636612065,47.11436253050633]},"properties":{"kind":"state_label","name":"Ni\u00e8vre","country":"France","labelrank":3}},{"type":"Feature","geometry":{"type":"Point","coordinates":[4.793320037689568,47.462343500552095]},"properties":{"kind":"state_label","name":"C\u00f4te-d'Or","country":"France","labelrank":3}},{"type":"Feature","geometry":{"type":"Point","coordinates":[2.4242720956806636,49.41671247150333]},"properties":{"kind":"state_label","name":"Oise","country":"France","labelrank":3}},{"type":"Feature","geometry":{"type":"Point","coordinates":[0.058553011312397985,48.575714514663105]},"properties":{"kind":"state_label","name":"Orne","country":"France","labelrank":3}},{"type":"Feature","geometry":{"type":"Point","coordinates":[6.105451999660062,47.63457067989293]},"properties":{"kind":"state_label","name":"Haute-Sa\u00f4ne","country":"France","labelrank":3}},{"type":"Feature","geometry":{"type":"Point","coordinates":[4.541853963389684,46.66353853837282]},"properties":{"kind":"state_label","name":"Sa\u00f4ne-et-Loire","country":"France","labelrank":3}},{"type":"Feature","geometry":{"type":"Point","coordinates":[-0.3706498857835925,46.53517427557233]},"properties":{"kind":"state_label","name":"Deux-S\u00e8vres","country":"France","labelrank":3}},{"type":"Feature","geometry":{"type":"Point","coordinates":[0.5428193868552285,46.607052330200844]},"properties":{"kind":"state_label","name":"Vienne","country":"France","labelrank":3}},{"type":"Feature","geometry":{"type":"Point","coordinates":[3.586010421094045,47.862037119167695]},"properties":{"kind":"state_label","name":"Yonne","country":"France","labelrank":3}},{"type":"Feature","geometry":{"type":"Point","coordinates":[2.247666864184424,48.526407872275456]},"properties":{"kind":"state_label","name":"Essonne","country":"France","labelrank":3}},{"type":"Feature","geometry":{"type":"Point","coordinates":[2.964231577625185,48.613930458573776]},"properties":{"kind":"state_label","name":"Seien-et-Marne","country":"France","labelrank":3}},{"type":"Feature","geometry":{"type":"Point","coordinates":[2.4577474387932625,48.77436128234726]},"properties":{"kind":"state_label","name":"Val-de-Marne","country":"France","labelrank":3}},{"type":"Feature","geometry":{"type":"Point","coordinates":[68.775285010245,38.56377006478664]},"properties":{"kind":"state_label","name":"Dushanbe","country":"Tajikistan","labelrank":5}},{"type":"Feature","geometry":{"type":"Point","coordinates":[27.500909163327208,-21.16134776463764]},"properties":{"kind":"state_label","name":"Francistown","country":"Botswana","labelrank":4}},{"type":"Feature","geometry":{"type":"Point","coordinates":[25.68246890831344,-25.205388443971515]},"properties":{"kind":"state_label","name":"Lobatse","country":"Botswana","labelrank":4}},{"type":"Feature","geometry":{"type":"Point","coordinates":[27.84532349723159,-21.958854152547104]},"properties":{"kind":"state_label","name":"Selebi-Phikwe","country":"Botswana","labelrank":4}},{"type":"Feature","geometry":{"type":"Point","coordinates":[26.188216675059493,-20.57161460483016]},"properties":{"kind":"state_label","name":"Sowa","country":"Botswana","labelrank":4}},{"type":"Feature","geometry":{"type":"Point","coordinates":[-4.459706438601273,42.4070977008482]},"properties":{"kind":"state_label","name":"Palencia","country":"Spain","labelrank":3}},{"type":"Feature","geometry":{"type":"Point","coordinates":[-3.84021419068236,38.9628214343617]},"properties":{"kind":"state_label","name":"Ciudad Real","country":"Spain","labelrank":3}},{"type":"Feature","geometry":{"type":"Point","coordinates":[-4.791350738495794,37.95749190103038]},"properties":{"kind":"state_label","name":"C\u00f3rdoba","country":"Spain","labelrank":3}},{"type":"Feature","geometry":{"type":"Point","coordinates":[-2.5414155746690312,40.738735548506725]},"properties":{"kind":"state_label","name":"Guadalajara","country":"Spain","labelrank":3}},{"type":"Feature","geometry":{"type":"Point","coordinates":[-3.357290129286042,37.955781902662665]},"properties":{"kind":"state_label","name":"Ja\u00e9n","country":"Spain","labelrank":3}},{"type":"Feature","geometry":{"type":"Point","coordinates":[-3.817061224645812,40.5276428287535]},"properties":{"kind":"state_label","name":"Madrid","country":"Spain","labelrank":7}},{"type":"Feature","geometry":{"type":"Point","coordinates":[-3.9563223235663827,41.108307003365496]},"properties":{"kind":"state_label","name":"Segovia","country":"Spain","labelrank":3}},{"type":"Feature","geometry":{"type":"Point","coordinates":[-4.750684843031081,41.70345290018116]},"properties":{"kind":"state_label","name":"Valladolid","country":"Spain","labelrank":3}},{"type":"Feature","geometry":{"type":"Point","coordinates":[46.10333298567872,-22.684994956851767]},"properties":{"kind":"state_label","name":"Ihorombe","country":"Madagascar","labelrank":6}},{"type":"Feature","geometry":{"type":"Point","coordinates":[46.48332122214666,-21.510884770465793]},"properties":{"kind":"state_label","name":"Haute Matsiatra","country":"Madagascar","labelrank":6}},{"type":"Feature","geometry":{"type":"Point","coordinates":[46.81897222209034,-19.074284045672186]},"properties":{"kind":"state_label","name":"Itasy","country":"Madagascar","labelrank":6}}]}